source,register,label,fact_id,variant_key,n_input_tokens,mean_nll,perplexity,reference_model
medqa-native,native,1,medqa_test_990,medqa_test_990__native__correct,292,1.8704848289489744,6.491442875900454,gemma-2-2b-it
medqa-native,native,0,medqa_test_990,medqa_test_990__native__wrong,293,1.8523406982421875,6.374723376887092,gemma-2-2b-it
medqa-native,native,1,medqa_test_202,medqa_test_202__native__correct,161,2.492199659347534,12.087836019862582,gemma-2-2b-it
medqa-native,native,0,medqa_test_202,medqa_test_202__native__wrong,161,2.4268288612365723,11.322918541551584,gemma-2-2b-it
medqa-native,native,1,medqa_test_1258,medqa_test_1258__native__correct,220,2.0791633129119877,7.997774479473485,gemma-2-2b-it
medqa-native,native,0,medqa_test_1258,medqa_test_1258__native__wrong,219,2.119130373001098,8.323895654899884,gemma-2-2b-it
medqa-native,native,1,medqa_test_277,medqa_test_277__native__correct,151,2.192065477371216,8.95368766801205,gemma-2-2b-it
medqa-native,native,0,medqa_test_277,medqa_test_277__native__wrong,149,2.190415143966675,8.938923284588306,gemma-2-2b-it
medqa-native,native,1,medqa_test_427,medqa_test_427__native__correct,88,2.640946626663208,14.026475160517466,gemma-2-2b-it
medqa-native,native,0,medqa_test_427,medqa_test_427__native__wrong,86,2.709137201309204,15.016313868087574,gemma-2-2b-it
medqa-native,native,1,medqa_test_15,medqa_test_15__native__correct,182,1.88785457611084,6.605182552414614,gemma-2-2b-it
medqa-native,native,0,medqa_test_15,medqa_test_15__native__wrong,184,1.872433423995972,6.504104401422917,gemma-2-2b-it
medqa-native,native,1,medqa_test_1202,medqa_test_1202__native__correct,192,2.095945119857788,8.133124116001772,gemma-2-2b-it
medqa-native,native,0,medqa_test_1202,medqa_test_1202__native__wrong,193,2.1110339164733887,8.256773687303081,gemma-2-2b-it
medqa-native,native,1,medqa_test_1027,medqa_test_1027__native__correct,140,1.8678065538406368,6.474080267328638,gemma-2-2b-it
medqa-native,native,0,medqa_test_1027,medqa_test_1027__native__wrong,140,1.8681869506835935,6.476543455488175,gemma-2-2b-it
medqa-native,native,1,medqa_test_827,medqa_test_827__native__correct,185,2.4280121326446533,11.336324557231178,gemma-2-2b-it
medqa-native,native,0,medqa_test_827,medqa_test_827__native__wrong,178,2.527702808380127,12.524701425209026,gemma-2-2b-it
medqa-native,native,1,medqa_test_503,medqa_test_503__native__correct,88,2.520092010498047,12.429740277558022,gemma-2-2b-it
medqa-native,native,0,medqa_test_503,medqa_test_503__native__wrong,90,2.4898152351379395,12.05904782628762,gemma-2-2b-it
medqa-native,native,1,medqa_test_325,medqa_test_325__native__correct,133,1.8074551820755005,6.0949172252341866,gemma-2-2b-it
medqa-native,native,0,medqa_test_325,medqa_test_325__native__wrong,130,2.0013208389282227,7.398822300238518,gemma-2-2b-it
medqa-native,native,1,medqa_test_681,medqa_test_681__native__correct,254,1.825344204902649,6.204930419047049,gemma-2-2b-it
medqa-native,native,0,medqa_test_681,medqa_test_681__native__wrong,254,1.8383731842041016,6.286303280595323,gemma-2-2b-it
medqa-native,native,1,medqa_test_932,medqa_test_932__native__correct,189,2.26903772354126,9.670091034543972,gemma-2-2b-it
medqa-native,native,0,medqa_test_932,medqa_test_932__native__wrong,187,2.2166547775268555,9.176581755734029,gemma-2-2b-it
medqa-native,native,1,medqa_test_387,medqa_test_387__native__correct,204,2.289059638977051,9.865656039404792,gemma-2-2b-it
medqa-native,native,0,medqa_test_387,medqa_test_387__native__wrong,206,2.279048204421997,9.767379435362766,gemma-2-2b-it
medqa-native,native,1,medqa_test_235,medqa_test_235__native__correct,130,2.049298048019409,7.762450326056979,gemma-2-2b-it
medqa-native,native,0,medqa_test_235,medqa_test_235__native__wrong,130,2.007588148117065,7.445338621049758,gemma-2-2b-it
medqa-native,native,1,medqa_test_66,medqa_test_66__native__correct,174,1.7885634899139404,5.980854734348068,gemma-2-2b-it
medqa-native,native,0,medqa_test_66,medqa_test_66__native__wrong,175,1.786970853805542,5.971336990302284,gemma-2-2b-it
medqa-native,native,1,medqa_test_347,medqa_test_347__native__correct,187,1.7355997562408447,5.672328798416134,gemma-2-2b-it
medqa-native,native,0,medqa_test_347,medqa_test_347__native__wrong,190,1.7764296531677246,5.908722524627002,gemma-2-2b-it
medqa-native,native,1,medqa_test_442,medqa_test_442__native__correct,148,2.495071649551392,12.1226020664733,gemma-2-2b-it
medqa-native,native,0,medqa_test_442,medqa_test_442__native__wrong,148,2.5077404975891118,12.277158428223252,gemma-2-2b-it
medqa-native,native,1,medqa_test_1121,medqa_test_1121__native__correct,213,1.958559274673462,7.089106249314542,gemma-2-2b-it
medqa-native,native,0,medqa_test_1121,medqa_test_1121__native__wrong,211,2.0394365787506104,7.686277366673347,gemma-2-2b-it
medqa-native,native,1,medqa_test_376,medqa_test_376__native__correct,229,1.9044946432113647,6.716012787249782,gemma-2-2b-it
medqa-native,native,0,medqa_test_376,medqa_test_376__native__wrong,228,1.929327368736267,6.884877699771883,gemma-2-2b-it
medqa-native,native,1,medqa_test_35,medqa_test_35__native__correct,123,2.680556535720825,14.593212680445715,gemma-2-2b-it
medqa-native,native,0,medqa_test_35,medqa_test_35__native__wrong,122,2.7692630290985107,15.94687729361227,gemma-2-2b-it
medqa-native,native,1,medqa_test_332,medqa_test_332__native__correct,193,2.0179755687713623,7.523079550076617,gemma-2-2b-it
medqa-native,native,0,medqa_test_332,medqa_test_332__native__wrong,196,2.0419771671295166,7.705829860530562,gemma-2-2b-it
medqa-native,native,1,medqa_test_400,medqa_test_400__native__correct,215,1.999693512916565,7.386791795685125,gemma-2-2b-it
medqa-native,native,0,medqa_test_400,medqa_test_400__native__wrong,214,2.007648706436157,7.445789511894176,gemma-2-2b-it
medqa-native,native,1,medqa_test_1145,medqa_test_1145__native__correct,111,2.1923868656158447,8.956565740439178,gemma-2-2b-it
medqa-native,native,0,medqa_test_1145,medqa_test_1145__native__wrong,109,2.3134539127349854,10.109280999361411,gemma-2-2b-it
medqa-native,native,1,medqa_test_975,medqa_test_975__native__correct,125,2.279681921005249,9.773571147373946,gemma-2-2b-it
medqa-native,native,0,medqa_test_975,medqa_test_975__native__wrong,126,2.2739202976226807,9.717421423431428,gemma-2-2b-it
medqa-native,native,1,medqa_test_950,medqa_test_950__native__correct,71,2.818922519683838,16.758783680935075,gemma-2-2b-it
medqa-native,native,0,medqa_test_950,medqa_test_950__native__wrong,71,2.897868633270264,18.135450851413623,gemma-2-2b-it
medqa-native,native,1,medqa_test_825,medqa_test_825__native__correct,202,2.069255113601685,7.918922222920976,gemma-2-2b-it
medqa-native,native,0,medqa_test_825,medqa_test_825__native__wrong,207,2.1136040687561035,8.278022147235548,gemma-2-2b-it
medqa-native,native,1,medqa_test_1030,medqa_test_1030__native__correct,219,2.181771039962769,8.861987302406739,gemma-2-2b-it
medqa-native,native,0,medqa_test_1030,medqa_test_1030__native__wrong,219,2.147866725921631,8.56656406164652,gemma-2-2b-it
medqa-native,native,1,medqa_test_845,medqa_test_845__native__correct,110,2.733123540878296,15.380854794949435,gemma-2-2b-it
medqa-native,native,0,medqa_test_845,medqa_test_845__native__wrong,110,2.782258987426758,16.155474772544345,gemma-2-2b-it
medqa-native,native,1,medqa_test_802,medqa_test_802__native__correct,245,2.2562472820281982,9.547193930298096,gemma-2-2b-it
medqa-native,native,0,medqa_test_802,medqa_test_802__native__wrong,245,2.267005205154419,9.65045635739445,gemma-2-2b-it
medqa-native,native,1,medqa_test_650,medqa_test_650__native__correct,193,1.938850998878479,6.950759949692786,gemma-2-2b-it
medqa-native,native,0,medqa_test_650,medqa_test_650__native__wrong,194,2.0036089420318604,7.415770951243005,gemma-2-2b-it
medqa-native,native,1,medqa_test_540,medqa_test_540__native__correct,176,2.0944180488586426,8.120713736209005,gemma-2-2b-it
medqa-native,native,0,medqa_test_540,medqa_test_540__native__wrong,175,2.08107852935791,8.013106626190531,gemma-2-2b-it
medqa-native,native,1,medqa_test_796,medqa_test_796__native__correct,134,2.782076358795166,16.152524589696046,gemma-2-2b-it
medqa-native,native,0,medqa_test_796,medqa_test_796__native__wrong,132,2.810343027114868,16.615616848447853,gemma-2-2b-it
medqa-native,native,1,medqa_test_715,medqa_test_715__native__correct,137,2.179864883422852,8.84511105684641,gemma-2-2b-it
medqa-native,native,0,medqa_test_715,medqa_test_715__native__wrong,135,2.2217724323272705,9.223664707795448,gemma-2-2b-it
medqa-native,native,1,medqa_test_2,medqa_test_2__native__correct,277,1.9490166902542116,7.021779600489884,gemma-2-2b-it
medqa-native,native,0,medqa_test_2,medqa_test_2__native__wrong,278,1.9368751049041748,6.937039544488222,gemma-2-2b-it
medqa-native,native,1,medqa_test_395,medqa_test_395__native__correct,214,1.858249545097351,6.412502145625829,gemma-2-2b-it
medqa-native,native,0,medqa_test_395,medqa_test_395__native__wrong,212,1.8444582223892207,6.324672296170511,gemma-2-2b-it
medqa-native,native,1,medqa_test_464,medqa_test_464__native__correct,286,1.9473528861999512,7.01010644873392,gemma-2-2b-it
medqa-native,native,0,medqa_test_464,medqa_test_464__native__wrong,286,1.9697082042694087,7.1685844208048985,gemma-2-2b-it
medqa-native,native,1,medqa_test_331,medqa_test_331__native__correct,224,2.235286235809326,9.349157532913498,gemma-2-2b-it
medqa-native,native,0,medqa_test_331,medqa_test_331__native__wrong,224,2.2408666610717773,9.40147565069544,gemma-2-2b-it
medqa-native,native,1,medqa_test_959,medqa_test_959__native__correct,161,1.8944885730743408,6.64914698211816,gemma-2-2b-it
medqa-native,native,0,medqa_test_959,medqa_test_959__native__wrong,162,1.9200234413146973,6.821118363398822,gemma-2-2b-it
medqa-native,native,1,medqa_test_761,medqa_test_761__native__correct,309,1.6300114393234253,5.103933103744296,gemma-2-2b-it
medqa-native,native,0,medqa_test_761,medqa_test_761__native__wrong,313,1.6921255588531494,5.4310123816103095,gemma-2-2b-it
medqa-native,native,1,medqa_test_454,medqa_test_454__native__correct,173,2.0754880905151367,7.968434827479476,gemma-2-2b-it
medqa-native,native,0,medqa_test_454,medqa_test_454__native__wrong,173,2.057063102722168,7.82296080701857,gemma-2-2b-it
medqa-native,native,1,medqa_test_107,medqa_test_107__native__correct,128,2.4214324951171875,11.26198049743986,gemma-2-2b-it
medqa-native,native,0,medqa_test_107,medqa_test_107__native__wrong,128,2.440767765045166,11.481852724771926,gemma-2-2b-it
medqa-native,native,1,medqa_test_920,medqa_test_920__native__correct,174,2.194429874420166,8.97488278767666,gemma-2-2b-it
medqa-native,native,0,medqa_test_920,medqa_test_920__native__wrong,174,2.188827514648437,8.924742847525595,gemma-2-2b-it
medqa-native,native,1,medqa_test_528,medqa_test_528__native__correct,265,2.112531900405884,8.269151470166234,gemma-2-2b-it
medqa-native,native,0,medqa_test_528,medqa_test_528__native__wrong,266,2.140597343444824,8.50451622892164,gemma-2-2b-it
medqa-native,native,1,medqa_test_1166,medqa_test_1166__native__correct,194,2.372110605239868,10.719994099683738,gemma-2-2b-it
medqa-native,native,0,medqa_test_1166,medqa_test_1166__native__wrong,195,2.373210191726685,10.731788143431729,gemma-2-2b-it
medqa-native,native,1,medqa_test_187,medqa_test_187__native__correct,82,2.562039375305176,12.962225220590716,gemma-2-2b-it
medqa-native,native,0,medqa_test_187,medqa_test_187__native__wrong,83,2.5952932834625244,13.40051693514654,gemma-2-2b-it
medqa-native,native,1,medqa_test_823,medqa_test_823__native__correct,150,2.238964796066284,9.383612305375502,gemma-2-2b-it
medqa-native,native,0,medqa_test_823,medqa_test_823__native__wrong,151,2.238463878631592,9.378913067434716,gemma-2-2b-it
medqa-native,native,1,medqa_test_997,medqa_test_997__native__correct,169,1.7690927982330322,5.8655297280094665,gemma-2-2b-it
medqa-native,native,0,medqa_test_997,medqa_test_997__native__wrong,170,1.7744636535644531,5.897117390070681,gemma-2-2b-it
medqa-native,native,1,medqa_test_371,medqa_test_371__native__correct,249,1.76813542842865,5.859916934149547,gemma-2-2b-it
medqa-native,native,0,medqa_test_371,medqa_test_371__native__wrong,248,1.7458375692367554,5.730699323334235,gemma-2-2b-it
medqa-native,native,1,medqa_test_1142,medqa_test_1142__native__correct,217,1.999860763549805,7.388027344610853,gemma-2-2b-it
medqa-native,native,0,medqa_test_1142,medqa_test_1142__native__wrong,217,2.0125572681427,7.482427475456886,gemma-2-2b-it
medqa-native,native,1,medqa_test_586,medqa_test_586__native__correct,87,2.4401791095733643,11.4750958582674,gemma-2-2b-it
medqa-native,native,0,medqa_test_586,medqa_test_586__native__wrong,88,2.394599676132202,10.963808106370688,gemma-2-2b-it
medqa-native,native,1,medqa_test_195,medqa_test_195__native__correct,147,1.7845004796981812,5.956603759803452,gemma-2-2b-it
medqa-native,native,0,medqa_test_195,medqa_test_195__native__wrong,147,1.8370789289474487,6.278172462341623,gemma-2-2b-it
medqa-native,native,1,medqa_test_1155,medqa_test_1155__native__correct,83,2.955111503601074,19.203863900435707,gemma-2-2b-it
medqa-native,native,0,medqa_test_1155,medqa_test_1155__native__wrong,81,3.023370742797852,20.560479099037853,gemma-2-2b-it
medqa-native,native,1,medqa_test_536,medqa_test_536__native__correct,291,1.6178617477416992,5.0422970782285335,gemma-2-2b-it
medqa-native,native,0,medqa_test_536,medqa_test_536__native__wrong,290,1.6162354946136477,5.034103690899138,gemma-2-2b-it
medqa-native,native,1,medqa_test_510,medqa_test_510__native__correct,159,2.120678663253784,8.336793443590441,gemma-2-2b-it
medqa-native,native,0,medqa_test_510,medqa_test_510__native__wrong,157,2.241762161254883,9.409898444605975,gemma-2-2b-it
medqa-native,native,1,medqa_test_976,medqa_test_976__native__correct,173,2.0033986568450928,7.41421168841418,gemma-2-2b-it
medqa-native,native,0,medqa_test_976,medqa_test_976__native__wrong,166,2.062670946121216,7.866953984274504,gemma-2-2b-it
medqa-native,native,1,medqa_test_1050,medqa_test_1050__native__correct,166,1.8554308414459229,6.394452652449726,gemma-2-2b-it
medqa-native,native,0,medqa_test_1050,medqa_test_1050__native__wrong,155,1.8205326795578003,6.175146948493677,gemma-2-2b-it
medqa-native,native,1,medqa_test_742,medqa_test_742__native__correct,167,1.7753385305404663,5.902278899813896,gemma-2-2b-it
medqa-native,native,0,medqa_test_742,medqa_test_742__native__wrong,168,1.6929501295089722,5.435492481877362,gemma-2-2b-it
medqa-native,native,1,medqa_test_1263,medqa_test_1263__native__correct,242,2.116063117980957,8.298403259989536,gemma-2-2b-it
medqa-native,native,0,medqa_test_1263,medqa_test_1263__native__wrong,242,2.118071794509888,8.31508882018183,gemma-2-2b-it
medqa-native,native,1,medqa_test_631,medqa_test_631__native__correct,293,2.012014389038086,7.47836652433116,gemma-2-2b-it
medqa-native,native,0,medqa_test_631,medqa_test_631__native__wrong,291,2.0080244541168213,7.448587775721632,gemma-2-2b-it
medqa-native,native,1,medqa_test_1157,medqa_test_1157__native__correct,161,1.457370042800903,4.294649917499588,gemma-2-2b-it
medqa-native,native,0,medqa_test_1157,medqa_test_1157__native__wrong,154,1.5283513069152832,4.610569139199375,gemma-2-2b-it
medqa-native,native,1,medqa_test_473,medqa_test_473__native__correct,173,1.7889379262924194,5.983094603253037,gemma-2-2b-it
medqa-native,native,0,medqa_test_473,medqa_test_473__native__wrong,173,1.81747841835022,6.15631520988148,gemma-2-2b-it
medqa-native,native,1,medqa_test_812,medqa_test_812__native__correct,205,1.528879165649414,4.613003510834456,gemma-2-2b-it
medqa-native,native,0,medqa_test_812,medqa_test_812__native__wrong,203,1.546421766281128,4.694641567432822,gemma-2-2b-it
medqa-native,native,1,medqa_test_299,medqa_test_299__native__correct,72,2.319901704788208,10.174674135169104,gemma-2-2b-it
medqa-native,native,0,medqa_test_299,medqa_test_299__native__wrong,71,2.319584369659424,10.171445865890798,gemma-2-2b-it
medqa-native,native,1,medqa_test_717,medqa_test_717__native__correct,354,1.5843769311904907,4.87625219115202,gemma-2-2b-it
medqa-native,native,0,medqa_test_717,medqa_test_717__native__wrong,354,1.599890112876892,4.952488179814621,gemma-2-2b-it
medqa-native,native,1,medqa_test_850,medqa_test_850__native__correct,142,2.432122707366944,11.383019271706956,gemma-2-2b-it
medqa-native,native,0,medqa_test_850,medqa_test_850__native__wrong,140,2.46724796295166,11.789955768747037,gemma-2-2b-it
medqa-native,native,1,medqa_test_49,medqa_test_49__native__correct,146,2.4120121002197266,11.15638634403982,gemma-2-2b-it
medqa-native,native,0,medqa_test_49,medqa_test_49__native__wrong,145,2.4697048664093018,11.818958165295784,gemma-2-2b-it
medqa-native,native,1,medqa_test_793,medqa_test_793__native__correct,160,2.6250345706939697,13.805051428025909,gemma-2-2b-it
medqa-native,native,0,medqa_test_793,medqa_test_793__native__wrong,161,2.5929994583129883,13.36981371975016,gemma-2-2b-it
medqa-native,native,1,medqa_test_100,medqa_test_100__native__correct,261,1.8814473152160645,6.562996716692576,gemma-2-2b-it
medqa-native,native,0,medqa_test_100,medqa_test_100__native__wrong,261,1.8721121549606323,6.502015169696826,gemma-2-2b-it
medqa-native,native,1,medqa_test_662,medqa_test_662__native__correct,220,1.573653221130371,4.824240056440027,gemma-2-2b-it
medqa-native,native,0,medqa_test_662,medqa_test_662__native__wrong,215,1.5813347101211548,4.861440096254252,gemma-2-2b-it
medqa-native,native,1,medqa_test_665,medqa_test_665__native__correct,136,2.2176334857940674,9.185567348582865,gemma-2-2b-it
medqa-native,native,0,medqa_test_665,medqa_test_665__native__wrong,132,2.253271102905273,9.518822011938134,gemma-2-2b-it
medqa-native,native,1,medqa_test_1254,medqa_test_1254__native__correct,170,1.878717064857483,6.545102531471931,gemma-2-2b-it
medqa-native,native,0,medqa_test_1254,medqa_test_1254__native__wrong,173,1.9053300619125368,6.721625814216954,gemma-2-2b-it
medqa-native,native,1,medqa_test_1150,medqa_test_1150__native__correct,182,1.9654022455215452,7.137783154091488,gemma-2-2b-it
medqa-native,native,0,medqa_test_1150,medqa_test_1150__native__wrong,184,1.886539340019226,6.596500888400398,gemma-2-2b-it
medqa-native,native,1,medqa_test_44,medqa_test_44__native__correct,245,2.217601776123047,9.185276081882112,gemma-2-2b-it
medqa-native,native,0,medqa_test_44,medqa_test_44__native__wrong,241,2.170161247253418,8.759696403853834,gemma-2-2b-it
medqa-native,native,1,medqa_test_289,medqa_test_289__native__correct,120,2.2903172969818115,9.878071466238977,gemma-2-2b-it
medqa-native,native,0,medqa_test_289,medqa_test_289__native__wrong,120,2.414640188217163,11.18574487058307,gemma-2-2b-it
medqa-native,native,1,medqa_test_1201,medqa_test_1201__native__correct,109,1.4528248310089111,4.275174118397079,gemma-2-2b-it
medqa-native,native,0,medqa_test_1201,medqa_test_1201__native__wrong,113,1.517952799797058,4.562874509423368,gemma-2-2b-it
medqa-native,native,1,medqa_test_861,medqa_test_861__native__correct,131,2.0653955936431885,7.888417888461437,gemma-2-2b-it
medqa-native,native,0,medqa_test_861,medqa_test_861__native__wrong,132,2.0598981380462646,7.845170645207572,gemma-2-2b-it
medqa-native,native,1,medqa_test_898,medqa_test_898__native__correct,241,1.9884291887283323,7.304051460043377,gemma-2-2b-it
medqa-native,native,0,medqa_test_898,medqa_test_898__native__wrong,241,1.988838791847229,7.307043835103233,gemma-2-2b-it
medqa-native,native,1,medqa_test_328,medqa_test_328__native__correct,202,1.7356288433074951,5.672493792221538,gemma-2-2b-it
medqa-native,native,0,medqa_test_328,medqa_test_328__native__wrong,203,1.6724088191986084,5.32497927302695,gemma-2-2b-it
medqa-native,native,1,medqa_test_1071,medqa_test_1071__native__correct,385,1.55201256275177,4.720961860080818,gemma-2-2b-it
medqa-native,native,0,medqa_test_1071,medqa_test_1071__native__wrong,381,1.5931611061096191,4.919274725441475,gemma-2-2b-it
medqa-native,native,1,medqa_test_1032,medqa_test_1032__native__correct,321,1.9735714197158811,7.196331769351998,gemma-2-2b-it
medqa-native,native,0,medqa_test_1032,medqa_test_1032__native__wrong,317,1.9711053371429443,7.17860688548305,gemma-2-2b-it
medqa-native,native,1,medqa_test_892,medqa_test_892__native__correct,197,1.814201593399048,6.1361750584911325,gemma-2-2b-it
medqa-native,native,0,medqa_test_892,medqa_test_892__native__wrong,199,1.7528079748153689,5.770784163364687,gemma-2-2b-it
medqa-native,native,1,medqa_test_623,medqa_test_623__native__correct,103,2.0620248317718506,7.861872674149933,gemma-2-2b-it
medqa-native,native,0,medqa_test_623,medqa_test_623__native__wrong,101,2.20768141746521,9.094605335541353,gemma-2-2b-it
medqa-native,native,1,medqa_test_1173,medqa_test_1173__native__correct,308,1.497655749320984,4.4711951726609405,gemma-2-2b-it
medqa-native,native,0,medqa_test_1173,medqa_test_1173__native__wrong,303,1.492023468017578,4.446082929679818,gemma-2-2b-it
medqa-native,native,1,medqa_test_246,medqa_test_246__native__correct,189,1.799367904663086,6.045824718757848,gemma-2-2b-it
medqa-native,native,0,medqa_test_246,medqa_test_246__native__wrong,197,1.7600935697555542,5.812981288194365,gemma-2-2b-it
medqa-native,native,1,medqa_test_272,medqa_test_272__native__correct,105,2.2851874828338623,9.827528544211596,gemma-2-2b-it
medqa-native,native,0,medqa_test_272,medqa_test_272__native__wrong,104,2.447927713394165,11.56435720868904,gemma-2-2b-it
medqa-native,native,1,medqa_test_581,medqa_test_581__native__correct,210,2.032625675201416,7.634104745904139,gemma-2-2b-it
medqa-native,native,0,medqa_test_581,medqa_test_581__native__wrong,213,2.053808689117432,7.797543039337097,gemma-2-2b-it
medqa-native,native,1,medqa_test_489,medqa_test_489__native__correct,119,1.93707811832428,6.938447999574357,gemma-2-2b-it
medqa-native,native,0,medqa_test_489,medqa_test_489__native__wrong,117,1.9811275005340576,7.250913787171039,gemma-2-2b-it
medqa-native,native,1,medqa_test_1185,medqa_test_1185__native__correct,204,1.9866108894348145,7.290782575491277,gemma-2-2b-it
medqa-native,native,0,medqa_test_1185,medqa_test_1185__native__wrong,202,1.980432748794556,7.245877951734696,gemma-2-2b-it
medqa-native,native,1,medqa_test_1138,medqa_test_1138__native__correct,164,2.3981869220733643,11.003208609896562,gemma-2-2b-it
medqa-native,native,0,medqa_test_1138,medqa_test_1138__native__wrong,165,2.3519389629364014,10.505920579191256,gemma-2-2b-it
medqa-native,native,1,medqa_test_214,medqa_test_214__native__correct,139,1.884562373161316,6.583472707150407,gemma-2-2b-it
medqa-native,native,0,medqa_test_214,medqa_test_214__native__wrong,139,1.8789602518081665,6.546694408552493,gemma-2-2b-it
medqa-native,native,1,medqa_test_848,medqa_test_848__native__correct,198,2.02221941947937,7.555074218831064,gemma-2-2b-it
medqa-native,native,0,medqa_test_848,medqa_test_848__native__wrong,198,2.0463979244232178,7.73997087305385,gemma-2-2b-it
medqa-native,native,1,medqa_test_455,medqa_test_455__native__correct,145,2.056082248687744,7.815291386255895,gemma-2-2b-it
medqa-native,native,0,medqa_test_455,medqa_test_455__native__wrong,145,2.067305326461792,7.903497052994675,gemma-2-2b-it
medqa-native,native,1,medqa_test_835,medqa_test_835__native__correct,111,2.2750816345214844,9.728713178988771,gemma-2-2b-it
medqa-native,native,0,medqa_test_835,medqa_test_835__native__wrong,111,2.2807137966156006,9.783661462146494,gemma-2-2b-it
medqa-native,native,1,medqa_test_78,medqa_test_78__native__correct,112,2.615550756454468,13.674745758765749,gemma-2-2b-it
medqa-native,native,0,medqa_test_78,medqa_test_78__native__wrong,114,2.5435545444488525,12.724821622356338,gemma-2-2b-it
medqa-native,native,1,medqa_test_860,medqa_test_860__native__correct,162,1.9934470653533936,7.340794397801128,gemma-2-2b-it
medqa-native,native,0,medqa_test_860,medqa_test_860__native__wrong,162,1.996147871017456,7.360647254175091,gemma-2-2b-it
medqa-native,native,1,medqa_test_22,medqa_test_22__native__correct,204,2.2030365467071533,9.05246002469631,gemma-2-2b-it
medqa-native,native,0,medqa_test_22,medqa_test_22__native__wrong,204,2.2385401725769043,9.379628649012297,gemma-2-2b-it
medqa-native,native,1,medqa_test_603,medqa_test_603__native__correct,149,1.7171036005020142,5.568376840904055,gemma-2-2b-it
medqa-native,native,0,medqa_test_603,medqa_test_603__native__wrong,150,1.795714259147644,6.0237757225230135,gemma-2-2b-it
medqa-native,native,1,medqa_test_356,medqa_test_356__native__correct,134,2.553067684173584,12.846452255732594,gemma-2-2b-it
medqa-native,native,0,medqa_test_356,medqa_test_356__native__wrong,133,2.6572601795196533,14.257173442418996,gemma-2-2b-it
medqa-native,native,1,medqa_test_1236,medqa_test_1236__native__correct,305,1.947423338890076,7.010600346989318,gemma-2-2b-it
medqa-native,native,0,medqa_test_1236,medqa_test_1236__native__wrong,302,1.946372509002685,7.003237267965457,gemma-2-2b-it
medqa-native,native,1,medqa_test_185,medqa_test_185__native__correct,212,2.2047269344329834,9.067775132599037,gemma-2-2b-it
medqa-native,native,0,medqa_test_185,medqa_test_185__native__wrong,215,2.272747278213501,9.70602938234348,gemma-2-2b-it
medqa-native,native,1,medqa_test_1193,medqa_test_1193__native__correct,138,2.154630661010742,8.624704151128993,gemma-2-2b-it
medqa-native,native,0,medqa_test_1193,medqa_test_1193__native__wrong,131,2.2525031566619877,9.511514874437063,gemma-2-2b-it
medqa-native,native,1,medqa_test_711,medqa_test_711__native__correct,138,2.3235654830932617,10.212020257707708,gemma-2-2b-it
medqa-native,native,0,medqa_test_711,medqa_test_711__native__wrong,136,2.38806700706482,10.892418612147065,gemma-2-2b-it
medqa-native,native,1,medqa_test_263,medqa_test_263__native__correct,130,2.527656555175781,12.524122131031849,gemma-2-2b-it
medqa-native,native,0,medqa_test_263,medqa_test_263__native__wrong,133,2.5548312664031982,12.86912802005467,gemma-2-2b-it
medqa-native,native,1,medqa_test_667,medqa_test_667__native__correct,159,2.402113199234009,11.04649517848066,gemma-2-2b-it
medqa-native,native,0,medqa_test_667,medqa_test_667__native__wrong,158,2.469059705734253,11.811335497454651,gemma-2-2b-it
medqa-native,native,1,medqa_test_1187,medqa_test_1187__native__correct,265,1.8174457550048828,6.156114127315808,gemma-2-2b-it
medqa-native,native,0,medqa_test_1187,medqa_test_1187__native__wrong,265,1.830909848213196,6.239561130224755,gemma-2-2b-it
medqa-native,native,1,medqa_test_463,medqa_test_463__native__correct,223,1.6974499225616455,5.460006185117885,gemma-2-2b-it
medqa-native,native,0,medqa_test_463,medqa_test_463__native__wrong,221,1.7111345529556274,5.535237937024514,gemma-2-2b-it
medqa-native,native,1,medqa_test_639,medqa_test_639__native__correct,242,2.2824528217315674,9.80069029765004,gemma-2-2b-it
medqa-native,native,0,medqa_test_639,medqa_test_639__native__wrong,249,2.2278435230255127,9.279832740897628,gemma-2-2b-it
medqa-native,native,1,medqa_test_1238,medqa_test_1238__native__correct,245,1.8124743700027464,6.12558566112636,gemma-2-2b-it
medqa-native,native,0,medqa_test_1238,medqa_test_1238__native__wrong,249,1.8641161918640137,6.450232598007185,gemma-2-2b-it
medqa-native,native,1,medqa_test_231,medqa_test_231__native__correct,160,1.882250189781189,6.568268095672292,gemma-2-2b-it
medqa-native,native,0,medqa_test_231,medqa_test_231__native__wrong,158,1.8979352712631223,6.672104125423448,gemma-2-2b-it
medqa-native,native,1,medqa_test_177,medqa_test_177__native__correct,180,2.033166646957397,7.638235698217397,gemma-2-2b-it
medqa-native,native,0,medqa_test_177,medqa_test_177__native__wrong,179,2.06095027923584,7.853429216212148,gemma-2-2b-it
medqa-native,native,1,medqa_test_296,medqa_test_296__native__correct,101,2.402865171432495,11.05480495971625,gemma-2-2b-it
medqa-native,native,0,medqa_test_296,medqa_test_296__native__wrong,93,2.3090925216674805,10.065286479901635,gemma-2-2b-it
medqa-native,native,1,medqa_test_482,medqa_test_482__native__correct,80,2.4146132469177246,11.185443516140529,gemma-2-2b-it
medqa-native,native,0,medqa_test_482,medqa_test_482__native__wrong,77,2.624984741210937,13.804363546588547,gemma-2-2b-it
medqa-native,native,1,medqa_test_1255,medqa_test_1255__native__correct,192,1.9017014503479004,6.697279842804289,gemma-2-2b-it
medqa-native,native,0,medqa_test_1255,medqa_test_1255__native__wrong,196,1.9235681295394895,6.845340005063777,gemma-2-2b-it
medqa-native,native,1,medqa_test_857,medqa_test_857__native__correct,161,2.1397359371185303,8.497193539198403,gemma-2-2b-it
medqa-native,native,0,medqa_test_857,medqa_test_857__native__wrong,159,2.213612794876098,9.148709168696548,gemma-2-2b-it
medqa-native,native,1,medqa_test_1251,medqa_test_1251__native__correct,119,2.5330283641815186,12.591580347194512,gemma-2-2b-it
medqa-native,native,0,medqa_test_1251,medqa_test_1251__native__wrong,119,2.5545730590820312,12.865805545944886,gemma-2-2b-it
medqa-native,native,1,medqa_test_21,medqa_test_21__native__correct,143,2.1653220653533936,8.7174090402116,gemma-2-2b-it
medqa-native,native,0,medqa_test_21,medqa_test_21__native__wrong,143,2.235886573791504,9.354771872363855,gemma-2-2b-it
medqa-native,native,1,medqa_test_56,medqa_test_56__native__correct,55,2.274024486541748,9.7184339238104,gemma-2-2b-it
medqa-native,native,0,medqa_test_56,medqa_test_56__native__wrong,57,2.2193682193756104,9.20151568979006,gemma-2-2b-it
medqa-native,native,1,medqa_test_485,medqa_test_485__native__correct,158,2.158864974975586,8.661301283552799,gemma-2-2b-it
medqa-native,native,0,medqa_test_485,medqa_test_485__native__wrong,157,2.177062749862671,8.820360567593747,gemma-2-2b-it
medqa-native,native,1,medqa_test_887,medqa_test_887__native__correct,347,1.714664340019226,5.554810671759462,gemma-2-2b-it
medqa-native,native,0,medqa_test_887,medqa_test_887__native__wrong,347,1.7090510129928589,5.523717053857346,gemma-2-2b-it
medqa-native,native,1,medqa_test_90,medqa_test_90__native__correct,179,1.8942852020263672,6.647794875622594,gemma-2-2b-it
medqa-native,native,0,medqa_test_90,medqa_test_90__native__wrong,179,1.9273515939712524,6.871288161506621,gemma-2-2b-it
medqa-native,native,1,medqa_test_886,medqa_test_886__native__correct,219,1.84040367603302,6.299080535706783,gemma-2-2b-it
medqa-native,native,0,medqa_test_886,medqa_test_886__native__wrong,209,1.8908905982971191,6.625266505424764,gemma-2-2b-it
medqa-native,native,1,medqa_test_1026,medqa_test_1026__native__correct,265,2.241006851196289,9.402793737126697,gemma-2-2b-it
medqa-native,native,0,medqa_test_1026,medqa_test_1026__native__wrong,271,2.17170786857605,8.77325481925631,gemma-2-2b-it
medqa-native,native,1,medqa_test_529,medqa_test_529__native__correct,196,1.5942412614822388,4.9245911772456346,gemma-2-2b-it
medqa-native,native,0,medqa_test_529,medqa_test_529__native__wrong,195,1.6008580923080444,4.95728440745606,gemma-2-2b-it
medqa-native,native,1,medqa_test_55,medqa_test_55__native__correct,165,2.2079646587371826,9.097181667969291,gemma-2-2b-it
medqa-native,native,0,medqa_test_55,medqa_test_55__native__wrong,165,2.1510567665100098,8.593935383307953,gemma-2-2b-it
medqa-native,native,1,medqa_test_658,medqa_test_658__native__correct,172,2.043800115585327,7.719890002739166,gemma-2-2b-it
medqa-native,native,0,medqa_test_658,medqa_test_658__native__wrong,172,2.0908186435699463,8.091536538020597,gemma-2-2b-it
medqa-native,native,1,medqa_test_706,medqa_test_706__native__correct,259,1.7854372262954712,5.962186202365676,gemma-2-2b-it
medqa-native,native,0,medqa_test_706,medqa_test_706__native__wrong,255,1.7839001417160034,5.953028857503843,gemma-2-2b-it
medqa-native,native,1,medqa_test_545,medqa_test_545__native__correct,173,1.6913044452667236,5.426554733923719,gemma-2-2b-it
medqa-native,native,0,medqa_test_545,medqa_test_545__native__wrong,169,1.7317596673965454,5.650588321273939,gemma-2-2b-it
medqa-native,native,1,medqa_test_238,medqa_test_238__native__correct,144,2.86698842048645,17.583982817366444,gemma-2-2b-it
medqa-native,native,0,medqa_test_238,medqa_test_238__native__wrong,145,3.098839044570923,22.172195402993363,gemma-2-2b-it
medqa-native,native,1,medqa_test_878,medqa_test_878__native__correct,167,2.272691249847412,9.705485584610168,gemma-2-2b-it
medqa-native,native,0,medqa_test_878,medqa_test_878__native__wrong,163,2.275928258895874,9.73695323232036,gemma-2-2b-it
medqa-native,native,1,medqa_test_192,medqa_test_192__native__correct,168,2.1059441566467285,8.214855459640425,gemma-2-2b-it
medqa-native,native,0,medqa_test_192,medqa_test_192__native__wrong,169,2.12507438659668,8.37352034264148,gemma-2-2b-it
medqa-native,native,1,medqa_test_738,medqa_test_738__native__correct,103,2.5320396423339844,12.579136929163584,gemma-2-2b-it
medqa-native,native,0,medqa_test_738,medqa_test_738__native__wrong,104,2.5064854621887207,12.261759824697112,gemma-2-2b-it
medqa-native,native,1,medqa_test_1250,medqa_test_1250__native__correct,117,2.1795597076416016,8.842412155010077,gemma-2-2b-it
medqa-native,native,0,medqa_test_1250,medqa_test_1250__native__wrong,115,2.231149435043335,9.310561817303997,gemma-2-2b-it
medqa-native,native,1,medqa_test_1233,medqa_test_1233__native__correct,240,1.5435049533843994,4.680968127490636,gemma-2-2b-it
medqa-native,native,0,medqa_test_1233,medqa_test_1233__native__wrong,241,1.5670393705368042,4.792438534660546,gemma-2-2b-it
medqa-native,native,1,medqa_test_531,medqa_test_531__native__correct,341,1.6215767860412598,5.061064243776711,gemma-2-2b-it
medqa-native,native,0,medqa_test_531,medqa_test_531__native__wrong,347,1.6117830276489258,5.011739335741454,gemma-2-2b-it
medqa-native,native,1,medqa_test_568,medqa_test_568__native__correct,183,1.862833857536316,6.441966544379997,gemma-2-2b-it
medqa-native,native,0,medqa_test_568,medqa_test_568__native__wrong,182,1.9202262163162231,6.8225016559292015,gemma-2-2b-it
medqa-native,native,1,medqa_test_286,medqa_test_286__native__correct,91,2.509345531463623,12.296879505648274,gemma-2-2b-it
medqa-native,native,0,medqa_test_286,medqa_test_286__native__wrong,89,2.623777389526367,13.78770688225539,gemma-2-2b-it
medqa-native,native,1,medqa_test_757,medqa_test_757__native__correct,282,1.6976454257965088,5.461073738341103,gemma-2-2b-it
medqa-native,native,0,medqa_test_757,medqa_test_757__native__wrong,289,1.6964365243911743,5.454475827539547,gemma-2-2b-it
medqa-native,native,1,medqa_test_785,medqa_test_785__native__correct,181,2.251535415649414,9.502314643839624,gemma-2-2b-it
medqa-native,native,0,medqa_test_785,medqa_test_785__native__wrong,181,2.2486603260040283,9.475033873522277,gemma-2-2b-it
medqa-native,native,1,medqa_test_67,medqa_test_67__native__correct,226,1.814829707145691,6.140030485093647,gemma-2-2b-it
medqa-native,native,0,medqa_test_67,medqa_test_67__native__wrong,223,1.8344718217849727,6.261825911811249,gemma-2-2b-it
medqa-native,native,1,medqa_test_1108,medqa_test_1108__native__correct,100,2.5181665420532227,12.405830231283096,gemma-2-2b-it
medqa-native,native,0,medqa_test_1108,medqa_test_1108__native__wrong,99,2.606040477752685,13.54531156859404,gemma-2-2b-it
medqa-native,native,1,medqa_test_571,medqa_test_571__native__correct,213,1.862876057624817,6.442238401674451,gemma-2-2b-it
medqa-native,native,0,medqa_test_571,medqa_test_571__native__wrong,214,1.870976686477661,6.494636526297115,gemma-2-2b-it
medqa-native,native,1,medqa_test_212,medqa_test_212__native__correct,209,2.76004695892334,15.800584909294896,gemma-2-2b-it
medqa-native,native,0,medqa_test_212,medqa_test_212__native__wrong,209,2.691969871520996,14.760724030423916,gemma-2-2b-it
medqa-native,native,1,medqa_test_220,medqa_test_220__native__correct,229,1.7912050485610962,5.99667439797468,gemma-2-2b-it
medqa-native,native,0,medqa_test_220,medqa_test_220__native__wrong,221,1.822510361671448,6.187371510327082,gemma-2-2b-it
medqa-native,native,1,medqa_test_1132,medqa_test_1132__native__correct,378,1.9674813747406008,7.152638965831039,gemma-2-2b-it
medqa-native,native,0,medqa_test_1132,medqa_test_1132__native__wrong,379,1.9748011827468872,7.20518699591994,gemma-2-2b-it
medqa-native,native,1,medqa_test_1020,medqa_test_1020__native__correct,241,2.1673061847686768,8.73472259113562,gemma-2-2b-it
medqa-native,native,0,medqa_test_1020,medqa_test_1020__native__wrong,240,2.1635329723358154,8.701826727825921,gemma-2-2b-it
medqa-native,native,1,medqa_test_492,medqa_test_492__native__correct,227,2.1119866371154785,8.26464383446257,gemma-2-2b-it
medqa-native,native,0,medqa_test_492,medqa_test_492__native__wrong,223,2.022745132446289,7.559047063510421,gemma-2-2b-it
medqa-native,native,1,medqa_test_988,medqa_test_988__native__correct,90,2.219271659851074,9.200627238704936,gemma-2-2b-it
medqa-native,native,0,medqa_test_988,medqa_test_988__native__wrong,87,2.199941873550415,9.024488922687985,gemma-2-2b-it
medqa-native,native,1,medqa_test_420,medqa_test_420__native__correct,87,2.574559211730957,13.125530303412082,gemma-2-2b-it
medqa-native,native,0,medqa_test_420,medqa_test_420__native__wrong,88,2.610092639923096,13.6003107252124,gemma-2-2b-it
medqa-native,native,1,medqa_test_978,medqa_test_978__native__correct,185,2.060844659805298,7.852599785293311,gemma-2-2b-it
medqa-native,native,0,medqa_test_978,medqa_test_978__native__wrong,185,2.1073906421661377,8.226746727306717,gemma-2-2b-it
medqa-native,native,1,medqa_test_699,medqa_test_699__native__correct,232,1.833032488822937,6.252819542510807,gemma-2-2b-it
medqa-native,native,0,medqa_test_699,medqa_test_699__native__wrong,232,1.8401073217391968,6.297214052726671,gemma-2-2b-it
medqa-native,native,1,medqa_test_730,medqa_test_730__native__correct,184,2.1021409034729004,8.183671622144292,gemma-2-2b-it
medqa-native,native,0,medqa_test_730,medqa_test_730__native__wrong,194,2.172987699508667,8.784490290371854,gemma-2-2b-it
medqa-native,native,1,medqa_test_969,medqa_test_969__native__correct,189,1.8777875900268557,6.539021849763124,gemma-2-2b-it
medqa-native,native,0,medqa_test_969,medqa_test_969__native__wrong,190,1.8646494150161743,6.453672928515688,gemma-2-2b-it
medqa-native,native,1,medqa_test_719,medqa_test_719__native__correct,64,2.778460502624512,16.094224849244455,gemma-2-2b-it
medqa-native,native,0,medqa_test_719,medqa_test_719__native__wrong,60,2.9268198013305664,18.66816751325184,gemma-2-2b-it
medqa-native,native,1,medqa_test_32,medqa_test_32__native__correct,213,1.494773507118225,4.458326659232342,gemma-2-2b-it
medqa-native,native,0,medqa_test_32,medqa_test_32__native__wrong,219,1.472733736038208,4.361141068322989,gemma-2-2b-it
medqa-native,native,1,medqa_test_876,medqa_test_876__native__correct,139,2.2856345176696777,9.831922773934531,gemma-2-2b-it
medqa-native,native,0,medqa_test_876,medqa_test_876__native__wrong,138,2.3146469593048096,10.121349039816794,gemma-2-2b-it
medqa-native,native,1,medqa_test_126,medqa_test_126__native__correct,273,1.7493995428085327,5.751148320644933,gemma-2-2b-it
medqa-native,native,0,medqa_test_126,medqa_test_126__native__wrong,274,1.7471274137496948,5.738095803540989,gemma-2-2b-it
medqa-native,native,1,medqa_test_179,medqa_test_179__native__correct,191,1.9443864822387693,6.98934245362092,gemma-2-2b-it
medqa-native,native,0,medqa_test_179,medqa_test_179__native__wrong,188,2.027947187423706,7.5984720986037715,gemma-2-2b-it
medqa-native,native,1,medqa_test_367,medqa_test_367__native__correct,305,2.108367443084717,8.234786547079278,gemma-2-2b-it
medqa-native,native,0,medqa_test_367,medqa_test_367__native__wrong,300,2.118762254714966,8.320832040618269,gemma-2-2b-it
medqa-native,native,1,medqa_test_480,medqa_test_480__native__correct,150,2.586864709854126,13.28804434934715,gemma-2-2b-it
medqa-native,native,0,medqa_test_480,medqa_test_480__native__wrong,150,2.58861780166626,13.311359942311444,gemma-2-2b-it
medqa-native,native,1,medqa_test_121,medqa_test_121__native__correct,196,1.7262598276138306,5.619596294540783,gemma-2-2b-it
medqa-native,native,0,medqa_test_121,medqa_test_121__native__wrong,201,1.7139633893966677,5.5509183880696025,gemma-2-2b-it
medqa-native,native,1,medqa_test_81,medqa_test_81__native__correct,115,2.729633092880249,15.327262306430065,gemma-2-2b-it
medqa-native,native,0,medqa_test_81,medqa_test_81__native__wrong,114,2.739378929138184,15.477369567430708,gemma-2-2b-it
medqa-native,native,1,medqa_test_11,medqa_test_11__native__correct,253,1.8777363300323489,6.538686668129802,gemma-2-2b-it
medqa-native,native,0,medqa_test_11,medqa_test_11__native__wrong,251,1.9055659770965576,6.723211734871861,gemma-2-2b-it
medqa-native,native,1,medqa_test_829,medqa_test_829__native__correct,179,1.7606438398361206,5.816180878114716,gemma-2-2b-it
medqa-native,native,0,medqa_test_829,medqa_test_829__native__wrong,186,1.750785231590271,5.759123146392191,gemma-2-2b-it
medqa-native,native,1,medqa_test_1171,medqa_test_1171__native__correct,618,1.7720162868499756,5.882702627558732,gemma-2-2b-it
medqa-native,native,0,medqa_test_1171,medqa_test_1171__native__wrong,615,1.7541273832321167,5.778403209772752,gemma-2-2b-it
medqa-native,native,1,medqa_test_1068,medqa_test_1068__native__correct,160,1.9594730138778689,7.095586803936262,gemma-2-2b-it
medqa-native,native,0,medqa_test_1068,medqa_test_1068__native__wrong,160,2.1304714679718018,8.418835087012612,gemma-2-2b-it
medqa-native,native,1,medqa_test_1203,medqa_test_1203__native__correct,191,2.38069486618042,10.812413434632717,gemma-2-2b-it
medqa-native,native,0,medqa_test_1203,medqa_test_1203__native__wrong,191,2.4945738315582275,12.116568718919726,gemma-2-2b-it
medqa-native,native,1,medqa_test_820,medqa_test_820__native__correct,145,2.0660290718078613,7.893416612071558,gemma-2-2b-it
medqa-native,native,0,medqa_test_820,medqa_test_820__native__wrong,138,2.128903388977051,8.405644033562238,gemma-2-2b-it
medqa-native,native,1,medqa_test_1180,medqa_test_1180__native__correct,105,2.167738914489746,8.738503183134366,gemma-2-2b-it
medqa-native,native,0,medqa_test_1180,medqa_test_1180__native__wrong,105,2.166777372360229,8.730104782529938,gemma-2-2b-it
medqa-native,native,1,medqa_test_901,medqa_test_901__native__correct,275,2.258096694946289,9.564866971422289,gemma-2-2b-it
medqa-native,native,0,medqa_test_901,medqa_test_901__native__wrong,273,2.255025863647461,9.535539930800612,gemma-2-2b-it
medqa-native,native,1,medqa_test_1100,medqa_test_1100__native__correct,184,2.4995193481445312,12.176639829389268,gemma-2-2b-it
medqa-native,native,0,medqa_test_1100,medqa_test_1100__native__wrong,185,2.519820213317871,12.426362368274168,gemma-2-2b-it
medqa-native,native,1,medqa_test_1163,medqa_test_1163__native__correct,127,2.314306735992432,10.11790610663701,gemma-2-2b-it
medqa-native,native,0,medqa_test_1163,medqa_test_1163__native__wrong,130,2.2679004669189453,9.659099910525455,gemma-2-2b-it
medqa-native,native,1,medqa_test_426,medqa_test_426__native__correct,222,1.8985254764556885,6.676043198239883,gemma-2-2b-it
medqa-native,native,0,medqa_test_426,medqa_test_426__native__wrong,222,1.921363115310669,6.830262562048674,gemma-2-2b-it
medqa-native,native,1,medqa_test_1044,medqa_test_1044__native__correct,88,2.9047224521636963,18.260174876800317,gemma-2-2b-it
medqa-native,native,0,medqa_test_1044,medqa_test_1044__native__wrong,88,2.904235601425171,18.25128706087137,gemma-2-2b-it
medqa-native,native,1,medqa_test_1212,medqa_test_1212__native__correct,132,2.2395458221435547,9.38906601304368,gemma-2-2b-it
medqa-native,native,0,medqa_test_1212,medqa_test_1212__native__wrong,134,2.322145700454712,10.197531696379029,gemma-2-2b-it
medqa-native,native,1,medqa_test_888,medqa_test_888__native__correct,113,2.670542001724243,14.447797802371692,gemma-2-2b-it
medqa-native,native,0,medqa_test_888,medqa_test_888__native__wrong,115,2.616969585418701,13.694161654787496,gemma-2-2b-it
medqa-native,native,1,medqa_test_813,medqa_test_813__native__correct,172,2.414670944213867,11.18608890460597,gemma-2-2b-it
medqa-native,native,0,medqa_test_813,medqa_test_813__native__wrong,170,2.359872341156006,10.589599510110098,gemma-2-2b-it
medqa-native,native,1,medqa_test_1107,medqa_test_1107__native__correct,124,1.648666262626648,5.200039712755828,gemma-2-2b-it
medqa-native,native,0,medqa_test_1107,medqa_test_1107__native__wrong,125,1.6493722200393677,5.203712015429617,gemma-2-2b-it
medqa-native,native,1,medqa_test_875,medqa_test_875__native__correct,104,2.151869535446167,8.600923106344288,gemma-2-2b-it
medqa-native,native,0,medqa_test_875,medqa_test_875__native__wrong,104,2.26332426071167,9.61499886226603,gemma-2-2b-it
medqa-native,native,1,medqa_test_659,medqa_test_659__native__correct,201,2.761215925216675,15.81906606028561,gemma-2-2b-it
medqa-native,native,0,medqa_test_659,medqa_test_659__native__wrong,205,2.620193719863892,13.73838472533082,gemma-2-2b-it
medqa-native,native,1,medqa_test_125,medqa_test_125__native__correct,154,1.6598020792007446,5.25827002044479,gemma-2-2b-it
medqa-native,native,0,medqa_test_125,medqa_test_125__native__wrong,167,1.525193214416504,4.596031503068224,gemma-2-2b-it
medqa-native,native,1,medqa_test_269,medqa_test_269__native__correct,110,2.11362099647522,8.278162276455324,gemma-2-2b-it
medqa-native,native,0,medqa_test_269,medqa_test_269__native__wrong,112,2.1202549934387207,8.333262143959324,gemma-2-2b-it
medqa-native,native,1,medqa_test_148,medqa_test_148__native__correct,181,2.004425287246704,7.421827252053186,gemma-2-2b-it
medqa-native,native,0,medqa_test_148,medqa_test_148__native__wrong,179,2.0749223232269287,7.963927822794002,gemma-2-2b-it
medqa-native,native,1,medqa_test_462,medqa_test_462__native__correct,222,1.7192047834396362,5.580089320033878,gemma-2-2b-it
medqa-native,native,0,medqa_test_462,medqa_test_462__native__wrong,218,1.7263562679290771,5.620138276313013,gemma-2-2b-it
medqa-native,native,1,medqa_test_960,medqa_test_960__native__correct,330,1.7749422788619995,5.899940575206188,gemma-2-2b-it
medqa-native,native,0,medqa_test_960,medqa_test_960__native__wrong,331,1.7625054121017456,5.827018203231524,gemma-2-2b-it
medqa-native,native,1,medqa_test_314,medqa_test_314__native__correct,146,2.136191129684448,8.467125947767553,gemma-2-2b-it
medqa-native,native,0,medqa_test_314,medqa_test_314__native__wrong,147,2.152130365371704,8.60316677707318,gemma-2-2b-it
medqa-native,native,1,medqa_test_300,medqa_test_300__native__correct,107,2.426889657974243,11.323606958986382,gemma-2-2b-it
medqa-native,native,0,medqa_test_300,medqa_test_300__native__wrong,107,2.4212472438812256,11.25989439486584,gemma-2-2b-it
medqa-native,native,1,medqa_test_241,medqa_test_241__native__correct,254,2.3350512981414795,10.329989825057613,gemma-2-2b-it
medqa-native,native,0,medqa_test_241,medqa_test_241__native__wrong,252,2.2984039783477783,9.958276140441193,gemma-2-2b-it
medqa-native,native,1,medqa_test_1031,medqa_test_1031__native__correct,128,2.0804903507232666,8.008394873887742,gemma-2-2b-it
medqa-native,native,0,medqa_test_1031,medqa_test_1031__native__wrong,126,2.084522247314453,8.040749074446458,gemma-2-2b-it
medqa-native,native,1,medqa_test_87,medqa_test_87__native__correct,363,1.6954162120819092,5.448913396902901,gemma-2-2b-it
medqa-native,native,0,medqa_test_87,medqa_test_87__native__wrong,361,1.7200417518615725,5.5847616336030335,gemma-2-2b-it
medqa-native,native,1,medqa_test_726,medqa_test_726__native__correct,149,2.042356252670288,7.70875158296671,gemma-2-2b-it
medqa-native,native,0,medqa_test_726,medqa_test_726__native__wrong,148,2.086505174636841,8.056709114048365,gemma-2-2b-it
medqa-native,native,1,medqa_test_771,medqa_test_771__native__correct,133,2.543883800506592,12.72901203678096,gemma-2-2b-it
medqa-native,native,0,medqa_test_771,medqa_test_771__native__wrong,134,2.555252313613892,12.874547671396044,gemma-2-2b-it
medqa-native,native,1,medqa_test_17,medqa_test_17__native__correct,196,2.4205739498138428,11.25231572639298,gemma-2-2b-it
medqa-native,native,0,medqa_test_17,medqa_test_17__native__wrong,197,2.432468891143799,11.38696057047794,gemma-2-2b-it
medqa-native,native,1,medqa_test_34,medqa_test_34__native__correct,339,1.2274702787399292,3.41258571703248,gemma-2-2b-it
medqa-native,native,0,medqa_test_34,medqa_test_34__native__wrong,333,1.2006453275680542,3.322260177192166,gemma-2-2b-it
medqa-native,native,1,medqa_test_1041,medqa_test_1041__native__correct,128,2.4163429737091064,11.204808020286553,gemma-2-2b-it
medqa-native,native,0,medqa_test_1041,medqa_test_1041__native__wrong,130,2.3629987239837646,10.62275845894676,gemma-2-2b-it
medqa-native,native,1,medqa_test_1006,medqa_test_1006__native__correct,91,2.5281763076782227,12.530633266793307,gemma-2-2b-it
medqa-native,native,0,medqa_test_1006,medqa_test_1006__native__wrong,94,2.5241260528564453,12.479983650151953,gemma-2-2b-it
medqa-native,native,1,medqa_test_153,medqa_test_153__native__correct,159,2.241157054901123,9.404206177656048,gemma-2-2b-it
medqa-native,native,0,medqa_test_153,medqa_test_153__native__wrong,158,2.280674457550049,9.783276589617213,gemma-2-2b-it
medqa-native,native,1,medqa_test_298,medqa_test_298__native__correct,185,2.431935787200928,11.38089175469904,gemma-2-2b-it
medqa-native,native,0,medqa_test_298,medqa_test_298__native__wrong,181,2.495381116867065,12.126354196144597,gemma-2-2b-it
medqa-native,native,1,medqa_test_428,medqa_test_428__native__correct,214,2.1735336780548096,8.789287743143166,gemma-2-2b-it
medqa-native,native,0,medqa_test_428,medqa_test_428__native__wrong,214,2.281453847885132,9.79090455303095,gemma-2-2b-it
medqa-native,native,1,medqa_test_893,medqa_test_893__native__correct,124,2.218130588531494,9.190134654372711,gemma-2-2b-it
medqa-native,native,0,medqa_test_893,medqa_test_893__native__wrong,120,2.2658684253692627,9.63949214681703,gemma-2-2b-it
medqa-native,native,1,medqa_test_294,medqa_test_294__native__correct,63,2.837557792663574,17.074016289892167,gemma-2-2b-it
medqa-native,native,0,medqa_test_294,medqa_test_294__native__wrong,63,2.848632574081421,17.2641582350504,gemma-2-2b-it
medqa-native,native,1,medqa_test_599,medqa_test_599__native__correct,165,2.383372068405152,10.841399235046543,gemma-2-2b-it
medqa-native,native,0,medqa_test_599,medqa_test_599__native__wrong,164,2.431294679641724,11.373597717345692,gemma-2-2b-it
medqa-native,native,1,medqa_test_1014,medqa_test_1014__native__correct,106,2.450989246368408,11.599816121228038,gemma-2-2b-it
medqa-native,native,0,medqa_test_1014,medqa_test_1014__native__wrong,107,2.442221164703369,11.498552578438764,gemma-2-2b-it
medqa-native,native,1,medqa_test_1033,medqa_test_1033__native__correct,149,2.557832956314087,12.90781518618446,gemma-2-2b-it
medqa-native,native,0,medqa_test_1033,medqa_test_1033__native__wrong,149,2.596153974533081,13.412055605316343,gemma-2-2b-it
medqa-native,native,1,medqa_test_587,medqa_test_587__native__correct,112,2.1307101249694824,8.420844540694,gemma-2-2b-it
medqa-native,native,0,medqa_test_587,medqa_test_587__native__wrong,111,2.1800990104675293,8.847182179001388,gemma-2-2b-it
medqa-native,native,1,medqa_test_677,medqa_test_677__native__correct,152,1.9168859720230105,6.799750851482903,gemma-2-2b-it
medqa-native,native,0,medqa_test_677,medqa_test_677__native__wrong,149,1.9886187314987185,7.305436021404807,gemma-2-2b-it
medqa-native,native,1,medqa_test_1037,medqa_test_1037__native__correct,141,2.15181303024292,8.60043712316647,gemma-2-2b-it
medqa-native,native,0,medqa_test_1037,medqa_test_1037__native__wrong,146,2.1266887187957764,8.387048903007672,gemma-2-2b-it
medqa-native,native,1,medqa_test_834,medqa_test_834__native__correct,72,3.096719980239868,22.12526084081505,gemma-2-2b-it
medqa-native,native,0,medqa_test_834,medqa_test_834__native__wrong,74,3.049469470977783,21.104145090558355,gemma-2-2b-it
medqa-native,native,1,medqa_test_1065,medqa_test_1065__native__correct,148,2.0330514907836914,7.637356158863691,gemma-2-2b-it
medqa-native,native,0,medqa_test_1065,medqa_test_1065__native__wrong,150,2.053201198577881,7.79280754423883,gemma-2-2b-it
medqa-native,native,1,medqa_test_1058,medqa_test_1058__native__correct,202,1.738576054573059,5.689236489844344,gemma-2-2b-it
medqa-native,native,0,medqa_test_1058,medqa_test_1058__native__wrong,202,1.77402925491333,5.89455624654984,gemma-2-2b-it
medqa-native,native,1,medqa_test_837,medqa_test_837__native__correct,282,2.0726003646850586,7.945457364676637,gemma-2-2b-it
medqa-native,native,0,medqa_test_837,medqa_test_837__native__wrong,281,2.0779240131378174,7.987868978577515,gemma-2-2b-it
medqa-native,native,1,medqa_test_1029,medqa_test_1029__native__correct,252,2.3165977001190186,10.141112438850897,gemma-2-2b-it
medqa-native,native,0,medqa_test_1029,medqa_test_1029__native__wrong,263,2.328892707824707,10.266567147352102,gemma-2-2b-it
medqa-native,native,1,medqa_test_790,medqa_test_790__native__correct,122,2.1988253593444824,9.014418575493517,gemma-2-2b-it
medqa-native,native,0,medqa_test_790,medqa_test_790__native__wrong,122,2.2205331325531006,9.21224090242788,gemma-2-2b-it
medqa-native,native,1,medqa_test_259,medqa_test_259__native__correct,171,2.059157371520996,7.839361357337224,gemma-2-2b-it
medqa-native,native,0,medqa_test_259,medqa_test_259__native__wrong,171,2.20107650756836,9.03473422604994,gemma-2-2b-it
medqa-native,native,1,medqa_test_714,medqa_test_714__native__correct,238,1.9120323657989504,6.766827501548774,gemma-2-2b-it
medqa-native,native,0,medqa_test_714,medqa_test_714__native__wrong,242,1.8233201503753664,6.192384003139205,gemma-2-2b-it
medqa-native,native,1,medqa_test_954,medqa_test_954__native__correct,375,1.5307341814041138,4.621568646798504,gemma-2-2b-it
medqa-native,native,0,medqa_test_954,medqa_test_954__native__wrong,372,1.5202256441116333,4.573257007241288,gemma-2-2b-it
medqa-native,native,1,medqa_test_602,medqa_test_602__native__correct,196,2.2835309505462646,9.811262402285127,gemma-2-2b-it
medqa-native,native,0,medqa_test_602,medqa_test_602__native__wrong,184,2.3910775184631348,10.92525977207353,gemma-2-2b-it
medqa-native,native,1,medqa_test_728,medqa_test_728__native__correct,113,2.138173818588257,8.483930277805797,gemma-2-2b-it
medqa-native,native,0,medqa_test_728,medqa_test_728__native__wrong,112,2.177769422531128,8.826595878235121,gemma-2-2b-it
medqa-native,native,1,medqa_test_57,medqa_test_57__native__correct,157,2.2640185356140137,9.621676632498067,gemma-2-2b-it
medqa-native,native,0,medqa_test_57,medqa_test_57__native__wrong,151,2.172204971313477,8.777617112407208,gemma-2-2b-it
medqa-native,native,1,medqa_test_580,medqa_test_580__native__correct,241,1.9610213041305544,7.106581340992816,gemma-2-2b-it
medqa-native,native,0,medqa_test_580,medqa_test_580__native__wrong,240,1.9480246305465696,7.014817030086114,gemma-2-2b-it
medqa-native,native,1,medqa_test_1195,medqa_test_1195__native__correct,183,2.013197183609009,7.487217128847161,gemma-2-2b-it
medqa-native,native,0,medqa_test_1195,medqa_test_1195__native__wrong,182,2.0205931663513184,7.542797740786071,gemma-2-2b-it
medqa-native,native,1,medqa_test_605,medqa_test_605__native__correct,259,1.8834095001220703,6.575887172381157,gemma-2-2b-it
medqa-native,native,0,medqa_test_605,medqa_test_605__native__wrong,262,1.860806941986084,6.428922446325561,gemma-2-2b-it
medqa-native,native,1,medqa_test_889,medqa_test_889__native__correct,178,1.941730260848999,6.970801847573484,gemma-2-2b-it
medqa-native,native,0,medqa_test_889,medqa_test_889__native__wrong,179,1.8935836553573608,6.643132772803926,gemma-2-2b-it
medqa-native,native,1,medqa_test_768,medqa_test_768__native__correct,312,2.39550256729126,10.973711702041223,gemma-2-2b-it
medqa-native,native,0,medqa_test_768,medqa_test_768__native__wrong,313,2.4196019172668457,11.24138342341577,gemma-2-2b-it
medqa-native,native,1,medqa_test_645,medqa_test_645__native__correct,206,2.2490854263305664,9.47906256975524,gemma-2-2b-it
medqa-native,native,0,medqa_test_645,medqa_test_645__native__wrong,209,2.278557777404785,9.76259042302681,gemma-2-2b-it
medqa-native,native,1,medqa_test_858,medqa_test_858__native__correct,81,2.146126747131348,8.551671382104251,gemma-2-2b-it
medqa-native,native,0,medqa_test_858,medqa_test_858__native__wrong,82,2.138079166412353,8.483127293347502,gemma-2-2b-it
medqa-native,native,1,medqa_test_1118,medqa_test_1118__native__correct,103,2.552825689315796,12.843343856469374,gemma-2-2b-it
medqa-native,native,0,medqa_test_1118,medqa_test_1118__native__wrong,100,2.621166706085205,13.751758489560752,gemma-2-2b-it
medqa-native,native,1,medqa_test_434,medqa_test_434__native__correct,215,2.330708265304565,10.285223620954346,gemma-2-2b-it
medqa-native,native,0,medqa_test_434,medqa_test_434__native__wrong,214,2.3431990146636963,10.4144994666151,gemma-2-2b-it
medqa-native,native,1,medqa_test_562,medqa_test_562__native__correct,128,1.8872475624084477,6.601174332743699,gemma-2-2b-it
medqa-native,native,0,medqa_test_562,medqa_test_562__native__wrong,127,1.9474546909332275,7.010820147079491,gemma-2-2b-it
medqa-native,native,1,medqa_test_1021,medqa_test_1021__native__correct,197,1.8834327459335327,6.576040035991277,gemma-2-2b-it
medqa-native,native,0,medqa_test_1021,medqa_test_1021__native__wrong,197,1.87050199508667,6.491554309859145,gemma-2-2b-it
medqa-native,native,1,medqa_test_261,medqa_test_261__native__correct,143,2.1878254413604736,8.915804080513956,gemma-2-2b-it
medqa-native,native,0,medqa_test_261,medqa_test_261__native__wrong,146,2.1478159427642822,8.566129035521934,gemma-2-2b-it
medqa-native,native,1,medqa_test_410,medqa_test_410__native__correct,121,2.1995491981506348,9.020945923562278,gemma-2-2b-it
medqa-native,native,0,medqa_test_410,medqa_test_410__native__wrong,120,2.111157178878784,8.257791499816305,gemma-2-2b-it
medqa-native,native,1,medqa_test_880,medqa_test_880__native__correct,184,2.23055100440979,9.304991758710084,gemma-2-2b-it
medqa-native,native,0,medqa_test_880,medqa_test_880__native__wrong,186,2.2035012245178223,9.056667479481485,gemma-2-2b-it
medqa-native,native,1,medqa_test_458,medqa_test_458__native__correct,145,1.6504204273223877,5.209169444021437,gemma-2-2b-it
medqa-native,native,0,medqa_test_458,medqa_test_458__native__wrong,147,1.7643181085586548,5.837590397677671,gemma-2-2b-it
medqa-native,native,1,medqa_test_275,medqa_test_275__native__correct,199,1.6174627542495728,5.040285635811853,gemma-2-2b-it
medqa-native,native,0,medqa_test_275,medqa_test_275__native__wrong,200,1.6801031827926636,5.366109632734952,gemma-2-2b-it
medqa-native,native,1,medqa_test_575,medqa_test_575__native__correct,111,2.3489866256713867,10.474949299689564,gemma-2-2b-it
medqa-native,native,0,medqa_test_575,medqa_test_575__native__wrong,111,2.3465754985809326,10.449723289441318,gemma-2-2b-it
medqa-native,native,1,medqa_test_112,medqa_test_112__native__correct,201,2.182164430618286,8.865474211214524,gemma-2-2b-it
medqa-native,native,0,medqa_test_112,medqa_test_112__native__wrong,202,2.2196907997131348,9.20448439662449,gemma-2-2b-it
medqa-native,native,1,medqa_test_73,medqa_test_73__native__correct,159,2.177721738815308,8.82617500338012,gemma-2-2b-it
medqa-native,native,0,medqa_test_73,medqa_test_73__native__wrong,160,2.1825649738311768,8.869025927999424,gemma-2-2b-it
medqa-native,native,1,medqa_test_963,medqa_test_963__native__correct,105,1.800481915473938,6.052563585743476,gemma-2-2b-it
medqa-native,native,0,medqa_test_963,medqa_test_963__native__wrong,105,1.795629858970642,6.02326733624006,gemma-2-2b-it
medqa-native,native,1,medqa_test_383,medqa_test_383__native__correct,229,1.7589635848999023,5.806416417173472,gemma-2-2b-it
medqa-native,native,0,medqa_test_383,medqa_test_383__native__wrong,227,1.7924749851226809,6.004294631623123,gemma-2-2b-it
medqa-native,native,1,medqa_test_668,medqa_test_668__native__correct,107,1.5732845067977903,4.822461617875451,gemma-2-2b-it
medqa-native,native,0,medqa_test_668,medqa_test_668__native__wrong,110,1.6206191778182983,5.056220046831531,gemma-2-2b-it
medqa-native,native,1,medqa_test_68,medqa_test_68__native__correct,206,2.161475419998169,8.68394067095943,gemma-2-2b-it
medqa-native,native,0,medqa_test_68,medqa_test_68__native__wrong,207,2.0949032306671143,8.12465471475386,gemma-2-2b-it
medqa-native,native,1,medqa_test_396,medqa_test_396__native__correct,127,2.2081570625305176,9.098932168626952,gemma-2-2b-it
medqa-native,native,0,medqa_test_396,medqa_test_396__native__wrong,125,2.267310619354248,9.653404193933484,gemma-2-2b-it
medqa-native,native,1,medqa_test_1013,medqa_test_1013__native__correct,215,1.9289897680282595,6.882553752491089,gemma-2-2b-it
medqa-native,native,0,medqa_test_1013,medqa_test_1013__native__wrong,213,1.9811557531356807,7.251118647243576,gemma-2-2b-it
medqa-native,native,1,medqa_test_361,medqa_test_361__native__correct,217,1.8808937072753904,6.559364395129398,gemma-2-2b-it
medqa-native,native,0,medqa_test_361,medqa_test_361__native__wrong,212,1.876373291015625,6.529780254356664,gemma-2-2b-it
medqa-native,native,1,medqa_test_461,medqa_test_461__native__correct,246,1.8484785556793213,6.350150768409302,gemma-2-2b-it
medqa-native,native,0,medqa_test_461,medqa_test_461__native__wrong,239,1.883529543876648,6.576676613949826,gemma-2-2b-it
medqa-native,native,1,medqa_test_160,medqa_test_160__native__correct,192,2.589433431625366,13.322221515186822,gemma-2-2b-it
medqa-native,native,0,medqa_test_160,medqa_test_160__native__wrong,190,2.6474897861480717,14.118553537744951,gemma-2-2b-it
medqa-native,native,1,medqa_test_423,medqa_test_423__native__correct,388,1.5386972427368164,4.658517398730936,gemma-2-2b-it
medqa-native,native,0,medqa_test_423,medqa_test_423__native__wrong,389,1.5281198024749756,4.609501895511897,gemma-2-2b-it
medqa-native,native,1,medqa_test_1069,medqa_test_1069__native__correct,154,2.206366777420044,9.08265705873468,gemma-2-2b-it
medqa-native,native,0,medqa_test_1069,medqa_test_1069__native__wrong,157,2.223092794418335,9.23585132862192,gemma-2-2b-it
medqa-native,native,1,medqa_test_912,medqa_test_912__native__correct,161,2.414665937423706,11.186032898346308,gemma-2-2b-it
medqa-native,native,0,medqa_test_912,medqa_test_912__native__wrong,159,2.4334230422973637,11.39783063706046,gemma-2-2b-it
medqa-native,native,1,medqa_test_280,medqa_test_280__native__correct,256,2.2412147521972656,9.404748790578363,gemma-2-2b-it
medqa-native,native,0,medqa_test_280,medqa_test_280__native__wrong,256,2.2702577114105225,9.681895627566792,gemma-2-2b-it
medqa-native,native,1,medqa_test_491,medqa_test_491__native__correct,146,2.31941032409668,10.169675724918209,gemma-2-2b-it
medqa-native,native,0,medqa_test_491,medqa_test_491__native__wrong,161,2.2183003425598145,9.191694849172029,gemma-2-2b-it
medqa-native,native,1,medqa_test_48,medqa_test_48__native__correct,159,2.1295440196990967,8.411030672607724,gemma-2-2b-it
medqa-native,native,0,medqa_test_48,medqa_test_48__native__wrong,161,2.07979679107666,8.002842500042913,gemma-2-2b-it
medqa-native,native,1,medqa_test_1172,medqa_test_1172__native__correct,257,2.2327606678009038,9.325575391428597,gemma-2-2b-it
medqa-native,native,0,medqa_test_1172,medqa_test_1172__native__wrong,258,2.2100043296813965,9.115755861273431,gemma-2-2b-it
medqa-native,native,1,medqa_test_852,medqa_test_852__native__correct,433,1.4047586917877195,4.074543401844201,gemma-2-2b-it
medqa-native,native,0,medqa_test_852,medqa_test_852__native__wrong,426,1.403640866279602,4.0699913179874105,gemma-2-2b-it
medqa-native,native,1,medqa_test_847,medqa_test_847__native__correct,81,1.9042060375213623,6.7140747874175934,gemma-2-2b-it
medqa-native,native,0,medqa_test_847,medqa_test_847__native__wrong,84,1.7822189331054688,5.943028982423247,gemma-2-2b-it
medqa-native,native,1,medqa_test_731,medqa_test_731__native__correct,156,2.031660318374634,7.626738666790735,gemma-2-2b-it
medqa-native,native,0,medqa_test_731,medqa_test_731__native__wrong,156,2.02477502822876,7.574406725246334,gemma-2-2b-it
medqa-native,native,1,medqa_test_745,medqa_test_745__native__correct,192,2.2448766231536865,9.439250899608432,gemma-2-2b-it
medqa-native,native,0,medqa_test_745,medqa_test_745__native__wrong,190,2.2392940521240234,9.386702425262952,gemma-2-2b-it
medqa-native,native,1,medqa_test_1018,medqa_test_1018__native__correct,222,2.237205266952514,9.36711608337925,gemma-2-2b-it
medqa-native,native,0,medqa_test_1018,medqa_test_1018__native__wrong,224,2.227270603179932,9.274517663258807,gemma-2-2b-it
medqa-native,native,1,medqa_test_779,medqa_test_779__native__correct,152,1.8294153213500977,6.23024290340628,gemma-2-2b-it
medqa-native,native,0,medqa_test_779,medqa_test_779__native__wrong,151,1.7558603286743164,5.788425548853561,gemma-2-2b-it
medqa-native,native,1,medqa_test_386,medqa_test_386__native__correct,189,1.881621479988098,6.564139859064271,gemma-2-2b-it
medqa-native,native,0,medqa_test_386,medqa_test_386__native__wrong,195,1.8370307683944704,6.277870109364944,gemma-2-2b-it
medqa-native,native,1,medqa_test_498,medqa_test_498__native__correct,178,2.1645703315734863,8.710858331865664,gemma-2-2b-it
medqa-native,native,0,medqa_test_498,medqa_test_498__native__wrong,178,2.141122817993164,8.508986310099967,gemma-2-2b-it
medqa-native,native,1,medqa_test_1226,medqa_test_1226__native__correct,63,2.509486436843872,12.298612324209756,gemma-2-2b-it
medqa-native,native,0,medqa_test_1226,medqa_test_1226__native__wrong,63,2.486113786697388,12.01449438950885,gemma-2-2b-it
medqa-native,native,1,medqa_test_640,medqa_test_640__native__correct,264,1.7369203567504885,5.679824627126411,gemma-2-2b-it
medqa-native,native,0,medqa_test_640,medqa_test_640__native__wrong,252,1.7765086889266968,5.909189543451643,gemma-2-2b-it
medqa-native,native,1,medqa_test_18,medqa_test_18__native__correct,209,1.9918843507766724,7.329331790115743,gemma-2-2b-it
medqa-native,native,0,medqa_test_18,medqa_test_18__native__wrong,204,1.8704031705856323,6.490912816941646,gemma-2-2b-it
medqa-native,native,1,medqa_test_382,medqa_test_382__native__correct,138,2.5021140575408936,12.208275696362271,gemma-2-2b-it
medqa-native,native,0,medqa_test_382,medqa_test_382__native__wrong,138,2.577734470367432,13.16727349450816,gemma-2-2b-it
medqa-native,native,1,medqa_test_1016,medqa_test_1016__native__correct,263,1.8647481203079224,6.454309971624189,gemma-2-2b-it
medqa-native,native,0,medqa_test_1016,medqa_test_1016__native__wrong,261,1.953146815299988,7.050840399340629,gemma-2-2b-it
medqa-native,native,1,medqa_test_607,medqa_test_607__native__correct,236,2.4339606761932373,11.403960144718267,gemma-2-2b-it
medqa-native,native,0,medqa_test_607,medqa_test_607__native__wrong,244,2.4860944747924805,12.014262368976077,gemma-2-2b-it
medqa-native,native,1,medqa_test_210,medqa_test_210__native__correct,118,2.131022691726685,8.423477028157592,gemma-2-2b-it
medqa-native,native,0,medqa_test_210,medqa_test_210__native__wrong,119,2.157006025314331,8.645215316599469,gemma-2-2b-it
medqa-native,native,1,medqa_test_168,medqa_test_168__native__correct,186,2.1466708183288574,8.55632536612835,gemma-2-2b-it
medqa-native,native,0,medqa_test_168,medqa_test_168__native__wrong,192,2.199888229370117,9.024004824361764,gemma-2-2b-it
medqa-native,native,1,medqa_test_1207,medqa_test_1207__native__correct,103,2.249141216278076,9.479591420910602,gemma-2-2b-it
medqa-native,native,0,medqa_test_1207,medqa_test_1207__native__wrong,105,2.1945226192474365,8.97571520023096,gemma-2-2b-it
medqa-native,native,1,medqa_test_1211,medqa_test_1211__native__correct,111,2.131243705749512,8.42533894044856,gemma-2-2b-it
medqa-native,native,0,medqa_test_1211,medqa_test_1211__native__wrong,107,2.2187466621398926,9.195798198191708,gemma-2-2b-it
medqa-native,native,1,medqa_test_164,medqa_test_164__native__correct,200,2.105291843414306,8.209498548103761,gemma-2-2b-it
medqa-native,native,0,medqa_test_164,medqa_test_164__native__wrong,200,2.124418258666992,8.368028044097143,gemma-2-2b-it
medqa-native,native,1,medqa_test_170,medqa_test_170__native__correct,127,1.6435357332229614,5.173429077802874,gemma-2-2b-it
medqa-native,native,0,medqa_test_170,medqa_test_170__native__wrong,127,1.6063876152038574,4.984771750999024,gemma-2-2b-it
medqa-native,native,1,medqa_test_808,medqa_test_808__native__correct,293,2.109699249267578,8.245760993012572,gemma-2-2b-it
medqa-native,native,0,medqa_test_808,medqa_test_808__native__wrong,293,2.13637638092041,8.468694638610893,gemma-2-2b-it
medqa-native,native,1,medqa_test_766,medqa_test_766__native__correct,128,2.3151564598083496,10.126507186176584,gemma-2-2b-it
medqa-native,native,0,medqa_test_766,medqa_test_766__native__wrong,124,2.34468412399292,10.429977627467888,gemma-2-2b-it
medqa-native,native,1,medqa_test_474,medqa_test_474__native__correct,114,2.0200841426849365,7.538959255248151,gemma-2-2b-it
medqa-native,native,0,medqa_test_474,medqa_test_474__native__wrong,106,2.11908221244812,8.323494781135436,gemma-2-2b-it
medqa-native,native,1,medqa_test_712,medqa_test_712__native__correct,301,2.0463345050811768,7.739480024758467,gemma-2-2b-it
medqa-native,native,0,medqa_test_712,medqa_test_712__native__wrong,303,2.051764965057373,7.781623286350512,gemma-2-2b-it
medqa-native,native,1,medqa_test_936,medqa_test_936__native__correct,201,1.5817749500274658,4.863580767356613,gemma-2-2b-it
medqa-native,native,0,medqa_test_936,medqa_test_936__native__wrong,200,1.5076227188110352,4.515982263551496,gemma-2-2b-it
medqa-native,native,1,medqa_test_1126,medqa_test_1126__native__correct,182,1.8751355409622192,6.521703018328979,gemma-2-2b-it
medqa-native,native,0,medqa_test_1126,medqa_test_1126__native__wrong,181,1.8468793630599976,6.340003769833992,gemma-2-2b-it
medqa-native,native,1,medqa_test_92,medqa_test_92__native__correct,139,2.389467716217041,10.90768641296483,gemma-2-2b-it
medqa-native,native,0,medqa_test_92,medqa_test_92__native__wrong,140,2.39829158782959,11.004360329318366,gemma-2-2b-it
medqa-native,native,1,medqa_test_1219,medqa_test_1219__native__correct,197,1.6924207210540771,5.432615647778277,gemma-2-2b-it
medqa-native,native,0,medqa_test_1219,medqa_test_1219__native__wrong,196,1.6858445405960083,5.397006999694974,gemma-2-2b-it
medqa-native,native,1,medqa_test_787,medqa_test_787__native__correct,120,2.475665807723999,11.889620679634117,gemma-2-2b-it
medqa-native,native,0,medqa_test_787,medqa_test_787__native__wrong,122,2.5147900581359863,12.364012782727272,gemma-2-2b-it
medqa-native,native,1,medqa_test_655,medqa_test_655__native__correct,87,2.2145323753356934,9.15712601226791,gemma-2-2b-it
medqa-native,native,0,medqa_test_655,medqa_test_655__native__wrong,88,2.222706794738769,9.232286980931349,gemma-2-2b-it
medqa-native,native,1,medqa_test_1208,medqa_test_1208__native__correct,60,2.0136172771453857,7.490363121127685,gemma-2-2b-it
medqa-native,native,0,medqa_test_1208,medqa_test_1208__native__wrong,57,2.495128631591797,12.1232928567552,gemma-2-2b-it
medqa-native,native,1,medqa_test_89,medqa_test_89__native__correct,239,1.768477439880371,5.861921435608849,gemma-2-2b-it
medqa-native,native,0,medqa_test_89,medqa_test_89__native__wrong,238,1.7849940061569214,5.95954422690262,gemma-2-2b-it
medqa-native,native,1,medqa_test_651,medqa_test_651__native__correct,214,2.1908435821533203,8.942753881199257,gemma-2-2b-it
medqa-native,native,0,medqa_test_651,medqa_test_651__native__wrong,214,2.1927530765533447,8.95984633343362,gemma-2-2b-it
medqa-native,native,1,medqa_test_1248,medqa_test_1248__native__correct,139,2.1570520401000977,8.645613133482827,gemma-2-2b-it
medqa-native,native,0,medqa_test_1248,medqa_test_1248__native__wrong,139,2.1649420261383057,8.71409671236946,gemma-2-2b-it
medqa-native,native,1,medqa_test_10,medqa_test_10__native__correct,229,2.082111120223999,8.021385160335525,gemma-2-2b-it
medqa-native,native,0,medqa_test_10,medqa_test_10__native__wrong,227,2.0563056468963623,7.817037503383871,gemma-2-2b-it
medqa-native,native,1,medqa_test_949,medqa_test_949__native__correct,143,1.8032732009887693,6.069481619354618,gemma-2-2b-it
medqa-native,native,0,medqa_test_949,medqa_test_949__native__wrong,144,1.84290611743927,6.3148633552148805,gemma-2-2b-it
medqa-native,native,1,medqa_test_46,medqa_test_46__native__correct,171,2.0563511848449707,7.817393483341207,gemma-2-2b-it
medqa-native,native,0,medqa_test_46,medqa_test_46__native__wrong,171,2.0529356002807617,7.79073806266286,gemma-2-2b-it
medqa-native,native,1,medqa_test_1245,medqa_test_1245__native__correct,402,1.6060986518859863,4.983331542908701,gemma-2-2b-it
medqa-native,native,0,medqa_test_1245,medqa_test_1245__native__wrong,403,1.620547652244568,5.055858410725043,gemma-2-2b-it
medqa-native,native,1,medqa_test_1247,medqa_test_1247__native__correct,253,1.9064290523529053,6.729016877340474,gemma-2-2b-it
medqa-native,native,0,medqa_test_1247,medqa_test_1247__native__wrong,253,1.884371757507324,6.582217913790225,gemma-2-2b-it
medqa-native,native,1,medqa_test_883,medqa_test_883__native__correct,120,2.575312376022339,13.13541970784772,gemma-2-2b-it
medqa-native,native,0,medqa_test_883,medqa_test_883__native__wrong,118,2.7247443199157715,15.252513664292293,gemma-2-2b-it
medqa-native,native,1,medqa_test_221,medqa_test_221__native__correct,124,1.910797953605652,6.758479600606298,gemma-2-2b-it
medqa-native,native,0,medqa_test_221,medqa_test_221__native__wrong,124,1.8868199586868288,6.598352249441626,gemma-2-2b-it
medqa-native,native,1,medqa_test_962,medqa_test_962__native__correct,281,1.8466253280639648,6.338393391556355,gemma-2-2b-it
medqa-native,native,0,medqa_test_962,medqa_test_962__native__wrong,277,1.831458687782288,6.242986588194241,gemma-2-2b-it
medqa-native,native,1,medqa_test_1223,medqa_test_1223__native__correct,131,1.7060811519622805,5.507336717536054,gemma-2-2b-it
medqa-native,native,0,medqa_test_1223,medqa_test_1223__native__wrong,128,1.8554503917694087,6.394577667289636,gemma-2-2b-it
medqa-native,native,1,medqa_test_923,medqa_test_923__native__correct,108,2.5555434226989746,12.87829611476601,gemma-2-2b-it
medqa-native,native,0,medqa_test_923,medqa_test_923__native__wrong,107,2.49031138420105,12.065032396065217,gemma-2-2b-it
medqa-native,native,1,medqa_test_1036,medqa_test_1036__native__correct,104,2.271433591842652,9.693287075358864,gemma-2-2b-it
medqa-native,native,0,medqa_test_1036,medqa_test_1036__native__wrong,106,2.229167461395264,9.292126804023354,gemma-2-2b-it
medqa-native,native,1,medqa_test_1064,medqa_test_1064__native__correct,180,2.380721092224121,10.812697005178418,gemma-2-2b-it
medqa-native,native,0,medqa_test_1064,medqa_test_1064__native__wrong,182,2.402287244796753,11.048417939269488,gemma-2-2b-it
medqa-native,native,1,medqa_test_256,medqa_test_256__native__correct,119,2.295203924179077,9.926460051120172,gemma-2-2b-it
medqa-native,native,0,medqa_test_256,medqa_test_256__native__wrong,117,2.3460726737976074,10.444470230387315,gemma-2-2b-it
medqa-native,native,1,medqa_test_139,medqa_test_139__native__correct,86,2.4423670768737797,11.500230479612185,gemma-2-2b-it
medqa-native,native,0,medqa_test_139,medqa_test_139__native__wrong,87,2.5136382579803467,12.349780109051148,gemma-2-2b-it
medqa-native,native,1,medqa_test_1213,medqa_test_1213__native__correct,150,2.354344367980957,10.53122199142301,gemma-2-2b-it
medqa-native,native,0,medqa_test_1213,medqa_test_1213__native__wrong,154,2.301730155944824,9.99145428305332,gemma-2-2b-it
medqa-native,native,1,medqa_test_763,medqa_test_763__native__correct,121,2.9084296226501465,18.32799408920175,gemma-2-2b-it
medqa-native,native,0,medqa_test_763,medqa_test_763__native__wrong,115,3.1358535289764404,23.008265684982987,gemma-2-2b-it
medqa-native,native,1,medqa_test_239,medqa_test_239__native__correct,196,1.7468602657318115,5.736563087360809,gemma-2-2b-it
medqa-native,native,0,medqa_test_239,medqa_test_239__native__wrong,196,1.727884292602539,5.628732550726963,gemma-2-2b-it
medqa-native,native,1,medqa_test_624,medqa_test_624__native__correct,148,1.9583536386489868,7.08764862356367,gemma-2-2b-it
medqa-native,native,0,medqa_test_624,medqa_test_624__native__wrong,148,1.9505980014801023,7.032892003165832,gemma-2-2b-it
medqa-native,native,1,medqa_test_606,medqa_test_606__native__correct,107,2.2220847606658936,9.226545969596083,gemma-2-2b-it
medqa-native,native,0,medqa_test_606,medqa_test_606__native__wrong,107,2.213875532150269,9.15111319140506,gemma-2-2b-it
medqa-native,native,1,medqa_test_723,medqa_test_723__native__correct,154,2.1555142402648926,8.632328128488219,gemma-2-2b-it
medqa-native,native,0,medqa_test_723,medqa_test_723__native__wrong,152,2.113920211791992,8.280639600011261,gemma-2-2b-it
medqa-native,native,1,medqa_test_459,medqa_test_459__native__correct,332,1.66883385181427,5.305976632951273,gemma-2-2b-it
medqa-native,native,0,medqa_test_459,medqa_test_459__native__wrong,329,1.6660306453704834,5.291123712690239,gemma-2-2b-it
medqa-native,native,1,medqa_test_579,medqa_test_579__native__correct,363,1.5146657228469849,4.547900613454099,gemma-2-2b-it
medqa-native,native,0,medqa_test_579,medqa_test_579__native__wrong,365,1.5350072383880615,4.641359125790856,gemma-2-2b-it
medqa-native,native,1,medqa_test_157,medqa_test_157__native__correct,103,2.4238290786743164,11.289003142800537,gemma-2-2b-it
medqa-native,native,0,medqa_test_157,medqa_test_157__native__wrong,105,2.6024439334869385,13.496682756200762,gemma-2-2b-it
medqa-native,native,1,medqa_test_84,medqa_test_84__native__correct,200,2.2911322116851807,9.88612453275324,gemma-2-2b-it
medqa-native,native,0,medqa_test_84,medqa_test_84__native__wrong,203,2.2990036010742188,9.964249139725265,gemma-2-2b-it
medqa-native,native,1,medqa_test_352,medqa_test_352__native__correct,374,1.7332909107208252,5.659247374786174,gemma-2-2b-it
medqa-native,native,0,medqa_test_352,medqa_test_352__native__wrong,377,1.762156367301941,5.824984667747457,gemma-2-2b-it
medqa-native,native,1,medqa_test_612,medqa_test_612__native__correct,181,2.12005877494812,8.331627164251529,gemma-2-2b-it
medqa-native,native,0,medqa_test_612,medqa_test_612__native__wrong,187,2.065124273300171,7.886277890539687,gemma-2-2b-it
medqa-native,native,1,medqa_test_72,medqa_test_72__native__correct,379,1.9610471725463867,7.106765179371886,gemma-2-2b-it
medqa-native,native,0,medqa_test_72,medqa_test_72__native__wrong,386,1.967182993888855,7.150505073696293,gemma-2-2b-it
medqa-native,native,1,medqa_test_724,medqa_test_724__native__correct,292,1.7036906480789185,5.494187131056527,gemma-2-2b-it
medqa-native,native,0,medqa_test_724,medqa_test_724__native__wrong,291,1.6762927770614624,5.345701484191691,gemma-2-2b-it
medqa-native,native,1,medqa_test_374,medqa_test_374__native__correct,386,2.055558681488037,7.811200627017025,gemma-2-2b-it
medqa-native,native,0,medqa_test_374,medqa_test_374__native__wrong,387,2.033057451248169,7.637401681189444,gemma-2-2b-it
medqa-native,native,1,medqa_test_363,medqa_test_363__native__correct,130,1.996667742729187,7.3644748413034975,gemma-2-2b-it
medqa-native,native,0,medqa_test_363,medqa_test_363__native__wrong,131,1.982166051864624,7.258448145064029,gemma-2-2b-it
medqa-native,native,1,medqa_test_642,medqa_test_642__native__correct,120,2.268373727798462,9.66367226651772,gemma-2-2b-it
medqa-native,native,0,medqa_test_642,medqa_test_642__native__wrong,123,2.3330206871032715,10.309034916528978,gemma-2-2b-it
medqa-native,native,1,medqa_test_1095,medqa_test_1095__native__correct,116,2.422576665878296,11.27487350072935,gemma-2-2b-it
medqa-native,native,0,medqa_test_1095,medqa_test_1095__native__wrong,113,2.4962499141693115,12.13689411782108,gemma-2-2b-it
medqa-native,native,1,medqa_test_1168,medqa_test_1168__native__correct,106,2.402552366256714,11.051347500291394,gemma-2-2b-it
medqa-native,native,0,medqa_test_1168,medqa_test_1168__native__wrong,105,2.5003066062927246,12.186229762693838,gemma-2-2b-it
medqa-native,native,1,medqa_test_101,medqa_test_101__native__correct,100,2.562506437301636,12.968280797435629,gemma-2-2b-it
medqa-native,native,0,medqa_test_101,medqa_test_101__native__wrong,100,2.5932302474975586,13.372899684246317,gemma-2-2b-it
medqa-native,native,1,medqa_test_401,medqa_test_401__native__correct,120,2.185211181640625,8.892526293384222,gemma-2-2b-it
medqa-native,native,0,medqa_test_401,medqa_test_401__native__wrong,123,2.131349802017212,8.426232884885497,gemma-2-2b-it
medqa-native,native,1,medqa_test_348,medqa_test_348__native__correct,145,2.472983837127685,11.857775789188192,gemma-2-2b-it
medqa-native,native,0,medqa_test_348,medqa_test_348__native__wrong,146,2.434983730316162,11.415632983116614,gemma-2-2b-it
medqa-native,native,1,medqa_test_346,medqa_test_346__native__correct,97,2.75067138671875,15.653137665808003,gemma-2-2b-it
medqa-native,native,0,medqa_test_346,medqa_test_346__native__wrong,96,2.7473506927490234,15.601244594144363,gemma-2-2b-it
medqa-native,native,1,medqa_test_119,medqa_test_119__native__correct,161,2.498431205749512,12.163397117646737,gemma-2-2b-it
medqa-native,native,0,medqa_test_119,medqa_test_119__native__wrong,164,2.4546377658843994,11.64221557731571,gemma-2-2b-it
medqa-native,native,1,medqa_test_870,medqa_test_870__native__correct,186,2.0483591556549072,7.75516564101873,gemma-2-2b-it
medqa-native,native,0,medqa_test_870,medqa_test_870__native__wrong,186,2.068321704864502,7.91153408034386,gemma-2-2b-it
medqa-native,native,1,medqa_test_525,medqa_test_525__native__correct,273,1.5989859104156494,4.94801215173592,gemma-2-2b-it
medqa-native,native,0,medqa_test_525,medqa_test_525__native__wrong,272,1.5874041318893433,4.891035950606539,gemma-2-2b-it
medqa-native,native,1,medqa_test_749,medqa_test_749__native__correct,169,1.5531978607177734,4.72656092419528,gemma-2-2b-it
medqa-native,native,0,medqa_test_749,medqa_test_749__native__wrong,169,1.5247851610183716,4.594156459380464,gemma-2-2b-it
medqa-native,native,1,medqa_test_147,medqa_test_147__native__correct,218,2.266357898712158,9.644211576185157,gemma-2-2b-it
medqa-native,native,0,medqa_test_147,medqa_test_147__native__wrong,218,2.2976512908935547,9.950783491089911,gemma-2-2b-it
medqa-native,native,1,medqa_test_439,medqa_test_439__native__correct,228,2.1208250522613525,8.338013947840974,gemma-2-2b-it
medqa-native,native,0,medqa_test_439,medqa_test_439__native__wrong,230,2.10748553276062,8.227527405233237,gemma-2-2b-it
medqa-native,native,1,medqa_test_16,medqa_test_16__native__correct,210,2.72096848487854,15.195031279088356,gemma-2-2b-it
medqa-native,native,0,medqa_test_16,medqa_test_16__native__wrong,211,2.7312088012695312,15.351432639928714,gemma-2-2b-it
medqa-native,native,1,medqa_test_402,medqa_test_402__native__correct,189,2.1023874282836914,8.185689348942157,gemma-2-2b-it
medqa-native,native,0,medqa_test_402,medqa_test_402__native__wrong,188,2.129910707473755,8.414115460270041,gemma-2-2b-it
medqa-native,native,1,medqa_test_708,medqa_test_708__native__correct,198,1.6851834058761597,5.393440030237813,gemma-2-2b-it
medqa-native,native,0,medqa_test_708,medqa_test_708__native__wrong,193,1.8000961542129517,6.050229191470828,gemma-2-2b-it
medqa-native,native,1,medqa_test_304,medqa_test_304__native__correct,252,1.6249065399169922,5.077944429894082,gemma-2-2b-it
medqa-native,native,0,medqa_test_304,medqa_test_304__native__wrong,256,1.6151789426803589,5.02878770771282,gemma-2-2b-it
medqa-native,native,1,medqa_test_614,medqa_test_614__native__correct,348,1.58948016166687,4.901200434117515,gemma-2-2b-it
medqa-native,native,0,medqa_test_614,medqa_test_614__native__wrong,347,1.6240557432174685,5.073625968859455,gemma-2-2b-it
medqa-native,native,1,medqa_test_971,medqa_test_971__native__correct,140,2.3534882068634038,10.522209427287644,gemma-2-2b-it
medqa-native,native,0,medqa_test_971,medqa_test_971__native__wrong,139,2.384953260421753,10.858555128772505,gemma-2-2b-it
medqa-native,native,1,medqa_test_772,medqa_test_772__native__correct,179,1.9454584121704104,6.996838555929888,gemma-2-2b-it
medqa-native,native,0,medqa_test_772,medqa_test_772__native__wrong,178,1.9935319423675537,7.341417488953861,gemma-2-2b-it
medqa-native,native,1,medqa_test_894,medqa_test_894__native__correct,120,2.679704427719116,14.580782983624216,gemma-2-2b-it
medqa-native,native,0,medqa_test_894,medqa_test_894__native__wrong,119,2.730445384979248,15.339717578475549,gemma-2-2b-it
medqa-native,native,1,medqa_test_38,medqa_test_38__native__correct,274,1.541750431060791,4.672762465028829,gemma-2-2b-it
medqa-native,native,0,medqa_test_38,medqa_test_38__native__wrong,273,1.517531156539917,4.56095100969713,gemma-2-2b-it
medqa-native,native,1,medqa_test_282,medqa_test_282__native__correct,115,1.9856457710266116,7.283749501437996,gemma-2-2b-it
medqa-native,native,0,medqa_test_282,medqa_test_282__native__wrong,114,2.0475270748138428,7.748715400202616,gemma-2-2b-it
medqa-native,native,1,medqa_test_512,medqa_test_512__native__correct,161,1.8257582187652588,6.207499878116199,gemma-2-2b-it
medqa-native,native,0,medqa_test_512,medqa_test_512__native__wrong,152,1.9333528280258176,6.912648351980431,gemma-2-2b-it
medqa-native,native,1,medqa_test_989,medqa_test_989__native__correct,298,1.4897340536117554,4.435915646374475,gemma-2-2b-it
medqa-native,native,0,medqa_test_989,medqa_test_989__native__wrong,297,1.475628137588501,4.373782247291006,gemma-2-2b-it
medqa-native,native,1,medqa_test_80,medqa_test_80__native__correct,58,3.4436511993408203,31.30103610332285,gemma-2-2b-it
medqa-native,native,0,medqa_test_80,medqa_test_80__native__wrong,55,3.276884078979492,26.49309356879747,gemma-2-2b-it
medqa-native,native,1,medqa_test_1174,medqa_test_1174__native__correct,237,2.088287353515625,8.071080413173013,gemma-2-2b-it
medqa-native,native,0,medqa_test_1174,medqa_test_1174__native__wrong,242,2.058164596557617,7.83158249762027,gemma-2-2b-it
medqa-native,native,1,medqa_test_628,medqa_test_628__native__correct,405,1.6991612911224363,5.469358268192779,gemma-2-2b-it
medqa-native,native,0,medqa_test_628,medqa_test_628__native__wrong,406,1.7172930240631104,5.569431722581352,gemma-2-2b-it
medqa-native,native,1,medqa_test_945,medqa_test_945__native__correct,61,3.0917272567749023,22.01507083485554,gemma-2-2b-it
medqa-native,native,0,medqa_test_945,medqa_test_945__native__wrong,61,3.0762839317321777,21.67769673424189,gemma-2-2b-it
medqa-native,native,1,medqa_test_494,medqa_test_494__native__correct,137,2.059417247772217,7.841398885919911,gemma-2-2b-it
medqa-native,native,0,medqa_test_494,medqa_test_494__native__wrong,136,2.09139347076416,8.096189110350064,gemma-2-2b-it
medqa-native,native,1,medqa_test_320,medqa_test_320__native__correct,151,1.6553481817245483,5.234902302211372,gemma-2-2b-it
medqa-native,native,0,medqa_test_320,medqa_test_320__native__wrong,152,1.6768527030944824,5.348695519758449,gemma-2-2b-it
medqa-native,native,1,medqa_test_921,medqa_test_921__native__correct,129,2.0563788414001465,7.817609688505141,gemma-2-2b-it
medqa-native,native,0,medqa_test_921,medqa_test_921__native__wrong,131,2.051467180252075,7.7793063821618365,gemma-2-2b-it
medqa-native,native,1,medqa_test_50,medqa_test_50__native__correct,41,3.1803395748138428,24.054920610510656,gemma-2-2b-it
medqa-native,native,0,medqa_test_50,medqa_test_50__native__wrong,40,3.264279842376709,26.161263971541164,gemma-2-2b-it
medqa-native,native,1,medqa_test_504,medqa_test_504__native__correct,197,1.9866042137146,7.290733904429112,gemma-2-2b-it
medqa-native,native,0,medqa_test_504,medqa_test_504__native__wrong,197,2.065181970596313,7.886732920577475,gemma-2-2b-it
medqa-native,native,1,medqa_test_1042,medqa_test_1042__native__correct,166,1.9956061840057373,7.356661166862992,gemma-2-2b-it
medqa-native,native,0,medqa_test_1042,medqa_test_1042__native__wrong,165,2.021106243133545,7.546668768162114,gemma-2-2b-it
medqa-native,native,1,medqa_test_1110,medqa_test_1110__native__correct,127,2.410187005996704,11.136043457262868,gemma-2-2b-it
medqa-native,native,0,medqa_test_1110,medqa_test_1110__native__wrong,127,2.3906919956207275,10.921048646666838,gemma-2-2b-it
medqa-native,native,1,medqa_test_1175,medqa_test_1175__native__correct,178,1.5159893035888672,4.55392411253639,gemma-2-2b-it
medqa-native,native,0,medqa_test_1175,medqa_test_1175__native__wrong,171,1.6139153242111206,5.022437251809158,gemma-2-2b-it
medqa-native,native,1,medqa_test_762,medqa_test_762__native__correct,113,1.764511227607727,5.838717856447523,gemma-2-2b-it
medqa-native,native,0,medqa_test_762,medqa_test_762__native__wrong,115,1.744280457496643,5.721782927852416,gemma-2-2b-it
medqa-native,native,1,medqa_test_632,medqa_test_632__native__correct,141,1.918643593788147,6.811712750744799,gemma-2-2b-it
medqa-native,native,0,medqa_test_632,medqa_test_632__native__wrong,138,2.050907850265503,7.774956399478846,gemma-2-2b-it
medqa-native,native,1,medqa_test_839,medqa_test_839__native__correct,136,2.1888394355773926,8.924849239385166,gemma-2-2b-it
medqa-native,native,0,medqa_test_839,medqa_test_839__native__wrong,136,2.191823959350586,8.951525452206685,gemma-2-2b-it
medqa-native,native,1,medqa_test_872,medqa_test_872__native__correct,93,1.992089033126831,7.330832128512793,gemma-2-2b-it
medqa-native,native,0,medqa_test_872,medqa_test_872__native__wrong,90,2.1059162616729736,8.21462630965906,gemma-2-2b-it
medqa-native,native,1,medqa_test_226,medqa_test_226__native__correct,312,1.8865348100662231,6.596471006629072,gemma-2-2b-it
medqa-native,native,0,medqa_test_226,medqa_test_226__native__wrong,311,1.8823156356811523,6.568697975955812,gemma-2-2b-it
medqa-native,native,1,medqa_test_1056,medqa_test_1056__native__correct,128,2.1104884147644043,8.25227083141541,gemma-2-2b-it
medqa-native,native,0,medqa_test_1056,medqa_test_1056__native__wrong,130,2.170510053634644,8.762752374797197,gemma-2-2b-it
medqa-native,native,1,medqa_test_502,medqa_test_502__native__correct,100,2.331626415252685,10.294671335033724,gemma-2-2b-it
medqa-native,native,0,medqa_test_502,medqa_test_502__native__wrong,102,2.423570156097412,11.286080543395936,gemma-2-2b-it
medqa-native,native,1,medqa_test_794,medqa_test_794__native__correct,172,1.5513073205947876,4.71763361250378,gemma-2-2b-it
medqa-native,native,0,medqa_test_794,medqa_test_794__native__wrong,173,1.5706804990768433,4.809920226615149,gemma-2-2b-it
medqa-native,native,1,medqa_test_115,medqa_test_115__native__correct,75,2.213292121887207,9.14577589511886,gemma-2-2b-it
medqa-native,native,0,medqa_test_115,medqa_test_115__native__wrong,82,2.14691424369812,8.558408446317127,gemma-2-2b-it
medqa-native,native,1,medqa_test_751,medqa_test_751__native__correct,93,2.330822467803955,10.28639828627222,gemma-2-2b-it
medqa-native,native,0,medqa_test_751,medqa_test_751__native__wrong,95,2.339124917984009,10.372156102965029,gemma-2-2b-it
medqa-native,native,1,medqa_test_419,medqa_test_419__native__correct,180,1.878115177154541,6.541164300049169,gemma-2-2b-it
medqa-native,native,0,medqa_test_419,medqa_test_419__native__wrong,180,1.8515150547027588,6.369462299901299,gemma-2-2b-it
medqa-native,native,1,medqa_test_310,medqa_test_310__native__correct,106,2.654897689819336,14.223530772883423,gemma-2-2b-it
medqa-native,native,0,medqa_test_310,medqa_test_310__native__wrong,109,2.685701370239258,14.668485812647674,gemma-2-2b-it
medqa-native,native,1,medqa_test_213,medqa_test_213__native__correct,153,1.6735295057296753,5.330950250748666,gemma-2-2b-it
medqa-native,native,0,medqa_test_213,medqa_test_213__native__wrong,152,1.645259141921997,5.182352697792864,gemma-2-2b-it
medqa-native,native,1,medqa_test_1047,medqa_test_1047__native__correct,296,1.696149230003357,5.452909012325194,gemma-2-2b-it
medqa-native,native,0,medqa_test_1047,medqa_test_1047__native__wrong,300,1.6984243392944336,5.465329099453018,gemma-2-2b-it
medqa-native,native,1,medqa_test_60,medqa_test_60__native__correct,141,1.972259759902954,7.186898817933705,gemma-2-2b-it
medqa-native,native,0,medqa_test_60,medqa_test_60__native__wrong,143,1.9867615699768064,7.291881237332701,gemma-2-2b-it
medqa-native,native,1,medqa_test_755,medqa_test_755__native__correct,266,2.186612367630005,8.904995110162366,gemma-2-2b-it
medqa-native,native,0,medqa_test_755,medqa_test_755__native__wrong,266,2.185331344604492,8.89359490990268,gemma-2-2b-it
medqa-native,native,1,medqa_test_479,medqa_test_479__native__correct,166,1.6251987218856812,5.07942833046844,gemma-2-2b-it
medqa-native,native,0,medqa_test_479,medqa_test_479__native__wrong,165,1.666345715522766,5.292791050494539,gemma-2-2b-it
medqa-native,native,1,medqa_test_155,medqa_test_155__native__correct,243,1.9714592695236208,7.181148076586349,gemma-2-2b-it
medqa-native,native,0,medqa_test_155,medqa_test_155__native__wrong,243,1.946483135223389,7.004012052492052,gemma-2-2b-it
medqa-native,native,1,medqa_test_910,medqa_test_910__native__correct,184,2.045127391815185,7.730143232165544,gemma-2-2b-it
medqa-native,native,0,medqa_test_910,medqa_test_910__native__wrong,184,2.0573291778564453,7.825042579307383,gemma-2-2b-it
medqa-native,native,1,medqa_test_76,medqa_test_76__native__correct,193,1.597895622253418,4.942620332512759,gemma-2-2b-it
medqa-native,native,0,medqa_test_76,medqa_test_76__native__wrong,190,1.6330664157867432,5.119549340719415,gemma-2-2b-it
medqa-native,native,1,medqa_test_1210,medqa_test_1210__native__correct,130,2.3177177906036377,10.152477766306426,gemma-2-2b-it
medqa-native,native,0,medqa_test_1210,medqa_test_1210__native__wrong,126,2.3387444019317627,10.368210081881244,gemma-2-2b-it
medqa-native,native,1,medqa_test_404,medqa_test_404__native__correct,113,2.463080644607544,11.74092550311547,gemma-2-2b-it
medqa-native,native,0,medqa_test_404,medqa_test_404__native__wrong,110,2.543138265609741,12.719525650760415,gemma-2-2b-it
medqa-native,native,1,medqa_test_906,medqa_test_906__native__correct,166,2.0687248706817627,7.914724383514527,gemma-2-2b-it
medqa-native,native,0,medqa_test_906,medqa_test_906__native__wrong,168,2.024016857147217,7.56866620553041,gemma-2-2b-it
medqa-native,native,1,medqa_test_322,medqa_test_322__native__correct,250,1.8857567310333248,6.591340427104712,gemma-2-2b-it
medqa-native,native,0,medqa_test_322,medqa_test_322__native__wrong,249,1.919046401977539,6.814457117114102,gemma-2-2b-it
medqa-native,native,1,medqa_test_295,medqa_test_295__native__correct,84,2.678946256637573,14.569732445248436,gemma-2-2b-it
medqa-native,native,0,medqa_test_295,medqa_test_295__native__wrong,84,2.794437885284424,16.35343366333932,gemma-2-2b-it
medqa-native,native,1,medqa_test_37,medqa_test_37__native__correct,92,2.4106359481811523,11.141044019336324,gemma-2-2b-it
medqa-native,native,0,medqa_test_37,medqa_test_37__native__wrong,92,2.4629480838775635,11.739369220613382,gemma-2-2b-it
medqa-native,native,1,medqa_test_397,medqa_test_397__native__correct,174,1.8726778030395508,6.505694062467887,gemma-2-2b-it
medqa-native,native,0,medqa_test_397,medqa_test_397__native__wrong,173,1.925147294998169,6.8561584693770445,gemma-2-2b-it
medqa-native,native,1,medqa_test_205,medqa_test_205__native__correct,218,2.14042329788208,8.503036184410036,gemma-2-2b-it
medqa-native,native,0,medqa_test_205,medqa_test_205__native__wrong,216,2.177699565887451,8.82597930340815,gemma-2-2b-it
medqa-native,native,1,medqa_test_33,medqa_test_33__native__correct,110,2.1902785301208496,8.937702187312158,gemma-2-2b-it
medqa-native,native,0,medqa_test_33,medqa_test_33__native__wrong,110,2.1525473594665527,8.606754994897045,gemma-2-2b-it
medqa-native,native,1,medqa_test_1002,medqa_test_1002__native__correct,72,2.256566047668457,9.550237732788013,gemma-2-2b-it
medqa-native,native,0,medqa_test_1002,medqa_test_1002__native__wrong,70,2.2324864864349365,9.323018842924345,gemma-2-2b-it
medqa-native,native,1,medqa_test_666,medqa_test_666__native__correct,150,2.217975378036499,9.18870835971475,gemma-2-2b-it
medqa-native,native,0,medqa_test_666,medqa_test_666__native__wrong,144,2.291836738586426,9.89309202754118,gemma-2-2b-it
medqa-native,native,1,medqa_test_998,medqa_test_998__native__correct,85,2.0910606384277344,8.093494885199819,gemma-2-2b-it
medqa-native,native,0,medqa_test_998,medqa_test_998__native__wrong,74,2.022599220275879,7.55794418701066,gemma-2-2b-it
medqa-native,native,1,medqa_test_595,medqa_test_595__native__correct,138,2.1984496116638184,9.011032064897831,gemma-2-2b-it
medqa-native,native,0,medqa_test_595,medqa_test_595__native__wrong,135,2.349116563796997,10.476310483400344,gemma-2-2b-it
medqa-native,native,1,medqa_test_1135,medqa_test_1135__native__correct,142,2.239208221435547,9.38589679270576,gemma-2-2b-it
medqa-native,native,0,medqa_test_1135,medqa_test_1135__native__wrong,144,2.1907901763916016,8.942276299369292,gemma-2-2b-it
medqa-native,native,1,medqa_test_1120,medqa_test_1120__native__correct,119,2.249436378479004,9.482389850953362,gemma-2-2b-it
medqa-native,native,0,medqa_test_1120,medqa_test_1120__native__wrong,118,2.356586217880249,10.554857894558149,gemma-2-2b-it
medqa-native,native,1,medqa_test_1001,medqa_test_1001__native__correct,231,2.4568350315093994,11.667824742168024,gemma-2-2b-it
medqa-native,native,0,medqa_test_1001,medqa_test_1001__native__wrong,228,2.421571493148804,11.263545999359428,gemma-2-2b-it
medqa-native,native,1,medqa_test_245,medqa_test_245__native__correct,304,1.8322049379348757,6.247647156646959,gemma-2-2b-it
medqa-native,native,0,medqa_test_245,medqa_test_245__native__wrong,306,1.8036566972732544,6.071809689378959,gemma-2-2b-it
medqa-native,native,1,medqa_test_643,medqa_test_643__native__correct,133,2.463841676712036,11.749864125217572,gemma-2-2b-it
medqa-native,native,0,medqa_test_643,medqa_test_643__native__wrong,125,2.576627492904663,13.152705684110142,gemma-2-2b-it
medqa-native,native,1,medqa_test_1081,medqa_test_1081__native__correct,189,1.7501202821731567,5.755294893751147,gemma-2-2b-it
medqa-native,native,0,medqa_test_1081,medqa_test_1081__native__wrong,188,1.7837703227996826,5.952256091909616,gemma-2-2b-it
medqa-native,native,1,medqa_test_729,medqa_test_729__native__correct,269,1.91260826587677,6.770725640395004,gemma-2-2b-it
medqa-native,native,0,medqa_test_729,medqa_test_729__native__wrong,268,1.9415431022644043,6.96949732424638,gemma-2-2b-it
medqa-native,native,1,medqa_test_615,medqa_test_615__native__correct,181,2.184478759765625,8.886015597182146,gemma-2-2b-it
medqa-native,native,0,medqa_test_615,medqa_test_615__native__wrong,181,2.227510929107666,9.276746838174056,gemma-2-2b-it
medqa-native,native,1,medqa_test_896,medqa_test_896__native__correct,184,2.11352014541626,8.277327457120416,gemma-2-2b-it
medqa-native,native,0,medqa_test_896,medqa_test_896__native__wrong,186,2.0978870391845703,8.148933332052739,gemma-2-2b-it
medqa-native,native,1,medqa_test_926,medqa_test_926__native__correct,273,1.940312147140503,6.960923463905369,gemma-2-2b-it
medqa-native,native,0,medqa_test_926,medqa_test_926__native__wrong,278,1.9185608625411987,6.811149232565678,gemma-2-2b-it
medqa-native,native,1,medqa_test_385,medqa_test_385__native__correct,138,2.0275681018829346,7.595592173602687,gemma-2-2b-it
medqa-native,native,0,medqa_test_385,medqa_test_385__native__wrong,135,2.06472110748291,7.883099053711034,gemma-2-2b-it
medqa-native,native,1,medqa_test_1244,medqa_test_1244__native__correct,153,2.1465935707092285,8.555664435889017,gemma-2-2b-it
medqa-native,native,0,medqa_test_1244,medqa_test_1244__native__wrong,154,2.1061713695526123,8.216722192885737,gemma-2-2b-it
medqa-native,native,1,medqa_test_1152,medqa_test_1152__native__correct,289,1.900408744812012,6.6886278255362654,gemma-2-2b-it
medqa-native,native,0,medqa_test_1152,medqa_test_1152__native__wrong,288,1.918052077293396,6.8076847017413895,gemma-2-2b-it
medqa-native,native,1,medqa_test_944,medqa_test_944__native__correct,310,1.3625617027282717,3.906186985764896,gemma-2-2b-it
medqa-native,native,0,medqa_test_944,medqa_test_944__native__wrong,310,1.363670825958252,3.910521831986399,gemma-2-2b-it
medqa-native,native,1,medqa_test_149,medqa_test_149__native__correct,192,2.030934333801269,7.621203781537318,gemma-2-2b-it
medqa-native,native,0,medqa_test_149,medqa_test_149__native__wrong,192,2.023121833801269,7.561895103178128,gemma-2-2b-it
medqa-native,native,1,medqa_test_933,medqa_test_933__native__correct,298,1.7498245239257812,5.753592969511713,gemma-2-2b-it
medqa-native,native,0,medqa_test_933,medqa_test_933__native__wrong,304,1.6966725587844849,5.455763423384801,gemma-2-2b-it
medqa-native,native,1,medqa_test_591,medqa_test_591__native__correct,145,2.0334460735321045,7.640370322476838,gemma-2-2b-it
medqa-native,native,0,medqa_test_591,medqa_test_591__native__wrong,144,2.095073938369751,8.126041774282436,gemma-2-2b-it
medqa-native,native,1,medqa_test_1151,medqa_test_1151__native__correct,176,2.289560317993164,9.87059680312906,gemma-2-2b-it
medqa-native,native,0,medqa_test_1151,medqa_test_1151__native__wrong,177,2.284709930419922,9.822836504668816,gemma-2-2b-it
medqa-native,native,1,medqa_test_140,medqa_test_140__native__correct,178,2.3121962547302246,10.096574972782973,gemma-2-2b-it
medqa-native,native,0,medqa_test_140,medqa_test_140__native__wrong,177,2.280719041824341,9.783712779627692,gemma-2-2b-it
medqa-native,native,1,medqa_test_1154,medqa_test_1154__native__correct,130,1.8154397010803225,6.143777009010267,gemma-2-2b-it
medqa-native,native,0,medqa_test_1154,medqa_test_1154__native__wrong,130,1.811266541481018,6.1181914704087,gemma-2-2b-it
medqa-native,native,1,medqa_test_828,medqa_test_828__native__correct,209,1.4490745067596436,4.259170856698282,gemma-2-2b-it
medqa-native,native,0,medqa_test_828,medqa_test_828__native__wrong,213,1.4374147653579712,4.209798420190192,gemma-2-2b-it
medqa-native,native,1,medqa_test_851,medqa_test_851__native__correct,216,1.973921298980713,7.198850057143593,gemma-2-2b-it
medqa-native,native,0,medqa_test_851,medqa_test_851__native__wrong,216,2.0081593990325928,7.44959299259457,gemma-2-2b-it
medqa-native,native,1,medqa_test_7,medqa_test_7__native__correct,182,1.503796935081482,4.498738099339106,gemma-2-2b-it
medqa-native,native,0,medqa_test_7,medqa_test_7__native__wrong,182,1.5135085582733154,4.542640987692841,gemma-2-2b-it
medqa-native,native,1,medqa_test_953,medqa_test_953__native__correct,252,1.8483847379684448,6.349555039745876,gemma-2-2b-it
medqa-native,native,0,medqa_test_953,medqa_test_953__native__wrong,249,1.8590062856674197,6.417356582698153,gemma-2-2b-it
medqa-native,native,1,medqa_test_91,medqa_test_91__native__correct,112,2.368860483169556,10.685209368198596,gemma-2-2b-it
medqa-native,native,0,medqa_test_91,medqa_test_91__native__wrong,118,2.2080531120300293,9.097986379232603,gemma-2-2b-it
medqa-native,native,1,medqa_test_184,medqa_test_184__native__correct,239,2.1333281993865967,8.442919823113323,gemma-2-2b-it
medqa-native,native,0,medqa_test_184,medqa_test_184__native__wrong,238,2.15276837348938,8.608657418665375,gemma-2-2b-it
medqa-native,native,1,medqa_test_116,medqa_test_116__native__correct,144,2.644874334335327,14.081675388834393,gemma-2-2b-it
medqa-native,native,0,medqa_test_116,medqa_test_116__native__wrong,145,2.597341060638428,13.427986323866108,gemma-2-2b-it
medqa-native,native,1,medqa_test_684,medqa_test_684__native__correct,169,2.325667142868042,10.233505018823545,gemma-2-2b-it
medqa-native,native,0,medqa_test_684,medqa_test_684__native__wrong,173,2.285176038742065,9.82741607771634,gemma-2-2b-it
medqa-native,native,1,medqa_test_99,medqa_test_99__native__correct,115,2.5338141918182373,12.601479047848182,gemma-2-2b-it
medqa-native,native,0,medqa_test_99,medqa_test_99__native__wrong,114,2.5312929153442383,12.569747254308991,gemma-2-2b-it
medqa-native,native,1,medqa_test_585,medqa_test_585__native__correct,186,1.6232069730758667,5.069321453657839,gemma-2-2b-it
medqa-native,native,0,medqa_test_585,medqa_test_585__native__wrong,187,1.6608290672302246,5.263672974721366,gemma-2-2b-it
medqa-native,native,1,medqa_test_144,medqa_test_144__native__correct,158,2.060469150543213,7.849651614909773,gemma-2-2b-it
medqa-native,native,0,medqa_test_144,medqa_test_144__native__wrong,155,2.079976797103882,8.004283189590337,gemma-2-2b-it
medqa-native,native,1,medqa_test_1079,medqa_test_1079__native__correct,220,2.1414358615875244,8.511650410726904,gemma-2-2b-it
medqa-native,native,0,medqa_test_1079,medqa_test_1079__native__wrong,218,2.19926381111145,9.018371829838472,gemma-2-2b-it
medqa-native,native,1,medqa_test_884,medqa_test_884__native__correct,65,2.053106546401977,7.792069972955286,gemma-2-2b-it
medqa-native,native,0,medqa_test_884,medqa_test_884__native__wrong,65,2.085308074951172,8.047070200621613,gemma-2-2b-it
medqa-native,native,1,medqa_test_617,medqa_test_617__native__correct,66,2.2356793880462646,9.352833897749228,gemma-2-2b-it
medqa-native,native,0,medqa_test_617,medqa_test_617__native__wrong,66,2.479525566101074,11.935600420915556,gemma-2-2b-it
medqa-native,native,1,medqa_test_301,medqa_test_301__native__correct,112,2.435213565826416,11.418257002483024,gemma-2-2b-it
medqa-native,native,0,medqa_test_301,medqa_test_301__native__wrong,113,2.4423863887786865,11.500452573114131,gemma-2-2b-it
medqa-native,native,1,medqa_test_524,medqa_test_524__native__correct,142,2.4666168689727783,11.782517546005764,gemma-2-2b-it
medqa-native,native,0,medqa_test_524,medqa_test_524__native__wrong,142,2.510983943939209,12.31704338030235,gemma-2-2b-it
medqa-native,native,1,medqa_test_557,medqa_test_557__native__correct,241,2.329806327819824,10.27595117444379,gemma-2-2b-it
medqa-native,native,0,medqa_test_557,medqa_test_557__native__wrong,241,2.3183956146240234,10.15936169238452,gemma-2-2b-it
medqa-native,native,1,medqa_test_1096,medqa_test_1096__native__correct,140,2.541541337966919,12.699229698541886,gemma-2-2b-it
medqa-native,native,0,medqa_test_1096,medqa_test_1096__native__wrong,143,2.661958932876587,14.324322017745084,gemma-2-2b-it
medqa-native,native,1,medqa_test_868,medqa_test_868__native__correct,232,1.8584495782852173,6.413784987173382,gemma-2-2b-it
medqa-native,native,0,medqa_test_868,medqa_test_868__native__wrong,232,1.8662400245666504,6.463946370663014,gemma-2-2b-it
medqa-native,native,1,medqa_test_547,medqa_test_547__native__correct,265,1.7349933385849,5.668890040849484,gemma-2-2b-it
medqa-native,native,0,medqa_test_547,medqa_test_547__native__wrong,263,1.755744695663452,5.787756254476191,gemma-2-2b-it
medqa-native,native,1,medqa_test_661,medqa_test_661__native__correct,95,2.366872787475586,10.663991517849013,gemma-2-2b-it
medqa-native,native,0,medqa_test_661,medqa_test_661__native__wrong,96,2.262648344039917,9.608502120111648,gemma-2-2b-it
medqa-native,native,1,medqa_test_895,medqa_test_895__native__correct,243,1.8573896884918213,6.406990683171214,gemma-2-2b-it
medqa-native,native,0,medqa_test_895,medqa_test_895__native__wrong,243,1.9514939785003664,7.039196136544251,gemma-2-2b-it
medqa-native,native,1,medqa_test_818,medqa_test_818__native__correct,155,2.0945374965667725,8.121683794787657,gemma-2-2b-it
medqa-native,native,0,medqa_test_818,medqa_test_818__native__wrong,155,2.094437837600708,8.12087443650854,gemma-2-2b-it
medqa-native,native,1,medqa_test_390,medqa_test_390__native__correct,238,1.7682881355285645,5.860811853398824,gemma-2-2b-it
medqa-native,native,0,medqa_test_390,medqa_test_390__native__wrong,242,1.7457692623138428,5.730307890266268,gemma-2-2b-it
medqa-native,native,1,medqa_test_515,medqa_test_515__native__correct,128,2.2950825691223145,9.925255498087996,gemma-2-2b-it
medqa-native,native,0,medqa_test_515,medqa_test_515__native__wrong,133,2.2968010902404785,9.942326923866052,gemma-2-2b-it
medqa-native,native,1,medqa_test_380,medqa_test_380__native__correct,238,1.6589605808258057,5.253847055987296,gemma-2-2b-it
medqa-native,native,0,medqa_test_380,medqa_test_380__native__wrong,238,1.6783316135406494,5.3566116135900925,gemma-2-2b-it
medqa-native,native,1,medqa_test_534,medqa_test_534__native__correct,179,1.7981032133102417,6.03818344945731,gemma-2-2b-it
medqa-native,native,0,medqa_test_534,medqa_test_534__native__wrong,180,1.826193928718567,6.210205136909546,gemma-2-2b-it
medqa-native,native,1,medqa_test_937,medqa_test_937__native__correct,364,1.3426198959350586,3.829062120055281,gemma-2-2b-it
medqa-native,native,0,medqa_test_937,medqa_test_937__native__wrong,362,1.3219265937805176,3.7506403814154665,gemma-2-2b-it
medqa-native,native,1,medqa_test_98,medqa_test_98__native__correct,103,1.8983967304229736,6.675183739491016,gemma-2-2b-it
medqa-native,native,0,medqa_test_98,medqa_test_98__native__wrong,103,1.9635090827941892,7.12428295213992,gemma-2-2b-it
medqa-native,native,1,medqa_test_369,medqa_test_369__native__correct,82,2.080175876617432,8.00587683702005,gemma-2-2b-it
medqa-native,native,0,medqa_test_369,medqa_test_369__native__wrong,82,2.010584592819214,7.467681624586237,gemma-2-2b-it
medqa-native,native,1,medqa_test_1260,medqa_test_1260__native__correct,104,2.244858741760254,9.43908211415845,gemma-2-2b-it
medqa-native,native,0,medqa_test_1260,medqa_test_1260__native__wrong,107,2.3404769897460938,10.386189487277244,gemma-2-2b-it
medqa-native,native,1,medqa_test_780,medqa_test_780__native__correct,389,1.7124663591384888,5.5426147122597325,gemma-2-2b-it
medqa-native,native,0,medqa_test_780,medqa_test_780__native__wrong,390,1.717589020729065,5.57108049980674,gemma-2-2b-it
medqa-native,native,1,medqa_test_128,medqa_test_128__native__correct,262,2.013235569000244,7.487504534121962,gemma-2-2b-it
medqa-native,native,0,medqa_test_128,medqa_test_128__native__wrong,261,1.966555118560791,7.146016857144991,gemma-2-2b-it
medqa-native,native,1,medqa_test_1268,medqa_test_1268__native__correct,189,1.906872630119324,6.7320023817198456,gemma-2-2b-it
medqa-native,native,0,medqa_test_1268,medqa_test_1268__native__wrong,187,1.9578062295913696,7.083769842246794,gemma-2-2b-it
medqa-native,native,1,medqa_test_588,medqa_test_588__native__correct,213,2.179429769515991,8.841263263192822,gemma-2-2b-it
medqa-native,native,0,medqa_test_588,medqa_test_588__native__wrong,215,2.1079437732696533,8.231298455537512,gemma-2-2b-it
medqa-native,native,1,medqa_test_232,medqa_test_232__native__correct,193,1.965962648391724,7.141784309282463,gemma-2-2b-it
medqa-native,native,0,medqa_test_232,medqa_test_232__native__wrong,194,1.9153392314910889,6.789241530925196,gemma-2-2b-it
medqa-native,native,1,medqa_test_657,medqa_test_657__native__correct,427,2.13779354095459,8.48070464223296,gemma-2-2b-it
medqa-native,native,0,medqa_test_657,medqa_test_657__native__wrong,427,2.089599132537842,8.081674834396186,gemma-2-2b-it
medqa-native,native,1,medqa_test_1125,medqa_test_1125__native__correct,277,2.255149602890014,9.536719924293234,gemma-2-2b-it
medqa-native,native,0,medqa_test_1125,medqa_test_1125__native__wrong,278,2.2342638969421387,9.339604409888686,gemma-2-2b-it
medqa-native,native,1,medqa_test_782,medqa_test_782__native__correct,220,1.6791313886642456,5.360897411914403,gemma-2-2b-it
medqa-native,native,0,medqa_test_782,medqa_test_782__native__wrong,220,1.6849879026412964,5.392385698330868,gemma-2-2b-it
medqa-native,native,1,medqa_test_647,medqa_test_647__native__correct,103,2.249638080596924,9.484302661971771,gemma-2-2b-it
medqa-native,native,0,medqa_test_647,medqa_test_647__native__wrong,101,2.4145967960357666,11.185259507243154,gemma-2-2b-it
medqa-native,native,1,medqa_test_381,medqa_test_381__native__correct,147,2.728177547454834,15.304969008285775,gemma-2-2b-it
medqa-native,native,0,medqa_test_381,medqa_test_381__native__wrong,144,2.67999529838562,14.585024722557622,gemma-2-2b-it
medqa-native,native,1,medqa_test_1136,medqa_test_1136__native__correct,139,2.321418046951294,10.190114125751858,gemma-2-2b-it
medqa-native,native,0,medqa_test_1136,medqa_test_1136__native__wrong,139,2.310702085494995,10.08150024597854,gemma-2-2b-it
medqa-native,native,1,medqa_test_176,medqa_test_176__native__correct,107,2.0102548599243164,7.465219690218668,gemma-2-2b-it
medqa-native,native,0,medqa_test_176,medqa_test_176__native__wrong,107,2.1346168518066406,8.453806825449968,gemma-2-2b-it
medqa-native,native,1,medqa_test_805,medqa_test_805__native__correct,96,2.082343101501465,8.023246187365434,gemma-2-2b-it
medqa-native,native,0,medqa_test_805,medqa_test_805__native__wrong,96,2.1560981273651123,8.63736990529829,gemma-2-2b-it
medqa-native,native,1,medqa_test_653,medqa_test_653__native__correct,264,1.525462627410889,4.597269900490439,gemma-2-2b-it
medqa-native,native,0,medqa_test_653,medqa_test_653__native__wrong,265,1.539025902748108,4.660048718739846,gemma-2-2b-it
medqa-native,native,1,medqa_test_844,medqa_test_844__native__correct,123,2.6005301475524902,13.47087769513777,gemma-2-2b-it
medqa-native,native,0,medqa_test_844,medqa_test_844__native__wrong,121,2.427486658096313,11.33036917204334,gemma-2-2b-it
medqa-native,native,1,medqa_test_188,medqa_test_188__native__correct,182,2.2092108726501465,9.108525769453063,gemma-2-2b-it
medqa-native,native,0,medqa_test_188,medqa_test_188__native__wrong,181,2.19836688041687,9.010286601815784,gemma-2-2b-it
medqa-native,native,1,medqa_test_297,medqa_test_297__native__correct,231,1.5360331535339355,4.646123209770551,gemma-2-2b-it
medqa-native,native,0,medqa_test_297,medqa_test_297__native__wrong,233,1.5560566186904907,4.740092350241443,gemma-2-2b-it
medqa-native,native,1,medqa_test_797,medqa_test_797__native__correct,146,2.133188009262085,8.441736292093697,gemma-2-2b-it
medqa-native,native,0,medqa_test_797,medqa_test_797__native__wrong,147,2.1995275020599365,9.020750206424491,gemma-2-2b-it
medqa-native,native,1,medqa_test_522,medqa_test_522__native__correct,474,1.593282699584961,4.919872913518649,gemma-2-2b-it
medqa-native,native,0,medqa_test_522,medqa_test_522__native__wrong,471,1.5845580101013184,4.877135257537651,gemma-2-2b-it
medqa-native,native,1,medqa_test_508,medqa_test_508__native__correct,178,2.417961359024048,11.22295639861667,gemma-2-2b-it
medqa-native,native,0,medqa_test_508,medqa_test_508__native__wrong,176,2.458104133605957,11.682641803203468,gemma-2-2b-it
medqa-native,native,1,medqa_test_354,medqa_test_354__native__correct,153,2.075432300567627,7.967990281319435,gemma-2-2b-it
medqa-native,native,0,medqa_test_354,medqa_test_354__native__wrong,152,2.109358310699463,8.242950174252083,gemma-2-2b-it
medqa-native,native,1,medqa_test_207,medqa_test_207__native__correct,138,1.927894949913025,6.875022731265259,gemma-2-2b-it
medqa-native,native,0,medqa_test_207,medqa_test_207__native__wrong,116,1.9474263191223145,7.010621240237619,gemma-2-2b-it
medqa-native,native,1,medqa_test_113,medqa_test_113__native__correct,187,1.8432815074920652,6.3172343370968544,gemma-2-2b-it
medqa-native,native,0,medqa_test_113,medqa_test_113__native__wrong,186,1.8816313743591309,6.564204807420859,gemma-2-2b-it
medqa-native,native,1,medqa_test_700,medqa_test_700__native__correct,177,2.339667320251465,10.37778350997488,gemma-2-2b-it
medqa-native,native,0,medqa_test_700,medqa_test_700__native__wrong,179,2.325413465499878,10.23090933944975,gemma-2-2b-it
medqa-native,native,1,medqa_test_855,medqa_test_855__native__correct,191,2.183922529220581,8.881074298261352,gemma-2-2b-it
medqa-native,native,0,medqa_test_855,medqa_test_855__native__wrong,193,2.1882970333099365,8.920009693529993,gemma-2-2b-it
medqa-native,native,1,medqa_test_927,medqa_test_927__native__correct,200,1.9536499977111816,7.054389150973538,gemma-2-2b-it
medqa-native,native,0,medqa_test_927,medqa_test_927__native__wrong,201,1.9779914617538448,7.228210258522576,gemma-2-2b-it
medqa-native,native,1,medqa_test_965,medqa_test_965__native__correct,171,2.1953775882720947,8.983392440134812,gemma-2-2b-it
medqa-native,native,0,medqa_test_965,medqa_test_965__native__wrong,173,2.193005323410034,8.962106711582303,gemma-2-2b-it
medqa-native,native,1,medqa_test_744,medqa_test_744__native__correct,216,2.323213815689087,10.20842965443837,gemma-2-2b-it
medqa-native,native,0,medqa_test_744,medqa_test_744__native__wrong,215,2.3082103729248047,10.056411315271925,gemma-2-2b-it
medqa-native,native,1,medqa_test_513,medqa_test_513__native__correct,228,1.905598521232605,6.7234305395496206,gemma-2-2b-it
medqa-native,native,0,medqa_test_513,medqa_test_513__native__wrong,228,1.914885401725769,6.786161070089797,gemma-2-2b-it
medqa-native,native,1,medqa_test_364,medqa_test_364__native__correct,103,2.962529182434082,19.34684162103217,gemma-2-2b-it
medqa-native,native,0,medqa_test_364,medqa_test_364__native__wrong,104,3.011680841445923,20.32152850219352,gemma-2-2b-it
medqa-native,native,1,medqa_test_1007,medqa_test_1007__native__correct,243,1.9412376880645752,6.9673690658146,gemma-2-2b-it
medqa-native,native,0,medqa_test_1007,medqa_test_1007__native__wrong,242,1.9749802350997925,7.206477217109804,gemma-2-2b-it
medqa-native,native,1,medqa_test_243,medqa_test_243__native__correct,149,2.1990737915039062,9.01665832516758,gemma-2-2b-it
medqa-native,native,0,medqa_test_243,medqa_test_243__native__wrong,144,2.3250491619110107,10.227182861285913,gemma-2-2b-it
medqa-native,native,1,medqa_test_786,medqa_test_786__native__correct,146,2.247654438018799,9.465507842652467,gemma-2-2b-it
medqa-native,native,0,medqa_test_786,medqa_test_786__native__wrong,146,2.236952543258667,9.364749090312172,gemma-2-2b-it
medqa-native,native,1,medqa_test_977,medqa_test_977__native__correct,72,2.2473840713500977,9.462949030753796,gemma-2-2b-it
medqa-native,native,0,medqa_test_977,medqa_test_977__native__wrong,72,2.2944211959838867,9.918693370956031,gemma-2-2b-it
medqa-native,native,1,medqa_test_984,medqa_test_984__native__correct,168,3.070627927780152,21.555433681932342,gemma-2-2b-it
medqa-native,native,0,medqa_test_984,medqa_test_984__native__wrong,162,3.002530336380005,20.13642444209549,gemma-2-2b-it
medqa-native,native,1,medqa_test_483,medqa_test_483__native__correct,250,1.3816252946853638,3.981367266846104,gemma-2-2b-it
medqa-native,native,0,medqa_test_483,medqa_test_483__native__wrong,252,1.3698703050613403,3.934840333499817,gemma-2-2b-it
medqa-native,native,1,medqa_test_697,medqa_test_697__native__correct,95,1.9092693328857424,6.748156340838294,gemma-2-2b-it
medqa-native,native,0,medqa_test_697,medqa_test_697__native__wrong,94,1.9522171020507808,7.044288185915097,gemma-2-2b-it
medqa-native,native,1,medqa_test_905,medqa_test_905__native__correct,545,1.8136394023895264,6.132726325554558,gemma-2-2b-it
medqa-native,native,0,medqa_test_905,medqa_test_905__native__wrong,545,1.8071484565734863,6.093048045365763,gemma-2-2b-it
medqa-native,native,1,medqa_test_368,medqa_test_368__native__correct,166,1.636763572692871,5.138512150562236,gemma-2-2b-it
medqa-native,native,0,medqa_test_368,medqa_test_368__native__wrong,164,1.6488276720046997,5.200879115673637,gemma-2-2b-it
medqa-native,native,1,medqa_test_537,medqa_test_537__native__correct,200,1.95235288143158,7.045244719940476,gemma-2-2b-it
medqa-native,native,0,medqa_test_537,medqa_test_537__native__wrong,200,1.9598239660263064,7.098077452393178,gemma-2-2b-it
medqa-native,native,1,medqa_test_1091,medqa_test_1091__native__correct,258,1.791141152381897,5.996291245633863,gemma-2-2b-it
medqa-native,native,0,medqa_test_1091,medqa_test_1091__native__wrong,259,1.804427146911621,6.076489515512057,gemma-2-2b-it
medqa-native,native,1,medqa_test_97,medqa_test_97__native__correct,109,2.2575247287750244,9.55939775533438,gemma-2-2b-it
medqa-native,native,0,medqa_test_97,medqa_test_97__native__wrong,109,2.317523002624512,10.150500378271168,gemma-2-2b-it
medqa-native,native,1,medqa_test_264,medqa_test_264__native__correct,361,2.2492711544036865,9.480823261281168,gemma-2-2b-it
medqa-native,native,0,medqa_test_264,medqa_test_264__native__wrong,363,2.242312431335449,9.41507785508783,gemma-2-2b-it
medqa-native,native,1,medqa_test_750,medqa_test_750__native__correct,139,2.58156418800354,13.217797117883904,gemma-2-2b-it
medqa-native,native,0,medqa_test_750,medqa_test_750__native__wrong,141,2.695698976516724,14.815871080809616,gemma-2-2b-it
medqa-native,native,1,medqa_test_952,medqa_test_952__native__correct,118,2.1798689365386963,8.845146907178835,gemma-2-2b-it
medqa-native,native,0,medqa_test_952,medqa_test_952__native__wrong,118,2.254913568496704,9.53446919602682,gemma-2-2b-it
medqa-native,native,1,medqa_test_637,medqa_test_637__native__correct,168,2.614473342895508,13.660020336379258,gemma-2-2b-it
medqa-native,native,0,medqa_test_637,medqa_test_637__native__wrong,173,2.580313444137573,13.201275373606103,gemma-2-2b-it
medqa-native,native,1,medqa_test_616,medqa_test_616__native__correct,104,2.2160701751708984,9.171218672208369,gemma-2-2b-it
medqa-native,native,0,medqa_test_616,medqa_test_616__native__wrong,109,2.2511305809021,9.498468555259562,gemma-2-2b-it
medqa-native,native,1,medqa_test_803,medqa_test_803__native__correct,213,1.8856974840164185,6.590949921415253,gemma-2-2b-it
medqa-native,native,0,medqa_test_803,medqa_test_803__native__wrong,213,1.8867583274841309,6.597945597588019,gemma-2-2b-it
medqa-native,native,1,medqa_test_613,medqa_test_613__native__correct,219,1.9784225225448608,7.231326728199927,gemma-2-2b-it
medqa-native,native,0,medqa_test_613,medqa_test_613__native__wrong,217,1.967527151107788,7.152966395152904,gemma-2-2b-it
medqa-native,native,1,medqa_test_1189,medqa_test_1189__native__correct,145,2.762691736221313,15.842429247644535,gemma-2-2b-it
medqa-native,native,0,medqa_test_1189,medqa_test_1189__native__wrong,143,2.8800833225250244,17.815757571675785,gemma-2-2b-it
medqa-native,native,1,medqa_test_143,medqa_test_143__native__correct,100,2.182112216949463,8.865011324364714,gemma-2-2b-it
medqa-native,native,0,medqa_test_143,medqa_test_143__native__wrong,102,2.166876554489136,8.730970695848699,gemma-2-2b-it
medqa-native,native,1,medqa_test_174,medqa_test_174__native__correct,136,2.286973476409912,9.845096130188136,gemma-2-2b-it
medqa-native,native,0,medqa_test_174,medqa_test_174__native__wrong,136,2.3453927040100098,10.437370720182956,gemma-2-2b-it
medqa-native,native,1,medqa_test_132,medqa_test_132__native__correct,257,1.4110419750213623,4.10022551157717,gemma-2-2b-it
medqa-native,native,0,medqa_test_132,medqa_test_132__native__wrong,258,1.4321802854537964,4.18781988823489,gemma-2-2b-it
medqa-native,native,1,medqa_test_809,medqa_test_809__native__correct,224,1.897504806518555,6.669232637906778,gemma-2-2b-it
medqa-native,native,0,medqa_test_809,medqa_test_809__native__wrong,223,1.916099071502685,6.794402228692816,gemma-2-2b-it
medqa-native,native,1,medqa_test_840,medqa_test_840__native__correct,72,2.532193422317505,12.581071497378376,gemma-2-2b-it
medqa-native,native,0,medqa_test_840,medqa_test_840__native__wrong,72,2.635056972503662,13.944106871212725,gemma-2-2b-it
medqa-native,native,1,medqa_test_526,medqa_test_526__native__correct,175,2.729062795639038,15.318523703058936,gemma-2-2b-it
medqa-native,native,0,medqa_test_526,medqa_test_526__native__wrong,175,2.771338939666748,15.980015969279318,gemma-2-2b-it
medqa-native,native,1,medqa_test_831,medqa_test_831__native__correct,223,1.9726009368896484,7.189351240747408,gemma-2-2b-it
medqa-native,native,0,medqa_test_831,medqa_test_831__native__wrong,224,1.9390125274658203,6.9518827868111135,gemma-2-2b-it
medqa-native,native,1,medqa_test_1218,medqa_test_1218__native__correct,174,1.827397346496582,6.217683106834925,gemma-2-2b-it
medqa-native,native,0,medqa_test_1218,medqa_test_1218__native__wrong,175,1.825453519821167,6.205608747585257,gemma-2-2b-it
medqa-native,native,1,medqa_test_843,medqa_test_843__native__correct,248,1.850038766860962,6.360066077620059,gemma-2-2b-it
medqa-native,native,0,medqa_test_843,medqa_test_843__native__wrong,249,1.8641366958618164,6.450364854918094,gemma-2-2b-it
medqa-native,native,1,medqa_test_1222,medqa_test_1222__native__correct,70,2.311223268508911,10.086755922127136,gemma-2-2b-it
medqa-native,native,0,medqa_test_1222,medqa_test_1222__native__wrong,72,2.1197760105133057,8.329271609454599,gemma-2-2b-it
medqa-native,native,1,medqa_test_1270,medqa_test_1270__native__correct,220,2.181169033050537,8.856653930319087,gemma-2-2b-it
medqa-native,native,0,medqa_test_1270,medqa_test_1270__native__wrong,222,2.211418628692627,9.128657386931623,gemma-2-2b-it
medmcqa-native,native,1,medmcqa_validation_1617,medmcqa_validation_1617__native__correct,17,5.174462795257568,176.70166380300296,gemma-2-2b-it
medmcqa-native,native,0,medmcqa_validation_1617,medmcqa_validation_1617__native__wrong,15,5.92801570892334,375.408853827415,gemma-2-2b-it
medmcqa-native,native,1,medmcqa_validation_3694,medmcqa_validation_3694__native__correct,27,4.30526065826416,74.08852472242724,gemma-2-2b-it
medmcqa-native,native,0,medmcqa_validation_3694,medmcqa_validation_3694__native__wrong,27,4.030511856079102,56.28971610790813,gemma-2-2b-it
medmcqa-native,native,1,medmcqa_validation_1610,medmcqa_validation_1610__native__correct,17,4.819806098937988,123.941056147315,gemma-2-2b-it
medmcqa-native,native,0,medmcqa_validation_1610,medmcqa_validation_1610__native__wrong,17,4.636969566345215,103.23103827890576,gemma-2-2b-it
medmcqa-native,native,1,medmcqa_validation_3422,medmcqa_validation_3422__native__correct,39,2.8874690532684326,17.947827074629533,gemma-2-2b-it
medmcqa-native,native,0,medmcqa_validation_3422,medmcqa_validation_3422__native__wrong,40,2.863173484802246,17.517028847592787,gemma-2-2b-it
medmcqa-native,native,1,medmcqa_validation_352,medmcqa_validation_352__native__correct,25,3.829193353652954,46.02539703793125,gemma-2-2b-it
medmcqa-native,native,0,medmcqa_validation_352,medmcqa_validation_352__native__wrong,21,5.331741809844971,206.7978631902117,gemma-2-2b-it
medmcqa-native,native,1,medmcqa_validation_872,medmcqa_validation_872__native__correct,55,2.861710786819458,17.49142545441359,gemma-2-2b-it
medmcqa-native,native,0,medmcqa_validation_872,medmcqa_validation_872__native__wrong,50,3.275297164916992,26.45108464714419,gemma-2-2b-it
medmcqa-native,native,1,medmcqa_validation_1940,medmcqa_validation_1940__native__correct,20,4.723147392272949,112.52184631659124,gemma-2-2b-it
medmcqa-native,native,0,medmcqa_validation_1940,medmcqa_validation_1940__native__wrong,20,4.839877128601074,126.45381321858534,gemma-2-2b-it
medmcqa-native,native,1,medmcqa_validation_1966,medmcqa_validation_1966__native__correct,21,4.1453728675842285,63.14116080512009,gemma-2-2b-it
medmcqa-native,native,0,medmcqa_validation_1966,medmcqa_validation_1966__native__wrong,21,4.174095630645752,64.98104621272596,gemma-2-2b-it
medmcqa-native,native,1,medmcqa_validation_3192,medmcqa_validation_3192__native__correct,26,4.673653602600098,107.08828659376658,gemma-2-2b-it
medmcqa-native,native,0,medmcqa_validation_3192,medmcqa_validation_3192__native__wrong,29,5.158405303955078,173.88693757385673,gemma-2-2b-it
medmcqa-native,native,1,medmcqa_validation_2118,medmcqa_validation_2118__native__correct,20,4.919856071472168,136.98289602100925,gemma-2-2b-it
medmcqa-native,native,0,medmcqa_validation_2118,medmcqa_validation_2118__native__wrong,20,5.010480880737305,149.9768397843267,gemma-2-2b-it
medmcqa-native,native,1,medmcqa_validation_437,medmcqa_validation_437__native__correct,22,5.122605800628662,167.7719808463064,gemma-2-2b-it
medmcqa-native,native,0,medmcqa_validation_437,medmcqa_validation_437__native__wrong,23,5.000472068786621,148.48323686197278,gemma-2-2b-it
medmcqa-native,native,1,medmcqa_validation_2771,medmcqa_validation_2771__native__correct,66,3.252759456634521,25.86160552373793,gemma-2-2b-it
medmcqa-native,native,0,medmcqa_validation_2771,medmcqa_validation_2771__native__wrong,67,3.219853401184082,25.02445135748376,gemma-2-2b-it
medmcqa-native,native,1,medmcqa_validation_193,medmcqa_validation_193__native__correct,21,3.833440065383911,46.22126924347838,gemma-2-2b-it
medmcqa-native,native,0,medmcqa_validation_193,medmcqa_validation_193__native__wrong,23,3.452043056488037,31.564815177000668,gemma-2-2b-it
medmcqa-native,native,1,medmcqa_validation_1522,medmcqa_validation_1522__native__correct,12,6.793863773345947,892.3547660932726,gemma-2-2b-it
medmcqa-native,native,0,medmcqa_validation_1522,medmcqa_validation_1522__native__wrong,13,6.630424976348877,757.8041510612138,gemma-2-2b-it
medmcqa-native,native,1,medmcqa_validation_828,medmcqa_validation_828__native__correct,56,3.156733989715576,23.49373969529639,gemma-2-2b-it
medmcqa-native,native,0,medmcqa_validation_828,medmcqa_validation_828__native__wrong,56,3.1910853385925293,24.314802921323498,gemma-2-2b-it
medmcqa-native,native,1,medmcqa_validation_3367,medmcqa_validation_3367__native__correct,28,3.528164386749268,34.06138666241792,gemma-2-2b-it
medmcqa-native,native,0,medmcqa_validation_3367,medmcqa_validation_3367__native__wrong,28,3.5991947650909424,36.56877612971719,gemma-2-2b-it
medmcqa-native,native,1,medmcqa_validation_1839,medmcqa_validation_1839__native__correct,44,3.915144443511963,50.156315742226056,gemma-2-2b-it
medmcqa-native,native,0,medmcqa_validation_1839,medmcqa_validation_1839__native__wrong,42,3.95532488822937,52.21265446600575,gemma-2-2b-it
medmcqa-native,native,1,medmcqa_validation_923,medmcqa_validation_923__native__correct,29,3.640796184539795,38.12217693349173,gemma-2-2b-it
medmcqa-native,native,0,medmcqa_validation_923,medmcqa_validation_923__native__wrong,29,4.28746223449707,72.78153147565709,gemma-2-2b-it
medmcqa-native,native,1,medmcqa_validation_753,medmcqa_validation_753__native__correct,58,3.200113296508789,24.53530980458938,gemma-2-2b-it
medmcqa-native,native,0,medmcqa_validation_753,medmcqa_validation_753__native__wrong,55,3.3933143615722656,29.76443908287541,gemma-2-2b-it
medmcqa-native,native,1,medmcqa_validation_2829,medmcqa_validation_2829__native__correct,26,3.2265658378601074,25.192991427022594,gemma-2-2b-it
medmcqa-native,native,0,medmcqa_validation_2829,medmcqa_validation_2829__native__wrong,26,3.118302822113037,22.60797730544232,gemma-2-2b-it
medmcqa-native,native,1,medmcqa_validation_3124,medmcqa_validation_3124__native__correct,38,3.640794515609741,38.122113310298026,gemma-2-2b-it
medmcqa-native,native,0,medmcqa_validation_3124,medmcqa_validation_3124__native__wrong,34,3.963044166564941,52.61725809337575,gemma-2-2b-it
medmcqa-native,native,1,medmcqa_validation_228,medmcqa_validation_228__native__correct,42,3.8082780838012695,45.07276049127415,gemma-2-2b-it
medmcqa-native,native,0,medmcqa_validation_228,medmcqa_validation_228__native__wrong,38,3.9015510082244873,49.47913216305656,gemma-2-2b-it
medmcqa-native,native,1,medmcqa_validation_789,medmcqa_validation_789__native__correct,15,6.296036243438721,542.4176319816971,gemma-2-2b-it
medmcqa-native,native,0,medmcqa_validation_789,medmcqa_validation_789__native__wrong,15,6.140322208404541,464.203116911168,gemma-2-2b-it
medmcqa-native,native,1,medmcqa_validation_289,medmcqa_validation_289__native__correct,19,3.447862386703491,31.43312856884876,gemma-2-2b-it
medmcqa-native,native,0,medmcqa_validation_289,medmcqa_validation_289__native__wrong,18,3.497220516204834,33.02353589538279,gemma-2-2b-it
medmcqa-native,native,1,medmcqa_validation_236,medmcqa_validation_236__native__correct,80,4.173855304718018,64.96543145889999,gemma-2-2b-it
medmcqa-native,native,0,medmcqa_validation_236,medmcqa_validation_236__native__wrong,74,4.31845760345459,75.07274700191546,gemma-2-2b-it
medmcqa-native,native,1,medmcqa_validation_399,medmcqa_validation_399__native__correct,21,3.785168647766113,44.04309770248695,gemma-2-2b-it
medmcqa-native,native,0,medmcqa_validation_399,medmcqa_validation_399__native__wrong,20,4.670319080352783,106.73179301789486,gemma-2-2b-it
medmcqa-native,native,1,medmcqa_validation_3057,medmcqa_validation_3057__native__correct,23,2.8282549381256104,16.915915733415854,gemma-2-2b-it
medmcqa-native,native,0,medmcqa_validation_3057,medmcqa_validation_3057__native__wrong,20,2.891873836517334,18.02705773151368,gemma-2-2b-it
medmcqa-native,native,1,medmcqa_validation_1559,medmcqa_validation_1559__native__correct,16,4.366903781890869,78.79927386347609,gemma-2-2b-it
medmcqa-native,native,0,medmcqa_validation_1559,medmcqa_validation_1559__native__wrong,16,4.609660625457764,100.45005366008492,gemma-2-2b-it
medmcqa-native,native,1,medmcqa_validation_3791,medmcqa_validation_3791__native__correct,30,3.127794027328491,22.823575783778654,gemma-2-2b-it
medmcqa-native,native,0,medmcqa_validation_3791,medmcqa_validation_3791__native__wrong,27,3.5744049549102783,35.673387224908524,gemma-2-2b-it
medmcqa-native,native,1,medmcqa_validation_3903,medmcqa_validation_3903__native__correct,17,3.474931001663208,32.295600117039164,gemma-2-2b-it
medmcqa-native,native,0,medmcqa_validation_3903,medmcqa_validation_3903__native__wrong,17,3.739636659622192,42.082697043817866,gemma-2-2b-it
medmcqa-native,native,1,medmcqa_validation_3048,medmcqa_validation_3048__native__correct,24,3.8070898056030273,45.01923332153058,gemma-2-2b-it
medmcqa-native,native,0,medmcqa_validation_3048,medmcqa_validation_3048__native__wrong,25,3.780371904373169,43.83234014364714,gemma-2-2b-it
medmcqa-native,native,1,medmcqa_validation_3690,medmcqa_validation_3690__native__correct,60,3.659754514694214,38.85180415354986,gemma-2-2b-it
medmcqa-native,native,0,medmcqa_validation_3690,medmcqa_validation_3690__native__wrong,57,3.825354814529419,45.84906539519104,gemma-2-2b-it
medmcqa-native,native,1,medmcqa_validation_174,medmcqa_validation_174__native__correct,32,2.6397500038146973,14.00970079815057,gemma-2-2b-it
medmcqa-native,native,0,medmcqa_validation_174,medmcqa_validation_174__native__wrong,27,2.9532759189605717,19.1686459155064,gemma-2-2b-it
medmcqa-native,native,1,medmcqa_validation_209,medmcqa_validation_209__native__correct,31,3.735297441482544,41.900486652657655,gemma-2-2b-it
medmcqa-native,native,0,medmcqa_validation_209,medmcqa_validation_209__native__wrong,31,3.681673526763916,39.71279892379541,gemma-2-2b-it
medmcqa-native,native,1,medmcqa_validation_478,medmcqa_validation_478__native__correct,89,3.732994079589844,41.80408573413846,gemma-2-2b-it
medmcqa-native,native,0,medmcqa_validation_478,medmcqa_validation_478__native__wrong,89,3.7368905544281006,41.96729206051978,gemma-2-2b-it
medmcqa-native,native,1,medmcqa_validation_2133,medmcqa_validation_2133__native__correct,20,6.323034763336182,557.2615859443125,gemma-2-2b-it
medmcqa-native,native,0,medmcqa_validation_2133,medmcqa_validation_2133__native__wrong,20,6.239157676696777,512.4267001554813,gemma-2-2b-it
medmcqa-native,native,1,medmcqa_validation_371,medmcqa_validation_371__native__correct,34,4.470321178436279,87.38478461528642,gemma-2-2b-it
medmcqa-native,native,0,medmcqa_validation_371,medmcqa_validation_371__native__wrong,31,4.673739433288574,107.09747844959873,gemma-2-2b-it
medmcqa-native,native,1,medmcqa_validation_2377,medmcqa_validation_2377__native__correct,65,3.608771085739136,36.92065260754532,gemma-2-2b-it
medmcqa-native,native,0,medmcqa_validation_2377,medmcqa_validation_2377__native__wrong,65,3.620910406112671,37.37157565014949,gemma-2-2b-it
medmcqa-native,native,1,medmcqa_validation_3783,medmcqa_validation_3783__native__correct,22,3.442068576812744,31.251537557522017,gemma-2-2b-it
medmcqa-native,native,0,medmcqa_validation_3783,medmcqa_validation_3783__native__wrong,22,3.8667845726013184,47.788478391161846,gemma-2-2b-it
medmcqa-native,native,1,medmcqa_validation_2714,medmcqa_validation_2714__native__correct,19,3.938847303390503,51.35936540021239,gemma-2-2b-it
medmcqa-native,native,0,medmcqa_validation_2714,medmcqa_validation_2714__native__wrong,20,3.780288219451904,43.82867219119168,gemma-2-2b-it
medmcqa-native,native,1,medmcqa_validation_1856,medmcqa_validation_1856__native__correct,21,4.074423789978027,58.8165801194674,gemma-2-2b-it
medmcqa-native,native,0,medmcqa_validation_1856,medmcqa_validation_1856__native__wrong,21,4.201780319213867,66.8051597425039,gemma-2-2b-it
medmcqa-native,native,1,medmcqa_validation_1007,medmcqa_validation_1007__native__correct,11,8.26702880859375,3893.363860611085,gemma-2-2b-it
medmcqa-native,native,0,medmcqa_validation_1007,medmcqa_validation_1007__native__wrong,10,8.805974006652832,6673.995644158677,gemma-2-2b-it
medmcqa-native,native,1,medmcqa_validation_3145,medmcqa_validation_3145__native__correct,24,3.631556510925293,37.77156273589728,gemma-2-2b-it
medmcqa-native,native,0,medmcqa_validation_3145,medmcqa_validation_3145__native__wrong,24,3.238986730575561,25.50786231131327,gemma-2-2b-it
medmcqa-native,native,1,medmcqa_validation_2586,medmcqa_validation_2586__native__correct,16,5.043567657470703,155.02209536018077,gemma-2-2b-it
medmcqa-native,native,0,medmcqa_validation_2586,medmcqa_validation_2586__native__wrong,15,5.015584468841553,150.7442163210156,gemma-2-2b-it
medmcqa-native,native,1,medmcqa_validation_3704,medmcqa_validation_3704__native__correct,20,3.725335597991944,41.48515274289439,gemma-2-2b-it
medmcqa-native,native,0,medmcqa_validation_3704,medmcqa_validation_3704__native__wrong,18,4.449601650238037,85.59284132228785,gemma-2-2b-it
medmcqa-native,native,1,medmcqa_validation_3482,medmcqa_validation_3482__native__correct,19,2.958914995193481,19.2770447184129,gemma-2-2b-it
medmcqa-native,native,0,medmcqa_validation_3482,medmcqa_validation_3482__native__wrong,19,3.853769302368164,47.17052854620714,gemma-2-2b-it
medmcqa-native,native,1,medmcqa_validation_2460,medmcqa_validation_2460__native__correct,19,5.650715351104736,284.4949067952514,gemma-2-2b-it
medmcqa-native,native,0,medmcqa_validation_2460,medmcqa_validation_2460__native__wrong,19,5.357530117034912,212.20018903952143,gemma-2-2b-it
medmcqa-native,native,1,medmcqa_validation_1442,medmcqa_validation_1442__native__correct,29,2.580540418624878,13.204272066389334,gemma-2-2b-it
medmcqa-native,native,0,medmcqa_validation_1442,medmcqa_validation_1442__native__wrong,28,2.788611888885498,16.258435615552468,gemma-2-2b-it
medmcqa-native,native,1,medmcqa_validation_98,medmcqa_validation_98__native__correct,24,3.809658765792847,45.13503462048683,gemma-2-2b-it
medmcqa-native,native,0,medmcqa_validation_98,medmcqa_validation_98__native__wrong,25,4.029728889465332,56.24566038882631,gemma-2-2b-it
medmcqa-native,native,1,medmcqa_validation_1449,medmcqa_validation_1449__native__correct,14,5.527572154998779,251.53248721100243,gemma-2-2b-it
medmcqa-native,native,0,medmcqa_validation_1449,medmcqa_validation_1449__native__wrong,14,5.496322154998779,243.79364615539956,gemma-2-2b-it
medmcqa-native,native,1,medmcqa_validation_3284,medmcqa_validation_3284__native__correct,27,2.635128974914551,13.945110916671554,gemma-2-2b-it
medmcqa-native,native,0,medmcqa_validation_3284,medmcqa_validation_3284__native__wrong,21,3.1750292778015137,23.927520403313103,gemma-2-2b-it
medmcqa-native,native,1,medmcqa_validation_1156,medmcqa_validation_1156__native__correct,18,3.443621635437012,31.300110736181185,gemma-2-2b-it
medmcqa-native,native,0,medmcqa_validation_1156,medmcqa_validation_1156__native__wrong,14,4.551503658294678,94.7748101556559,gemma-2-2b-it
medmcqa-native,native,1,medmcqa_validation_3827,medmcqa_validation_3827__native__correct,17,2.854062795639038,17.35816143738874,gemma-2-2b-it
medmcqa-native,native,0,medmcqa_validation_3827,medmcqa_validation_3827__native__wrong,17,3.0893568992614746,21.962949044336646,gemma-2-2b-it
medmcqa-native,native,1,medmcqa_validation_821,medmcqa_validation_821__native__correct,31,2.767705202102661,15.922054157760472,gemma-2-2b-it
medmcqa-native,native,0,medmcqa_validation_821,medmcqa_validation_821__native__wrong,28,3.1861836910247803,24.195911945595824,gemma-2-2b-it
medmcqa-native,native,1,medmcqa_validation_2814,medmcqa_validation_2814__native__correct,19,4.487813949584961,88.9268346973345,gemma-2-2b-it
medmcqa-native,native,0,medmcqa_validation_2814,medmcqa_validation_2814__native__wrong,19,4.939344882965088,139.67871367517478,gemma-2-2b-it
medmcqa-native,native,1,medmcqa_validation_1149,medmcqa_validation_1149__native__correct,19,5.445795059204102,231.78148647894383,gemma-2-2b-it
medmcqa-native,native,0,medmcqa_validation_1149,medmcqa_validation_1149__native__wrong,26,4.253615379333496,70.35932873109894,gemma-2-2b-it
medmcqa-native,native,1,medmcqa_validation_72,medmcqa_validation_72__native__correct,22,4.452929973602295,85.8781965897518,gemma-2-2b-it
medmcqa-native,native,0,medmcqa_validation_72,medmcqa_validation_72__native__wrong,22,4.632347583770752,102.75500717002512,gemma-2-2b-it
medmcqa-native,native,1,medmcqa_validation_235,medmcqa_validation_235__native__correct,24,5.140950679779053,170.87814152046064,gemma-2-2b-it
medmcqa-native,native,0,medmcqa_validation_235,medmcqa_validation_235__native__wrong,33,5.0944108963012695,163.1077289497017,gemma-2-2b-it
medmcqa-native,native,1,medmcqa_validation_379,medmcqa_validation_379__native__correct,38,3.4623982906341557,31.893374447054025,gemma-2-2b-it
medmcqa-native,native,0,medmcqa_validation_379,medmcqa_validation_379__native__wrong,37,3.706938982009888,40.72894349174063,gemma-2-2b-it
medmcqa-native,native,1,medmcqa_validation_1357,medmcqa_validation_1357__native__correct,15,4.044365882873535,57.07498233287459,gemma-2-2b-it
medmcqa-native,native,0,medmcqa_validation_1357,medmcqa_validation_1357__native__wrong,14,3.980969905853272,53.56896589258002,gemma-2-2b-it
medmcqa-native,native,1,medmcqa_validation_3793,medmcqa_validation_3793__native__correct,18,3.4495975971221924,31.487719010287723,gemma-2-2b-it
medmcqa-native,native,0,medmcqa_validation_3793,medmcqa_validation_3793__native__wrong,18,3.4817137718200684,32.515398327413315,gemma-2-2b-it
medmcqa-native,native,1,medmcqa_validation_724,medmcqa_validation_724__native__correct,21,3.248758554458618,25.7583424803393,gemma-2-2b-it
medmcqa-native,native,0,medmcqa_validation_724,medmcqa_validation_724__native__wrong,21,3.7130439281463614,40.97835203618962,gemma-2-2b-it
medmcqa-native,native,1,medmcqa_validation_1855,medmcqa_validation_1855__native__correct,17,4.132855415344238,62.35572045205665,gemma-2-2b-it
medmcqa-native,native,0,medmcqa_validation_1855,medmcqa_validation_1855__native__wrong,14,5.373865604400635,215.695049958691,gemma-2-2b-it
medmcqa-native,native,1,medmcqa_validation_760,medmcqa_validation_760__native__correct,38,5.133192539215088,169.55757407676347,gemma-2-2b-it
medmcqa-native,native,0,medmcqa_validation_760,medmcqa_validation_760__native__wrong,31,4.906480312347412,135.16284521570532,gemma-2-2b-it
medmcqa-native,native,1,medmcqa_validation_2454,medmcqa_validation_2454__native__correct,27,3.3358154296875,28.101288508614168,gemma-2-2b-it
medmcqa-native,native,0,medmcqa_validation_2454,medmcqa_validation_2454__native__wrong,27,3.85691499710083,47.31914625981889,gemma-2-2b-it
medmcqa-native,native,1,medmcqa_validation_112,medmcqa_validation_112__native__correct,21,4.294719219207764,73.31162705816237,gemma-2-2b-it
medmcqa-native,native,0,medmcqa_validation_112,medmcqa_validation_112__native__wrong,20,4.35498046875,77.86530451524753,gemma-2-2b-it
medmcqa-native,native,1,medmcqa_validation_2777,medmcqa_validation_2777__native__correct,16,3.322238683700561,27.7223426989706,gemma-2-2b-it
medmcqa-native,native,0,medmcqa_validation_2777,medmcqa_validation_2777__native__wrong,16,4.121813774108887,61.67099814353279,gemma-2-2b-it
medmcqa-native,native,1,medmcqa_validation_17,medmcqa_validation_17__native__correct,47,3.7429044246673584,42.22043834075158,gemma-2-2b-it
medmcqa-native,native,0,medmcqa_validation_17,medmcqa_validation_17__native__wrong,46,3.9171414375305176,50.25657768268345,gemma-2-2b-it
medmcqa-native,native,1,medmcqa_validation_869,medmcqa_validation_869__native__correct,32,3.194303512573242,24.393178232482526,gemma-2-2b-it
medmcqa-native,native,0,medmcqa_validation_869,medmcqa_validation_869__native__wrong,30,3.3091342449188232,27.361426920428165,gemma-2-2b-it
medmcqa-native,native,1,medmcqa_validation_3243,medmcqa_validation_3243__native__correct,25,6.64801025390625,771.2482096891587,gemma-2-2b-it
medmcqa-native,native,0,medmcqa_validation_3243,medmcqa_validation_3243__native__wrong,25,6.668010234832764,786.8284420105543,gemma-2-2b-it
medmcqa-native,native,1,medmcqa_validation_1166,medmcqa_validation_1166__native__correct,20,2.9582998752593994,19.26519067014088,gemma-2-2b-it
medmcqa-native,native,0,medmcqa_validation_1166,medmcqa_validation_1166__native__wrong,20,3.132237911224365,22.92522680002298,gemma-2-2b-it
medmcqa-native,native,1,medmcqa_validation_2977,medmcqa_validation_2977__native__correct,81,2.6614155769348145,14.316540926407423,gemma-2-2b-it
medmcqa-native,native,0,medmcqa_validation_2977,medmcqa_validation_2977__native__wrong,81,2.7650649547576904,15.880071443307278,gemma-2-2b-it
medmcqa-native,native,1,medmcqa_validation_3807,medmcqa_validation_3807__native__correct,113,3.523748874664306,33.91131975292367,gemma-2-2b-it
medmcqa-native,native,0,medmcqa_validation_3807,medmcqa_validation_3807__native__wrong,112,3.523247241973877,33.89431299229015,gemma-2-2b-it
medmcqa-native,native,1,medmcqa_validation_2846,medmcqa_validation_2846__native__correct,20,4.247279167175293,69.91492649717416,gemma-2-2b-it
medmcqa-native,native,0,medmcqa_validation_2846,medmcqa_validation_2846__native__wrong,18,3.9214329719543457,50.47271897299881,gemma-2-2b-it
medmcqa-native,native,1,medmcqa_validation_3774,medmcqa_validation_3774__native__correct,18,5.21568489074707,184.13789214074487,gemma-2-2b-it
medmcqa-native,native,0,medmcqa_validation_3774,medmcqa_validation_3774__native__wrong,18,4.948323726654053,140.938514324785,gemma-2-2b-it
medmcqa-native,native,1,medmcqa_validation_94,medmcqa_validation_94__native__correct,43,3.305248260498047,27.2553071650849,gemma-2-2b-it
medmcqa-native,native,0,medmcqa_validation_94,medmcqa_validation_94__native__wrong,42,3.425969362258911,30.752440663050315,gemma-2-2b-it
medmcqa-native,native,1,medmcqa_validation_3017,medmcqa_validation_3017__native__correct,17,4.817271709442139,123.62733894522208,gemma-2-2b-it
medmcqa-native,native,0,medmcqa_validation_3017,medmcqa_validation_3017__native__wrong,23,4.321467399597168,75.29904104489266,gemma-2-2b-it
medmcqa-native,native,1,medmcqa_validation_1165,medmcqa_validation_1165__native__correct,19,5.253559112548828,191.2457236676274,gemma-2-2b-it
medmcqa-native,native,0,medmcqa_validation_1165,medmcqa_validation_1165__native__wrong,22,4.7533793449401855,115.97554442299617,gemma-2-2b-it
medmcqa-native,native,1,medmcqa_validation_3858,medmcqa_validation_3858__native__correct,29,3.714652538299561,41.0443232761138,gemma-2-2b-it
medmcqa-native,native,0,medmcqa_validation_3858,medmcqa_validation_3858__native__wrong,25,4.230982303619385,68.78476652391275,gemma-2-2b-it
medmcqa-native,native,1,medmcqa_validation_1334,medmcqa_validation_1334__native__correct,18,4.186060905456543,65.76323249308423,gemma-2-2b-it
medmcqa-native,native,0,medmcqa_validation_1334,medmcqa_validation_1334__native__wrong,18,4.857097625732422,128.6502684934308,gemma-2-2b-it
medmcqa-native,native,1,medmcqa_validation_3544,medmcqa_validation_3544__native__correct,17,3.0710275173187256,21.564048728857752,gemma-2-2b-it
medmcqa-native,native,0,medmcqa_validation_3544,medmcqa_validation_3544__native__wrong,18,3.2925758361816406,26.912095602119173,gemma-2-2b-it
medmcqa-native,native,1,medmcqa_validation_2642,medmcqa_validation_2642__native__correct,44,2.8744795322418213,17.71620101008063,gemma-2-2b-it
medmcqa-native,native,0,medmcqa_validation_2642,medmcqa_validation_2642__native__wrong,43,2.899292230606079,18.161286816571764,gemma-2-2b-it
medmcqa-native,native,1,medmcqa_validation_2655,medmcqa_validation_2655__native__correct,50,3.051117181777954,21.138947282452317,gemma-2-2b-it
medmcqa-native,native,0,medmcqa_validation_2655,medmcqa_validation_2655__native__wrong,50,3.048923254013061,21.092620796153025,gemma-2-2b-it
medmcqa-native,native,1,medmcqa_validation_1006,medmcqa_validation_1006__native__correct,94,3.285191297531128,26.714094166380555,gemma-2-2b-it
medmcqa-native,native,0,medmcqa_validation_1006,medmcqa_validation_1006__native__wrong,94,3.2375216484069824,25.470518559594527,gemma-2-2b-it
medmcqa-native,native,1,medmcqa_validation_3949,medmcqa_validation_3949__native__correct,28,4.080519676208496,59.17621433129943,gemma-2-2b-it
medmcqa-native,native,0,medmcqa_validation_3949,medmcqa_validation_3949__native__wrong,22,4.01292610168457,55.30847223046965,gemma-2-2b-it
medmcqa-native,native,1,medmcqa_validation_2389,medmcqa_validation_2389__native__correct,24,4.969541549682617,143.9608733319275,gemma-2-2b-it
medmcqa-native,native,0,medmcqa_validation_2389,medmcqa_validation_2389__native__wrong,24,5.069547176361084,159.10226576199258,gemma-2-2b-it
medmcqa-native,native,1,medmcqa_validation_3550,medmcqa_validation_3550__native__correct,24,5.078373432159424,160.51275858617188,gemma-2-2b-it
medmcqa-native,native,0,medmcqa_validation_3550,medmcqa_validation_3550__native__wrong,20,5.570080757141113,262.4552935236476,gemma-2-2b-it
medmcqa-native,native,1,medmcqa_validation_2843,medmcqa_validation_2843__native__correct,13,4.605340003967285,100.0169832399083,gemma-2-2b-it
medmcqa-native,native,0,medmcqa_validation_2843,medmcqa_validation_2843__native__wrong,15,4.08186674118042,59.25598225101931,gemma-2-2b-it
medmcqa-native,native,1,medmcqa_validation_1670,medmcqa_validation_1670__native__correct,21,4.92566442489624,137.78085626832416,gemma-2-2b-it
medmcqa-native,native,0,medmcqa_validation_1670,medmcqa_validation_1670__native__wrong,17,4.439161777496338,84.70391118380688,gemma-2-2b-it
medmcqa-native,native,1,medmcqa_validation_2631,medmcqa_validation_2631__native__correct,26,3.261859893798828,26.098031598401587,gemma-2-2b-it
medmcqa-native,native,0,medmcqa_validation_2631,medmcqa_validation_2631__native__wrong,27,3.211937189102173,24.827134524679515,gemma-2-2b-it
medmcqa-native,native,1,medmcqa_validation_672,medmcqa_validation_672__native__correct,31,5.304009914398193,201.1417562378143,gemma-2-2b-it
medmcqa-native,native,0,medmcqa_validation_672,medmcqa_validation_672__native__wrong,31,5.0445098876953125,155.1682306996667,gemma-2-2b-it
medmcqa-native,native,1,medmcqa_validation_3935,medmcqa_validation_3935__native__correct,36,3.4605419635772705,31.834224830634835,gemma-2-2b-it
medmcqa-native,native,0,medmcqa_validation_3935,medmcqa_validation_3935__native__wrong,36,3.4502885341644287,31.5094825594828,gemma-2-2b-it
medmcqa-native,native,1,medmcqa_validation_48,medmcqa_validation_48__native__correct,17,7.805532932281494,2454.143089575626,gemma-2-2b-it
medmcqa-native,native,0,medmcqa_validation_48,medmcqa_validation_48__native__wrong,15,5.966048717498779,389.96177343982936,gemma-2-2b-it
medmcqa-native,native,1,medmcqa_validation_2773,medmcqa_validation_2773__native__correct,14,3.732723474502564,41.79277486632791,gemma-2-2b-it
medmcqa-native,native,0,medmcqa_validation_2773,medmcqa_validation_2773__native__wrong,14,4.972560882568359,144.39619599233748,gemma-2-2b-it
medmcqa-native,native,1,medmcqa_validation_597,medmcqa_validation_597__native__correct,32,4.164599895477295,64.36692379340748,gemma-2-2b-it
medmcqa-native,native,0,medmcqa_validation_597,medmcqa_validation_597__native__wrong,29,4.510893821716309,91.00312273672908,gemma-2-2b-it
medmcqa-native,native,1,medmcqa_validation_3937,medmcqa_validation_3937__native__correct,21,3.345874309539795,28.385382431328264,gemma-2-2b-it
medmcqa-native,native,0,medmcqa_validation_3937,medmcqa_validation_3937__native__wrong,21,3.5354344844818115,34.30991860344551,gemma-2-2b-it
medmcqa-native,native,1,medmcqa_validation_1348,medmcqa_validation_1348__native__correct,23,2.868438005447388,17.609490777923234,gemma-2-2b-it
medmcqa-native,native,0,medmcqa_validation_1348,medmcqa_validation_1348__native__wrong,21,3.427602767944336,30.802712920788576,gemma-2-2b-it
medmcqa-native,native,1,medmcqa_validation_553,medmcqa_validation_553__native__correct,29,3.609163761138916,36.93515328641175,gemma-2-2b-it
medmcqa-native,native,0,medmcqa_validation_553,medmcqa_validation_553__native__wrong,26,3.859114646911621,47.4233463707993,gemma-2-2b-it
medmcqa-native,native,1,medmcqa_validation_486,medmcqa_validation_486__native__correct,24,5.491166591644287,242.53998700365,gemma-2-2b-it
medmcqa-native,native,0,medmcqa_validation_486,medmcqa_validation_486__native__wrong,23,5.186683177947998,178.87427378174286,gemma-2-2b-it
medmcqa-native,native,1,medmcqa_validation_1712,medmcqa_validation_1712__native__correct,25,4.103377819061279,60.54445079001391,gemma-2-2b-it
medmcqa-native,native,0,medmcqa_validation_1712,medmcqa_validation_1712__native__wrong,24,3.819012880325317,45.55921372074799,gemma-2-2b-it
medmcqa-native,native,1,medmcqa_validation_3877,medmcqa_validation_3877__native__correct,24,4.066953182220459,58.37882171635315,gemma-2-2b-it
medmcqa-native,native,0,medmcqa_validation_3877,medmcqa_validation_3877__native__wrong,24,4.067101001739502,58.38745188353943,gemma-2-2b-it
medmcqa-native,native,1,medmcqa_validation_3705,medmcqa_validation_3705__native__correct,23,4.490943431854248,89.20556556395324,gemma-2-2b-it
medmcqa-native,native,0,medmcqa_validation_3705,medmcqa_validation_3705__native__wrong,21,4.360158920288086,78.26957205770161,gemma-2-2b-it
medmcqa-native,native,1,medmcqa_validation_938,medmcqa_validation_938__native__correct,25,4.421272277832031,83.20207420225988,gemma-2-2b-it
medmcqa-native,native,0,medmcqa_validation_938,medmcqa_validation_938__native__wrong,26,4.0987749099731445,60.26641057505031,gemma-2-2b-it
medmcqa-native,native,1,medmcqa_validation_3300,medmcqa_validation_3300__native__correct,15,3.981338024139404,53.58868923853373,gemma-2-2b-it
medmcqa-native,native,0,medmcqa_validation_3300,medmcqa_validation_3300__native__wrong,15,4.410893440246582,82.3429991989441,gemma-2-2b-it
medmcqa-native,native,1,medmcqa_validation_2195,medmcqa_validation_2195__native__correct,16,4.915812969207764,136.43017826405406,gemma-2-2b-it
medmcqa-native,native,0,medmcqa_validation_2195,medmcqa_validation_2195__native__wrong,16,5.556378364562988,258.88355462617164,gemma-2-2b-it
medmcqa-native,native,1,medmcqa_validation_1363,medmcqa_validation_1363__native__correct,21,4.327737808227539,75.77268020538037,gemma-2-2b-it
medmcqa-native,native,0,medmcqa_validation_1363,medmcqa_validation_1363__native__wrong,20,5.144296646118164,171.4508516301384,gemma-2-2b-it
medmcqa-native,native,1,medmcqa_validation_106,medmcqa_validation_106__native__correct,22,4.5455827713012695,94.21531719670092,gemma-2-2b-it
medmcqa-native,native,0,medmcqa_validation_106,medmcqa_validation_106__native__wrong,22,5.387506008148193,218.65737525213152,gemma-2-2b-it
medmcqa-native,native,1,medmcqa_validation_1464,medmcqa_validation_1464__native__correct,41,4.235917568206787,69.12507661572388,gemma-2-2b-it
medmcqa-native,native,0,medmcqa_validation_1464,medmcqa_validation_1464__native__wrong,39,4.371078014373779,79.12888781609539,gemma-2-2b-it
medmcqa-native,native,1,medmcqa_validation_3841,medmcqa_validation_3841__native__correct,25,4.098349571228027,60.24078238632079,gemma-2-2b-it
medmcqa-native,native,0,medmcqa_validation_3841,medmcqa_validation_3841__native__wrong,25,4.382991790771484,80.0772497608504,gemma-2-2b-it
medmcqa-native,native,1,medmcqa_validation_140,medmcqa_validation_140__native__correct,17,4.727020263671875,112.95847391245628,gemma-2-2b-it
medmcqa-native,native,0,medmcqa_validation_140,medmcqa_validation_140__native__wrong,18,4.280593395233154,72.28331986115889,gemma-2-2b-it
medmcqa-native,native,1,medmcqa_validation_1248,medmcqa_validation_1248__native__correct,14,4.833194255828857,125.611555956998,gemma-2-2b-it
medmcqa-native,native,0,medmcqa_validation_1248,medmcqa_validation_1248__native__wrong,14,6.062157154083252,429.3005060817783,gemma-2-2b-it
medmcqa-native,native,1,medmcqa_validation_1651,medmcqa_validation_1651__native__correct,28,2.525324583053589,12.494950254588606,gemma-2-2b-it
medmcqa-native,native,0,medmcqa_validation_1651,medmcqa_validation_1651__native__wrong,25,3.11907958984375,22.625545274902432,gemma-2-2b-it
medmcqa-native,native,1,medmcqa_validation_908,medmcqa_validation_908__native__correct,24,3.2195961475372314,25.018014554092684,gemma-2-2b-it
medmcqa-native,native,0,medmcqa_validation_908,medmcqa_validation_908__native__wrong,24,3.4599850177764893,31.816499829185027,gemma-2-2b-it
medmcqa-native,native,1,medmcqa_validation_1458,medmcqa_validation_1458__native__correct,19,4.839301109313965,126.38099435779048,gemma-2-2b-it
medmcqa-native,native,0,medmcqa_validation_1458,medmcqa_validation_1458__native__wrong,20,4.549984931945801,94.6309823994095,gemma-2-2b-it
medmcqa-native,native,1,medmcqa_validation_2701,medmcqa_validation_2701__native__correct,18,4.021855354309082,55.80454704389262,gemma-2-2b-it
medmcqa-native,native,0,medmcqa_validation_2701,medmcqa_validation_2701__native__wrong,18,4.435459136962891,84.39086295908479,gemma-2-2b-it
medmcqa-native,native,1,medmcqa_validation_3700,medmcqa_validation_3700__native__correct,18,6.163273811340332,474.9805288692929,gemma-2-2b-it
medmcqa-native,native,0,medmcqa_validation_3700,medmcqa_validation_3700__native__wrong,18,6.859249591827393,952.651921411534,gemma-2-2b-it
medmcqa-native,native,1,medmcqa_validation_4070,medmcqa_validation_4070__native__correct,19,4.850238800048828,127.7708978998788,gemma-2-2b-it
medmcqa-native,native,0,medmcqa_validation_4070,medmcqa_validation_4070__native__wrong,17,5.743023872375488,312.0064536513391,gemma-2-2b-it
medmcqa-native,native,1,medmcqa_validation_1293,medmcqa_validation_1293__native__correct,20,3.216492176055908,24.940479745566336,gemma-2-2b-it
medmcqa-native,native,0,medmcqa_validation_1293,medmcqa_validation_1293__native__wrong,19,3.7759640216827393,43.63955752397101,gemma-2-2b-it
medmcqa-native,native,1,medmcqa_validation_730,medmcqa_validation_730__native__correct,21,2.716518878936768,15.12756957792279,gemma-2-2b-it
medmcqa-native,native,0,medmcqa_validation_730,medmcqa_validation_730__native__wrong,19,3.5721395015716557,35.5926623045153,gemma-2-2b-it
medmcqa-native,native,1,medmcqa_validation_1347,medmcqa_validation_1347__native__correct,31,3.05975079536438,21.322242898112776,gemma-2-2b-it
medmcqa-native,native,0,medmcqa_validation_1347,medmcqa_validation_1347__native__wrong,31,3.0370564460754395,20.84379800236823,gemma-2-2b-it
medmcqa-native,native,1,medmcqa_validation_2384,medmcqa_validation_2384__native__correct,16,5.291606426239014,198.6623055524338,gemma-2-2b-it
medmcqa-native,native,0,medmcqa_validation_2384,medmcqa_validation_2384__native__wrong,16,5.205668926239014,182.3027791034495,gemma-2-2b-it
medmcqa-native,native,1,medmcqa_validation_3919,medmcqa_validation_3919__native__correct,22,3.942842721939087,51.5649780421351,gemma-2-2b-it
medmcqa-native,native,0,medmcqa_validation_3919,medmcqa_validation_3919__native__wrong,21,4.074092864990234,58.7971194635956,gemma-2-2b-it
medmcqa-native,native,1,medmcqa_validation_2707,medmcqa_validation_2707__native__correct,28,4.627474784851074,102.25552061918224,gemma-2-2b-it
medmcqa-native,native,0,medmcqa_validation_2707,medmcqa_validation_2707__native__wrong,28,4.903428077697754,134.7509254538682,gemma-2-2b-it
medmcqa-native,native,1,medmcqa_validation_619,medmcqa_validation_619__native__correct,36,3.0011210441589355,20.108066322901003,gemma-2-2b-it
medmcqa-native,native,0,medmcqa_validation_619,medmcqa_validation_619__native__wrong,36,3.205982208251953,24.67972874891106,gemma-2-2b-it
medmcqa-native,native,1,medmcqa_validation_4082,medmcqa_validation_4082__native__correct,48,3.745637178421021,42.33597419572796,gemma-2-2b-it
medmcqa-native,native,0,medmcqa_validation_4082,medmcqa_validation_4082__native__wrong,47,3.695704698562622,40.27394358045101,gemma-2-2b-it
medmcqa-native,native,1,medmcqa_validation_799,medmcqa_validation_799__native__correct,11,5.035674571990967,153.8033090302039,gemma-2-2b-it
medmcqa-native,native,0,medmcqa_validation_799,medmcqa_validation_799__native__wrong,11,5.538515090942383,254.30010642821105,gemma-2-2b-it
medmcqa-native,native,1,medmcqa_validation_3702,medmcqa_validation_3702__native__correct,17,3.844058752059937,46.71469354196376,gemma-2-2b-it
medmcqa-native,native,0,medmcqa_validation_3702,medmcqa_validation_3702__native__wrong,17,3.758134841918945,42.8683950333635,gemma-2-2b-it
medmcqa-native,native,1,medmcqa_validation_1844,medmcqa_validation_1844__native__correct,29,5.229859828948975,186.7666224115343,gemma-2-2b-it
medmcqa-native,native,0,medmcqa_validation_1844,medmcqa_validation_1844__native__wrong,29,5.651727199554443,284.7829182130219,gemma-2-2b-it
medmcqa-native,native,1,medmcqa_validation_430,medmcqa_validation_430__native__correct,21,4.751477718353272,115.75521180586784,gemma-2-2b-it
medmcqa-native,native,0,medmcqa_validation_430,medmcqa_validation_430__native__wrong,20,5.562540054321289,260.4836393235963,gemma-2-2b-it
medmcqa-native,native,1,medmcqa_validation_3377,medmcqa_validation_3377__native__correct,32,3.412238597869873,30.33307186176797,gemma-2-2b-it
medmcqa-native,native,0,medmcqa_validation_3377,medmcqa_validation_3377__native__wrong,39,3.194270372390747,24.39236985149929,gemma-2-2b-it
medmcqa-native,native,1,medmcqa_validation_2912,medmcqa_validation_2912__native__correct,18,5.015666484832764,150.7565802643501,gemma-2-2b-it
medmcqa-native,native,0,medmcqa_validation_2912,medmcqa_validation_2912__native__wrong,14,5.218777656555176,184.70826908404092,gemma-2-2b-it
medmcqa-native,native,1,medmcqa_validation_1797,medmcqa_validation_1797__native__correct,35,4.450876235961914,85.70200629117993,gemma-2-2b-it
medmcqa-native,native,0,medmcqa_validation_1797,medmcqa_validation_1797__native__wrong,36,4.443363189697266,85.0605358687814,gemma-2-2b-it
medmcqa-native,native,1,medmcqa_validation_3,medmcqa_validation_3__native__correct,14,5.035376071929932,153.75740558450252,gemma-2-2b-it
medmcqa-native,native,0,medmcqa_validation_3,medmcqa_validation_3__native__wrong,12,5.787187576293945,326.094617274342,gemma-2-2b-it
medmcqa-native,native,1,medmcqa_validation_723,medmcqa_validation_723__native__correct,44,3.251381158828736,25.825985083017127,gemma-2-2b-it
medmcqa-native,native,0,medmcqa_validation_723,medmcqa_validation_723__native__wrong,47,3.2358598709106445,25.42822737403464,gemma-2-2b-it
medmcqa-native,native,1,medmcqa_validation_3096,medmcqa_validation_3096__native__correct,29,5.527205467224121,251.4402702314656,gemma-2-2b-it
medmcqa-native,native,0,medmcqa_validation_3096,medmcqa_validation_3096__native__wrong,29,5.606503486633301,272.19085325810005,gemma-2-2b-it
medmcqa-native,native,1,medmcqa_validation_1601,medmcqa_validation_1601__native__correct,17,3.993978977203369,54.27040100946113,gemma-2-2b-it
medmcqa-native,native,0,medmcqa_validation_1601,medmcqa_validation_1601__native__wrong,20,3.2679443359375,26.25730762310145,gemma-2-2b-it
medmcqa-native,native,1,medmcqa_validation_1501,medmcqa_validation_1501__native__correct,25,3.4907760620117188,32.8114015103526,gemma-2-2b-it
medmcqa-native,native,0,medmcqa_validation_1501,medmcqa_validation_1501__native__wrong,26,3.434384822845459,31.01232862005011,gemma-2-2b-it
medmcqa-native,native,1,medmcqa_validation_1709,medmcqa_validation_1709__native__correct,28,3.629685878753662,37.700972080630734,gemma-2-2b-it
medmcqa-native,native,0,medmcqa_validation_1709,medmcqa_validation_1709__native__wrong,32,3.6264126300811768,37.577769170698346,gemma-2-2b-it
medmcqa-native,native,1,medmcqa_validation_2018,medmcqa_validation_2018__native__correct,21,4.182758808135986,65.54643404106615,gemma-2-2b-it
medmcqa-native,native,0,medmcqa_validation_2018,medmcqa_validation_2018__native__wrong,25,4.165582656860352,64.43021221407193,gemma-2-2b-it
medmcqa-native,native,1,medmcqa_validation_667,medmcqa_validation_667__native__correct,24,4.91563081741333,136.40532952545823,gemma-2-2b-it
medmcqa-native,native,0,medmcqa_validation_667,medmcqa_validation_667__native__wrong,24,4.996997356414795,147.96819565007632,gemma-2-2b-it
medmcqa-native,native,1,medmcqa_validation_1532,medmcqa_validation_1532__native__correct,16,4.369134426116943,78.9752431982635,gemma-2-2b-it
medmcqa-native,native,0,medmcqa_validation_1532,medmcqa_validation_1532__native__wrong,16,4.166311740875244,64.47720438041038,gemma-2-2b-it
medmcqa-native,native,1,medmcqa_validation_2346,medmcqa_validation_2346__native__correct,28,2.915506601333618,18.458160963510565,gemma-2-2b-it
medmcqa-native,native,0,medmcqa_validation_2346,medmcqa_validation_2346__native__wrong,30,2.8067052364349365,16.555282520699123,gemma-2-2b-it
medmcqa-native,native,1,medmcqa_validation_1654,medmcqa_validation_1654__native__correct,20,3.7184433937072754,41.20021165943763,gemma-2-2b-it
medmcqa-native,native,0,medmcqa_validation_1654,medmcqa_validation_1654__native__wrong,18,3.778654336929321,43.75711975976191,gemma-2-2b-it
medmcqa-native,native,1,medmcqa_validation_3547,medmcqa_validation_3547__native__correct,31,3.4453155994415283,31.353176930527685,gemma-2-2b-it
medmcqa-native,native,0,medmcqa_validation_3547,medmcqa_validation_3547__native__wrong,19,5.284173488616943,197.19113535887612,gemma-2-2b-it
medmcqa-native,native,1,medmcqa_validation_993,medmcqa_validation_993__native__correct,27,4.316865921020508,74.9533500754367,gemma-2-2b-it
medmcqa-native,native,0,medmcqa_validation_993,medmcqa_validation_993__native__wrong,25,4.814176559448242,123.24528534943728,gemma-2-2b-it
medmcqa-native,native,1,medmcqa_validation_131,medmcqa_validation_131__native__correct,14,4.9945502281188965,147.60654117953084,gemma-2-2b-it
medmcqa-native,native,0,medmcqa_validation_131,medmcqa_validation_131__native__wrong,14,5.24904203414917,190.38379989440747,gemma-2-2b-it
medmcqa-native,native,1,medmcqa_validation_4021,medmcqa_validation_4021__native__correct,46,3.680844783782959,39.67990085433813,gemma-2-2b-it
medmcqa-native,native,0,medmcqa_validation_4021,medmcqa_validation_4021__native__wrong,46,3.6535568237304688,38.61175731446186,gemma-2-2b-it
medmcqa-native,native,1,medmcqa_validation_1221,medmcqa_validation_1221__native__correct,24,4.607373237609863,100.22054801230398,gemma-2-2b-it
medmcqa-native,native,0,medmcqa_validation_1221,medmcqa_validation_1221__native__wrong,23,4.851664543151856,127.95319630079058,gemma-2-2b-it
medmcqa-native,native,1,medmcqa_validation_3579,medmcqa_validation_3579__native__correct,15,5.381356716156006,217.31691287673075,gemma-2-2b-it
medmcqa-native,native,0,medmcqa_validation_3579,medmcqa_validation_3579__native__wrong,18,6.00444221496582,405.2248973028611,gemma-2-2b-it
medmcqa-native,native,1,medmcqa_validation_2200,medmcqa_validation_2200__native__correct,15,5.329710960388184,206.3783140268796,gemma-2-2b-it
medmcqa-native,native,0,medmcqa_validation_2200,medmcqa_validation_2200__native__wrong,13,5.558441162109375,259.418130158445,gemma-2-2b-it
medmcqa-native,native,1,medmcqa_validation_1608,medmcqa_validation_1608__native__correct,30,3.082526922225952,21.81345371271745,gemma-2-2b-it
medmcqa-native,native,0,medmcqa_validation_1608,medmcqa_validation_1608__native__wrong,28,3.560821056365967,35.1920799675604,gemma-2-2b-it
medmcqa-native,native,1,medmcqa_validation_2905,medmcqa_validation_2905__native__correct,17,4.551958560943604,94.81793327551422,gemma-2-2b-it
medmcqa-native,native,0,medmcqa_validation_2905,medmcqa_validation_2905__native__wrong,27,3.6365480422973633,37.9605720066816,gemma-2-2b-it
medmcqa-native,native,1,medmcqa_validation_55,medmcqa_validation_55__native__correct,14,4.392892360687256,80.87399779238797,gemma-2-2b-it
medmcqa-native,native,0,medmcqa_validation_55,medmcqa_validation_55__native__wrong,14,4.600363254547119,99.52046033642264,gemma-2-2b-it
medmcqa-native,native,1,medmcqa_validation_4132,medmcqa_validation_4132__native__correct,48,3.0210201740264893,20.512207034572995,gemma-2-2b-it
medmcqa-native,native,0,medmcqa_validation_4132,medmcqa_validation_4132__native__wrong,47,2.878125667572021,17.780914582027453,gemma-2-2b-it
medmcqa-native,native,1,medmcqa_validation_859,medmcqa_validation_859__native__correct,20,5.094608306884766,163.1399313200862,gemma-2-2b-it
medmcqa-native,native,0,medmcqa_validation_859,medmcqa_validation_859__native__wrong,14,6.435845851898193,623.810010650861,gemma-2-2b-it
medmcqa-native,native,1,medmcqa_validation_894,medmcqa_validation_894__native__correct,14,5.330718517303467,206.5863567141661,gemma-2-2b-it
medmcqa-native,native,0,medmcqa_validation_894,medmcqa_validation_894__native__wrong,16,6.468666076660156,644.6232751721257,gemma-2-2b-it
medmcqa-native,native,1,medmcqa_validation_854,medmcqa_validation_854__native__correct,15,4.801521301269531,121.6954121517738,gemma-2-2b-it
medmcqa-native,native,0,medmcqa_validation_854,medmcqa_validation_854__native__wrong,14,5.266117572784424,193.66261996659935,gemma-2-2b-it
medmcqa-native,native,1,medmcqa_validation_1426,medmcqa_validation_1426__native__correct,17,4.506245136260986,90.58105962307756,gemma-2-2b-it
medmcqa-native,native,0,medmcqa_validation_1426,medmcqa_validation_1426__native__wrong,16,5.612825870513916,273.9171998836948,gemma-2-2b-it
medmcqa-native,native,1,medmcqa_validation_266,medmcqa_validation_266__native__correct,57,3.1507959365844727,23.354646002315867,gemma-2-2b-it
medmcqa-native,native,0,medmcqa_validation_266,medmcqa_validation_266__native__wrong,55,3.225017547607422,25.154015544735557,gemma-2-2b-it
medmcqa-native,native,1,medmcqa_validation_2728,medmcqa_validation_2728__native__correct,32,3.707262992858887,40.7421422494551,gemma-2-2b-it
medmcqa-native,native,0,medmcqa_validation_2728,medmcqa_validation_2728__native__wrong,36,3.7852749824523926,44.04778126047184,gemma-2-2b-it
medmcqa-native,native,1,medmcqa_validation_798,medmcqa_validation_798__native__correct,23,3.794010877609253,44.434263736759824,gemma-2-2b-it
medmcqa-native,native,0,medmcqa_validation_798,medmcqa_validation_798__native__wrong,23,3.069227695465088,21.52527218860252,gemma-2-2b-it
medmcqa-native,native,1,medmcqa_validation_2054,medmcqa_validation_2054__native__correct,30,4.2239861488342285,68.30521710743085,gemma-2-2b-it
medmcqa-native,native,0,medmcqa_validation_2054,medmcqa_validation_2054__native__wrong,30,4.164416313171387,64.35510824970883,gemma-2-2b-it
medmcqa-native,native,1,medmcqa_validation_2447,medmcqa_validation_2447__native__correct,19,3.2274672985076904,25.2157121567722,gemma-2-2b-it
medmcqa-native,native,0,medmcqa_validation_2447,medmcqa_validation_2447__native__wrong,21,4.5104193687438965,90.95995627568549,gemma-2-2b-it
medmcqa-native,native,1,medmcqa_validation_2502,medmcqa_validation_2502__native__correct,37,5.204377174377441,182.06744118099672,gemma-2-2b-it
medmcqa-native,native,0,medmcqa_validation_2502,medmcqa_validation_2502__native__wrong,35,5.547120094299316,256.4978017245182,gemma-2-2b-it
medmcqa-native,native,1,medmcqa_validation_3698,medmcqa_validation_3698__native__correct,22,4.685112476348877,108.32245533729736,gemma-2-2b-it
medmcqa-native,native,0,medmcqa_validation_3698,medmcqa_validation_3698__native__wrong,23,5.459871292114258,235.06716742000057,gemma-2-2b-it
medmcqa-native,native,1,medmcqa_validation_2614,medmcqa_validation_2614__native__correct,25,3.704753398895264,40.64002420620872,gemma-2-2b-it
medmcqa-native,native,0,medmcqa_validation_2614,medmcqa_validation_2614__native__wrong,29,3.931001663208008,50.95799486252072,gemma-2-2b-it
medmcqa-native,native,1,medmcqa_validation_2805,medmcqa_validation_2805__native__correct,16,5.172735214233398,176.3966608961524,gemma-2-2b-it
medmcqa-native,native,0,medmcqa_validation_2805,medmcqa_validation_2805__native__wrong,15,5.709558010101318,301.73767380158324,gemma-2-2b-it
medmcqa-native,native,1,medmcqa_validation_1639,medmcqa_validation_1639__native__correct,58,3.619081258773804,37.30328001243358,gemma-2-2b-it
medmcqa-native,native,0,medmcqa_validation_1639,medmcqa_validation_1639__native__wrong,56,3.7526819705963135,42.63527535487126,gemma-2-2b-it
medmcqa-native,native,1,medmcqa_validation_1992,medmcqa_validation_1992__native__correct,30,3.093193531036377,22.047374643919454,gemma-2-2b-it
medmcqa-native,native,0,medmcqa_validation_1992,medmcqa_validation_1992__native__wrong,30,3.083237886428833,21.82896781177944,gemma-2-2b-it
medmcqa-native,native,1,medmcqa_validation_699,medmcqa_validation_699__native__correct,30,4.2115912437438965,67.46380580323655,gemma-2-2b-it
medmcqa-native,native,0,medmcqa_validation_699,medmcqa_validation_699__native__wrong,30,4.23201322555542,68.85571481337762,gemma-2-2b-it
medmcqa-native,native,1,medmcqa_validation_404,medmcqa_validation_404__native__correct,21,2.324470043182373,10.22126182280736,gemma-2-2b-it
medmcqa-native,native,0,medmcqa_validation_404,medmcqa_validation_404__native__wrong,22,3.522138833999634,33.8567650785357,gemma-2-2b-it
medmcqa-native,native,1,medmcqa_validation_2806,medmcqa_validation_2806__native__correct,63,3.508519172668457,33.398773330232075,gemma-2-2b-it
medmcqa-native,native,0,medmcqa_validation_2806,medmcqa_validation_2806__native__wrong,47,3.2006285190582275,24.54795420651896,gemma-2-2b-it
medmcqa-native,native,1,medmcqa_validation_1036,medmcqa_validation_1036__native__correct,19,5.5040283203125,245.6796177664233,gemma-2-2b-it
medmcqa-native,native,0,medmcqa_validation_1036,medmcqa_validation_1036__native__wrong,18,5.2304887771606445,186.8841258926284,gemma-2-2b-it
medmcqa-native,native,1,medmcqa_validation_2637,medmcqa_validation_2637__native__correct,41,3.38737416267395,29.588156489816992,gemma-2-2b-it
medmcqa-native,native,0,medmcqa_validation_2637,medmcqa_validation_2637__native__wrong,39,3.66256046295166,38.96097339570831,gemma-2-2b-it
medmcqa-native,native,1,medmcqa_validation_3820,medmcqa_validation_3820__native__correct,83,2.580796480178833,13.207653605736132,gemma-2-2b-it
medmcqa-native,native,0,medmcqa_validation_3820,medmcqa_validation_3820__native__wrong,84,2.6014020442962646,13.482628031331489,gemma-2-2b-it
medmcqa-native,native,1,medmcqa_validation_361,medmcqa_validation_361__native__correct,22,2.945875644683838,19.02731626229819,gemma-2-2b-it
medmcqa-native,native,0,medmcqa_validation_361,medmcqa_validation_361__native__wrong,35,3.524158477783203,33.9252127803798,gemma-2-2b-it
medmcqa-native,native,1,medmcqa_validation_3484,medmcqa_validation_3484__native__correct,13,4.610270977020264,100.51138222137727,gemma-2-2b-it
medmcqa-native,native,0,medmcqa_validation_3484,medmcqa_validation_3484__native__wrong,13,4.549702167510986,94.60422790594328,gemma-2-2b-it
medmcqa-native,native,1,medmcqa_validation_757,medmcqa_validation_757__native__correct,27,5.235517501831055,187.82628164250303,gemma-2-2b-it
medmcqa-native,native,0,medmcqa_validation_757,medmcqa_validation_757__native__wrong,22,5.432417392730713,228.7014389167689,gemma-2-2b-it
medmcqa-native,native,1,medmcqa_validation_457,medmcqa_validation_457__native__correct,29,5.069644927978516,159.11781902597383,gemma-2-2b-it
medmcqa-native,native,0,medmcqa_validation_457,medmcqa_validation_457__native__wrong,25,5.069151401519775,159.03930954707354,gemma-2-2b-it
medmcqa-native,native,1,medmcqa_validation_692,medmcqa_validation_692__native__correct,29,3.855967283248901,47.27432249285436,gemma-2-2b-it
medmcqa-native,native,0,medmcqa_validation_692,medmcqa_validation_692__native__wrong,36,4.356578826904297,77.98986067581626,gemma-2-2b-it
medmcqa-native,native,1,medmcqa_validation_2634,medmcqa_validation_2634__native__correct,25,3.8120932579040527,45.245049366889695,gemma-2-2b-it
medmcqa-native,native,0,medmcqa_validation_2634,medmcqa_validation_2634__native__wrong,24,4.3284759521484375,75.82863199634086,gemma-2-2b-it
medmcqa-native,native,1,medmcqa_validation_1945,medmcqa_validation_1945__native__correct,14,4.609930992126465,100.47721567815056,gemma-2-2b-it
medmcqa-native,native,0,medmcqa_validation_1945,medmcqa_validation_1945__native__wrong,16,4.16729736328125,64.54078588625553,gemma-2-2b-it
medmcqa-native,native,1,medmcqa_validation_81,medmcqa_validation_81__native__correct,29,2.979400873184204,19.67602467866033,gemma-2-2b-it
medmcqa-native,native,0,medmcqa_validation_81,medmcqa_validation_81__native__wrong,38,2.6622514724731445,14.328513062122443,gemma-2-2b-it
medmcqa-native,native,1,medmcqa_validation_1009,medmcqa_validation_1009__native__correct,20,2.765575885772705,15.88818713743168,gemma-2-2b-it
medmcqa-native,native,0,medmcqa_validation_1009,medmcqa_validation_1009__native__wrong,20,3.086967706680298,21.91053796443205,gemma-2-2b-it
medmcqa-native,native,1,medmcqa_validation_3711,medmcqa_validation_3711__native__correct,102,2.814627170562744,16.6869532330456,gemma-2-2b-it
medmcqa-native,native,0,medmcqa_validation_3711,medmcqa_validation_3711__native__wrong,100,2.8394057750701904,17.10559794378884,gemma-2-2b-it
medmcqa-native,native,1,medmcqa_validation_419,medmcqa_validation_419__native__correct,29,5.240691661834717,188.80064345477865,gemma-2-2b-it
medmcqa-native,native,0,medmcqa_validation_419,medmcqa_validation_419__native__wrong,25,5.183661937713623,178.33466717994273,gemma-2-2b-it
medmcqa-native,native,1,medmcqa_validation_1771,medmcqa_validation_1771__native__correct,17,5.621089935302734,276.1902487454056,gemma-2-2b-it
medmcqa-native,native,0,medmcqa_validation_1771,medmcqa_validation_1771__native__wrong,17,5.816700458526611,335.8620326509383,gemma-2-2b-it
medmcqa-native,native,1,medmcqa_validation_2035,medmcqa_validation_2035__native__correct,22,5.283910274505615,197.13923869968704,gemma-2-2b-it
medmcqa-native,native,0,medmcqa_validation_2035,medmcqa_validation_2035__native__wrong,15,6.441981792449951,627.6494389977265,gemma-2-2b-it
medmcqa-native,native,1,medmcqa_validation_3674,medmcqa_validation_3674__native__correct,15,4.855223178863525,128.4093462689663,gemma-2-2b-it
medmcqa-native,native,0,medmcqa_validation_3674,medmcqa_validation_3674__native__wrong,15,4.334389686584473,76.27839095538073,gemma-2-2b-it
medmcqa-native,native,1,medmcqa_validation_3992,medmcqa_validation_3992__native__correct,15,5.669585227966309,289.9142611227828,gemma-2-2b-it
medmcqa-native,native,0,medmcqa_validation_3992,medmcqa_validation_3992__native__wrong,14,4.530436992645264,92.7991047490868,gemma-2-2b-it
medmcqa-native,native,1,medmcqa_validation_1897,medmcqa_validation_1897__native__correct,13,5.174165725708008,176.64917891554734,gemma-2-2b-it
medmcqa-native,native,0,medmcqa_validation_1897,medmcqa_validation_1897__native__wrong,14,5.7395758628845215,310.932504994481,gemma-2-2b-it
medmcqa-native,native,1,medmcqa_validation_530,medmcqa_validation_530__native__correct,16,6.229735851287842,507.6213782513806,gemma-2-2b-it
medmcqa-native,native,0,medmcqa_validation_530,medmcqa_validation_530__native__wrong,15,6.003175258636475,404.711820146222,gemma-2-2b-it
medmcqa-native,native,1,medmcqa_validation_2139,medmcqa_validation_2139__native__correct,19,2.545273542404175,12.746714376115476,gemma-2-2b-it
medmcqa-native,native,0,medmcqa_validation_2139,medmcqa_validation_2139__native__wrong,19,3.671583414077759,39.31410711279608,gemma-2-2b-it
medmcqa-native,native,1,medmcqa_validation_824,medmcqa_validation_824__native__correct,15,3.865434885025024,47.72402238310867,gemma-2-2b-it
medmcqa-native,native,0,medmcqa_validation_824,medmcqa_validation_824__native__wrong,15,3.979065179824829,53.46702880086243,gemma-2-2b-it
medmcqa-native,native,1,medmcqa_validation_2553,medmcqa_validation_2553__native__correct,32,2.5375008583068848,12.648022240259134,gemma-2-2b-it
medmcqa-native,native,0,medmcqa_validation_2553,medmcqa_validation_2553__native__wrong,36,2.437338829040528,11.44254960900756,gemma-2-2b-it
medmcqa-native,native,1,medmcqa_validation_683,medmcqa_validation_683__native__correct,17,5.933507919311523,377.47635060079045,gemma-2-2b-it
medmcqa-native,native,0,medmcqa_validation_683,medmcqa_validation_683__native__wrong,17,5.704338550567627,300.16686916508934,gemma-2-2b-it
medmcqa-native,native,1,medmcqa_validation_3019,medmcqa_validation_3019__native__correct,25,3.3738908767700195,29.19188841775966,gemma-2-2b-it
medmcqa-native,native,0,medmcqa_validation_3019,medmcqa_validation_3019__native__wrong,25,3.8473503589630127,46.868713296883,gemma-2-2b-it
medmcqa-native,native,1,medmcqa_validation_826,medmcqa_validation_826__native__correct,19,6.339060783386231,566.2642167844805,gemma-2-2b-it
medmcqa-native,native,0,medmcqa_validation_826,medmcqa_validation_826__native__wrong,12,6.793212890625,891.7741367763608,gemma-2-2b-it
medmcqa-native,native,1,medmcqa_validation_2673,medmcqa_validation_2673__native__correct,72,2.8299155235290527,16.944029392274008,gemma-2-2b-it
medmcqa-native,native,0,medmcqa_validation_2673,medmcqa_validation_2673__native__wrong,71,2.920091152191162,18.542977615755333,gemma-2-2b-it
medmcqa-native,native,1,medmcqa_validation_3845,medmcqa_validation_3845__native__correct,16,5.262377262115479,192.93961457824528,gemma-2-2b-it
medmcqa-native,native,0,medmcqa_validation_3845,medmcqa_validation_3845__native__wrong,16,5.256533145904541,191.8153414402305,gemma-2-2b-it
medmcqa-native,native,1,medmcqa_validation_1188,medmcqa_validation_1188__native__correct,24,3.835784912109375,46.3297782040332,gemma-2-2b-it
medmcqa-native,native,0,medmcqa_validation_1188,medmcqa_validation_1188__native__wrong,24,3.9823524951934814,53.64308099735983,gemma-2-2b-it
medmcqa-native,native,1,medmcqa_validation_1400,medmcqa_validation_1400__native__correct,27,4.050246238708496,57.41159226138726,gemma-2-2b-it
medmcqa-native,native,0,medmcqa_validation_1400,medmcqa_validation_1400__native__wrong,27,3.919289112091065,50.36462844347574,gemma-2-2b-it
medmcqa-native,native,1,medmcqa_validation_148,medmcqa_validation_148__native__correct,15,4.888430595397949,132.7450797490603,gemma-2-2b-it
medmcqa-native,native,0,medmcqa_validation_148,medmcqa_validation_148__native__wrong,22,4.308891773223877,74.35803769305271,gemma-2-2b-it
medmcqa-native,native,1,medmcqa_validation_3744,medmcqa_validation_3744__native__correct,18,3.154430389404297,23.439681797022025,gemma-2-2b-it
medmcqa-native,native,0,medmcqa_validation_3744,medmcqa_validation_3744__native__wrong,17,3.7658121585845943,43.19877587339562,gemma-2-2b-it
medmcqa-native,native,1,medmcqa_validation_2799,medmcqa_validation_2799__native__correct,34,3.47775673866272,32.386988047530124,gemma-2-2b-it
medmcqa-native,native,0,medmcqa_validation_2799,medmcqa_validation_2799__native__wrong,36,4.108377456665039,60.84790906146237,gemma-2-2b-it
medmcqa-native,native,1,medmcqa_validation_3166,medmcqa_validation_3166__native__correct,100,2.874260187149048,17.712315474478643,gemma-2-2b-it
medmcqa-native,native,0,medmcqa_validation_3166,medmcqa_validation_3166__native__wrong,100,2.8914194107055664,18.018867632207453,gemma-2-2b-it
medmcqa-native,native,1,medmcqa_validation_3242,medmcqa_validation_3242__native__correct,14,7.55743408203125,1914.9256619405,gemma-2-2b-it
medmcqa-native,native,0,medmcqa_validation_3242,medmcqa_validation_3242__native__wrong,16,6.939788341522217,1032.5516435208656,gemma-2-2b-it
medmcqa-native,native,1,medmcqa_validation_1107,medmcqa_validation_1107__native__correct,26,2.9088006019592285,18.334794657142822,gemma-2-2b-it
medmcqa-native,native,0,medmcqa_validation_1107,medmcqa_validation_1107__native__wrong,28,4.446661472320557,85.34155273793603,gemma-2-2b-it
medmcqa-native,native,1,medmcqa_validation_879,medmcqa_validation_879__native__correct,20,3.776682376861572,43.67091748856826,gemma-2-2b-it
medmcqa-native,native,0,medmcqa_validation_879,medmcqa_validation_879__native__wrong,21,3.540828227996826,34.49547748305168,gemma-2-2b-it
medmcqa-native,native,1,medmcqa_validation_554,medmcqa_validation_554__native__correct,25,2.7364227771759038,15.43168367150857,gemma-2-2b-it
medmcqa-native,native,0,medmcqa_validation_554,medmcqa_validation_554__native__wrong,26,3.085249423980713,21.87292179297262,gemma-2-2b-it
medmcqa-native,native,1,medmcqa_validation_3126,medmcqa_validation_3126__native__correct,25,3.868588447570801,47.874760628949225,gemma-2-2b-it
medmcqa-native,native,0,medmcqa_validation_3126,medmcqa_validation_3126__native__wrong,25,3.81268310546875,45.27174492145329,gemma-2-2b-it
medmcqa-native,native,1,medmcqa_validation_3719,medmcqa_validation_3719__native__correct,20,4.4996209144592285,89.98301357480089,gemma-2-2b-it
medmcqa-native,native,0,medmcqa_validation_3719,medmcqa_validation_3719__native__wrong,20,4.189549446105957,65.99305083511486,gemma-2-2b-it
medmcqa-native,native,1,medmcqa_validation_1325,medmcqa_validation_1325__native__correct,32,4.521308422088623,91.95583634718858,gemma-2-2b-it
medmcqa-native,native,0,medmcqa_validation_1325,medmcqa_validation_1325__native__wrong,32,4.535049915313721,93.22816870157334,gemma-2-2b-it
medmcqa-native,native,1,medmcqa_validation_1229,medmcqa_validation_1229__native__correct,16,4.366014003753662,78.72919117600986,gemma-2-2b-it
medmcqa-native,native,0,medmcqa_validation_1229,medmcqa_validation_1229__native__wrong,16,4.733041763305664,113.6407052883567,gemma-2-2b-it
medmcqa-native,native,1,medmcqa_validation_182,medmcqa_validation_182__native__correct,15,3.9154129028320312,50.16978248020213,gemma-2-2b-it
medmcqa-native,native,0,medmcqa_validation_182,medmcqa_validation_182__native__wrong,14,3.8620760440826416,47.56399388837405,gemma-2-2b-it
medmcqa-native,native,1,medmcqa_validation_916,medmcqa_validation_916__native__correct,24,4.757030010223389,116.39970608176344,gemma-2-2b-it
medmcqa-native,native,0,medmcqa_validation_916,medmcqa_validation_916__native__wrong,22,5.305345058441162,201.4104888138761,gemma-2-2b-it
medmcqa-native,native,1,medmcqa_validation_1864,medmcqa_validation_1864__native__correct,19,3.389972925186157,29.66514908110681,gemma-2-2b-it
medmcqa-native,native,0,medmcqa_validation_1864,medmcqa_validation_1864__native__wrong,18,4.347436904907227,77.2801325355427,gemma-2-2b-it
medmcqa-native,native,1,medmcqa_validation_600,medmcqa_validation_600__native__correct,23,4.143563270568848,63.02700406897583,gemma-2-2b-it
medmcqa-native,native,0,medmcqa_validation_600,medmcqa_validation_600__native__wrong,24,3.793668508529663,44.4190534227012,gemma-2-2b-it
medmcqa-native,native,1,medmcqa_validation_802,medmcqa_validation_802__native__correct,15,5.631577968597412,279.1021848187398,gemma-2-2b-it
medmcqa-native,native,0,medmcqa_validation_802,medmcqa_validation_802__native__wrong,13,5.548068046569824,256.7410646806624,gemma-2-2b-it
medmcqa-native,native,1,medmcqa_validation_325,medmcqa_validation_325__native__correct,24,5.201907157897949,181.61828653894156,gemma-2-2b-it
medmcqa-native,native,0,medmcqa_validation_325,medmcqa_validation_325__native__wrong,23,5.476232528686523,238.94479182187985,gemma-2-2b-it
medmcqa-native,native,1,medmcqa_validation_2527,medmcqa_validation_2527__native__correct,46,3.2989275455474854,27.0835774366724,gemma-2-2b-it
medmcqa-native,native,0,medmcqa_validation_2527,medmcqa_validation_2527__native__wrong,48,3.454378843307495,31.638630030570223,gemma-2-2b-it
medmcqa-native,native,1,medmcqa_validation_2864,medmcqa_validation_2864__native__correct,22,6.1317973136901855,460.2626540927658,gemma-2-2b-it
medmcqa-native,native,0,medmcqa_validation_2864,medmcqa_validation_2864__native__wrong,37,4.909372329711914,135.55430429148768,gemma-2-2b-it
medmcqa-native,native,1,medmcqa_validation_3081,medmcqa_validation_3081__native__correct,28,3.128264904022217,22.834325404357,gemma-2-2b-it
medmcqa-native,native,0,medmcqa_validation_3081,medmcqa_validation_3081__native__wrong,24,3.3055362701416016,27.26315808690282,gemma-2-2b-it
medmcqa-native,native,1,medmcqa_validation_1909,medmcqa_validation_1909__native__correct,23,3.3572096824646,28.708971865410728,gemma-2-2b-it
medmcqa-native,native,0,medmcqa_validation_1909,medmcqa_validation_1909__native__wrong,23,3.24513578414917,25.665194750272523,gemma-2-2b-it
medmcqa-native,native,1,medmcqa_validation_2325,medmcqa_validation_2325__native__correct,20,5.824136734008789,338.36890459280056,gemma-2-2b-it
medmcqa-native,native,0,medmcqa_validation_2325,medmcqa_validation_2325__native__wrong,18,5.928923606872559,375.74984152351607,gemma-2-2b-it
medmcqa-native,native,1,medmcqa_validation_3296,medmcqa_validation_3296__native__correct,29,4.349477767944336,77.43801175166682,gemma-2-2b-it
medmcqa-native,native,0,medmcqa_validation_3296,medmcqa_validation_3296__native__wrong,27,4.2101263999938965,67.36505421443646,gemma-2-2b-it
medmcqa-native,native,1,medmcqa_validation_4036,medmcqa_validation_4036__native__correct,14,5.771679401397705,321.0764964372856,gemma-2-2b-it
medmcqa-native,native,0,medmcqa_validation_4036,medmcqa_validation_4036__native__wrong,14,6.171276092529297,478.7967053145509,gemma-2-2b-it
medmcqa-native,native,1,medmcqa_validation_1652,medmcqa_validation_1652__native__correct,17,6.174161911010742,480.1804213119091,gemma-2-2b-it
medmcqa-native,native,0,medmcqa_validation_1652,medmcqa_validation_1652__native__wrong,16,6.484468460083008,654.8907711218865,gemma-2-2b-it
medmcqa-native,native,1,medmcqa_validation_832,medmcqa_validation_832__native__correct,43,4.372058391571045,79.20650201273305,gemma-2-2b-it
medmcqa-native,native,0,medmcqa_validation_832,medmcqa_validation_832__native__wrong,40,4.016651630401611,55.51490983790536,gemma-2-2b-it
medmcqa-native,native,1,medmcqa_validation_2000,medmcqa_validation_2000__native__correct,30,4.772473335266113,118.21125675674809,gemma-2-2b-it
medmcqa-native,native,0,medmcqa_validation_2000,medmcqa_validation_2000__native__wrong,30,4.510746479034424,90.98971508034946,gemma-2-2b-it
medmcqa-native,native,1,medmcqa_validation_1850,medmcqa_validation_1850__native__correct,40,3.3406810760498047,28.238352623166943,gemma-2-2b-it
medmcqa-native,native,0,medmcqa_validation_1850,medmcqa_validation_1850__native__wrong,37,3.8921656608581534,49.01692569721327,gemma-2-2b-it
medmcqa-native,native,1,medmcqa_validation_1675,medmcqa_validation_1675__native__correct,23,4.041126251220703,56.89037959741041,gemma-2-2b-it
medmcqa-native,native,0,medmcqa_validation_1675,medmcqa_validation_1675__native__wrong,20,4.770598888397217,117.98988357760048,gemma-2-2b-it
medmcqa-native,native,1,medmcqa_validation_4138,medmcqa_validation_4138__native__correct,20,3.697819471359253,40.35920394211917,gemma-2-2b-it
medmcqa-native,native,0,medmcqa_validation_4138,medmcqa_validation_4138__native__wrong,18,4.488164901733398,88.95804923810996,gemma-2-2b-it
medmcqa-native,native,1,medmcqa_validation_1665,medmcqa_validation_1665__native__correct,38,3.828230619430542,45.98110813574442,gemma-2-2b-it
medmcqa-native,native,0,medmcqa_validation_1665,medmcqa_validation_1665__native__wrong,38,3.972967386245728,53.141989913129976,gemma-2-2b-it
medmcqa-native,native,1,medmcqa_validation_3594,medmcqa_validation_3594__native__correct,18,4.0484113693237305,57.30634607444743,gemma-2-2b-it
medmcqa-native,native,0,medmcqa_validation_3594,medmcqa_validation_3594__native__wrong,19,4.089502334594727,59.71016862341724,gemma-2-2b-it
medmcqa-native,native,1,medmcqa_validation_605,medmcqa_validation_605__native__correct,105,2.495098829269409,12.122931559856854,gemma-2-2b-it
medmcqa-native,native,0,medmcqa_validation_605,medmcqa_validation_605__native__wrong,106,2.6365787982940674,13.965343527820774,gemma-2-2b-it
medmcqa-native,native,1,medmcqa_validation_3745,medmcqa_validation_3745__native__correct,54,3.252673625946045,25.859385899588016,gemma-2-2b-it
medmcqa-native,native,0,medmcqa_validation_3745,medmcqa_validation_3745__native__wrong,54,3.2654051780700684,26.190720746943494,gemma-2-2b-it
medmcqa-native,native,1,medmcqa_validation_2624,medmcqa_validation_2624__native__correct,16,4.21141242980957,67.45174341319012,gemma-2-2b-it
medmcqa-native,native,0,medmcqa_validation_2624,medmcqa_validation_2624__native__wrong,18,3.7024524211883545,40.54661991830482,gemma-2-2b-it
medmcqa-native,native,1,medmcqa_validation_685,medmcqa_validation_685__native__correct,18,5.19001579284668,179.47138727355377,gemma-2-2b-it
medmcqa-native,native,0,medmcqa_validation_685,medmcqa_validation_685__native__wrong,16,5.547285079956055,256.540123673949,gemma-2-2b-it
medmcqa-native,native,1,medmcqa_validation_3693,medmcqa_validation_3693__native__correct,23,4.315471172332764,74.84888185916611,gemma-2-2b-it
medmcqa-native,native,0,medmcqa_validation_3693,medmcqa_validation_3693__native__wrong,23,4.285398483276367,72.63148338544966,gemma-2-2b-it
medmcqa-native,native,1,medmcqa_validation_3772,medmcqa_validation_3772__native__correct,23,3.110461950302124,22.431404201653557,gemma-2-2b-it
medmcqa-native,native,0,medmcqa_validation_3772,medmcqa_validation_3772__native__wrong,25,3.415252923965454,30.42464357600768,gemma-2-2b-it
medmcqa-native,native,1,medmcqa_validation_2874,medmcqa_validation_2874__native__correct,22,5.753864765167236,315.40728287140206,gemma-2-2b-it
medmcqa-native,native,0,medmcqa_validation_2874,medmcqa_validation_2874__native__wrong,23,5.6475138664245605,283.58555712078265,gemma-2-2b-it
medmcqa-native,native,1,medmcqa_validation_2847,medmcqa_validation_2847__native__correct,20,3.44608998298645,31.377465718028624,gemma-2-2b-it
medmcqa-native,native,0,medmcqa_validation_2847,medmcqa_validation_2847__native__wrong,20,3.6225390434265137,37.432489982943686,gemma-2-2b-it
medmcqa-native,native,1,medmcqa_validation_2203,medmcqa_validation_2203__native__correct,17,4.137170314788818,62.62536043194703,gemma-2-2b-it
medmcqa-native,native,0,medmcqa_validation_2203,medmcqa_validation_2203__native__wrong,17,4.464375972747803,86.8668053689703,gemma-2-2b-it
medmcqa-native,native,1,medmcqa_validation_3968,medmcqa_validation_3968__native__correct,30,2.9603195190429688,19.30413881016255,gemma-2-2b-it
medmcqa-native,native,0,medmcqa_validation_3968,medmcqa_validation_3968__native__wrong,27,3.0562124252319336,21.24693023130733,gemma-2-2b-it
medmcqa-native,native,1,medmcqa_validation_3294,medmcqa_validation_3294__native__correct,59,3.9719722270965576,53.08913148130118,gemma-2-2b-it
medmcqa-native,native,0,medmcqa_validation_3294,medmcqa_validation_3294__native__wrong,55,3.721172332763672,41.3127980770327,gemma-2-2b-it
medmcqa-native,native,1,medmcqa_validation_2993,medmcqa_validation_2993__native__correct,20,4.086331844329834,59.52115790173622,gemma-2-2b-it
medmcqa-native,native,0,medmcqa_validation_2993,medmcqa_validation_2993__native__wrong,19,4.394023895263672,80.96556131109713,gemma-2-2b-it
medmcqa-native,native,1,medmcqa_validation_194,medmcqa_validation_194__native__correct,28,3.758612871170044,42.88889227888824,gemma-2-2b-it
medmcqa-native,native,0,medmcqa_validation_194,medmcqa_validation_194__native__wrong,18,3.864800453186035,47.69375434634255,gemma-2-2b-it
medmcqa-native,native,1,medmcqa_validation_580,medmcqa_validation_580__native__correct,45,3.698994874954224,40.40667018605493,gemma-2-2b-it
medmcqa-native,native,0,medmcqa_validation_580,medmcqa_validation_580__native__wrong,38,4.034913539886475,56.53803174235312,gemma-2-2b-it
medmcqa-native,native,1,medmcqa_validation_3390,medmcqa_validation_3390__native__correct,48,3.088993787765503,21.95497549278493,gemma-2-2b-it
medmcqa-native,native,0,medmcqa_validation_3390,medmcqa_validation_3390__native__wrong,48,3.200047731399536,24.53370119705633,gemma-2-2b-it
medmcqa-native,native,1,medmcqa_validation_2804,medmcqa_validation_2804__native__correct,16,4.744004249572754,114.89334342893028,gemma-2-2b-it
medmcqa-native,native,0,medmcqa_validation_2804,medmcqa_validation_2804__native__wrong,16,5.054388046264648,156.70860258077423,gemma-2-2b-it
medmcqa-native,native,1,medmcqa_validation_3106,medmcqa_validation_3106__native__correct,27,4.634311199188232,102.9569767166894,gemma-2-2b-it
medmcqa-native,native,0,medmcqa_validation_3106,medmcqa_validation_3106__native__wrong,29,4.237153053283691,69.21053239512243,gemma-2-2b-it
medmcqa-native,native,1,medmcqa_validation_819,medmcqa_validation_819__native__correct,42,5.220711708068848,185.06585007001163,gemma-2-2b-it
medmcqa-native,native,0,medmcqa_validation_819,medmcqa_validation_819__native__wrong,34,5.073511600494385,159.73426655589722,gemma-2-2b-it
medmcqa-native,native,1,medmcqa_validation_834,medmcqa_validation_834__native__correct,38,3.5284998416900635,34.07281463954271,gemma-2-2b-it
medmcqa-native,native,0,medmcqa_validation_834,medmcqa_validation_834__native__wrong,36,3.513110637664795,33.552475217292866,gemma-2-2b-it
medmcqa-native,native,1,medmcqa_validation_959,medmcqa_validation_959__native__correct,17,6.010846614837647,407.8284477733554,gemma-2-2b-it
medmcqa-native,native,0,medmcqa_validation_959,medmcqa_validation_959__native__wrong,19,5.857665061950684,349.9061801902856,gemma-2-2b-it
medmcqa-native,native,1,medmcqa_validation_1916,medmcqa_validation_1916__native__correct,35,3.2316627502441406,25.32172569195879,gemma-2-2b-it
medmcqa-native,native,0,medmcqa_validation_1916,medmcqa_validation_1916__native__wrong,34,3.351522445678711,28.54616055660452,gemma-2-2b-it
medmcqa-native,native,1,medmcqa_validation_2421,medmcqa_validation_2421__native__correct,28,3.5229263305664062,33.88343766570406,gemma-2-2b-it
medmcqa-native,native,0,medmcqa_validation_2421,medmcqa_validation_2421__native__wrong,28,3.556237936019897,35.03115947052033,gemma-2-2b-it
medmcqa-native,native,1,medmcqa_validation_2231,medmcqa_validation_2231__native__correct,20,3.5826258659362797,35.96786374142674,gemma-2-2b-it
medmcqa-native,native,0,medmcqa_validation_2231,medmcqa_validation_2231__native__wrong,21,3.826408863067627,45.897418014075946,gemma-2-2b-it
medmcqa-native,native,1,medmcqa_validation_1187,medmcqa_validation_1187__native__correct,55,3.863268375396729,47.62073975092188,gemma-2-2b-it
medmcqa-native,native,0,medmcqa_validation_1187,medmcqa_validation_1187__native__wrong,49,3.946945190429688,51.77695625944634,gemma-2-2b-it
medmcqa-native,native,1,medmcqa_validation_1554,medmcqa_validation_1554__native__correct,47,4.572324275970459,96.76876590756927,gemma-2-2b-it
medmcqa-native,native,0,medmcqa_validation_1554,medmcqa_validation_1554__native__wrong,45,4.848230838775635,127.5145962930205,gemma-2-2b-it
medmcqa-native,native,1,medmcqa_validation_3308,medmcqa_validation_3308__native__correct,15,5.427257061004639,227.5243034426572,gemma-2-2b-it
medmcqa-native,native,0,medmcqa_validation_3308,medmcqa_validation_3308__native__wrong,16,5.245474338531494,189.70577865173573,gemma-2-2b-it
medmcqa-native,native,1,medmcqa_validation_2482,medmcqa_validation_2482__native__correct,93,2.1049723625183105,8.206876189071046,gemma-2-2b-it
medmcqa-native,native,0,medmcqa_validation_2482,medmcqa_validation_2482__native__wrong,89,2.0775487422943115,7.984871926636387,gemma-2-2b-it
medmcqa-native,native,1,medmcqa_validation_2353,medmcqa_validation_2353__native__correct,51,3.733649253845215,41.83148366911156,gemma-2-2b-it
medmcqa-native,native,0,medmcqa_validation_2353,medmcqa_validation_2353__native__wrong,50,3.815647602081299,45.40615198212169,gemma-2-2b-it
medmcqa-native,native,1,medmcqa_validation_2033,medmcqa_validation_2033__native__correct,24,4.50153398513794,90.15532220639646,gemma-2-2b-it
medmcqa-native,native,0,medmcqa_validation_2033,medmcqa_validation_2033__native__wrong,22,4.782075881958008,119.3518534212087,gemma-2-2b-it
medmcqa-native,native,1,medmcqa_validation_1548,medmcqa_validation_1548__native__correct,43,3.015516757965088,20.399629888501767,gemma-2-2b-it
medmcqa-native,native,0,medmcqa_validation_1548,medmcqa_validation_1548__native__wrong,46,2.8784101009368896,17.78597278671944,gemma-2-2b-it
medmcqa-native,native,1,medmcqa_validation_3065,medmcqa_validation_3065__native__correct,27,3.35455322265625,28.632808842304904,gemma-2-2b-it
medmcqa-native,native,0,medmcqa_validation_3065,medmcqa_validation_3065__native__wrong,27,3.481868028640747,32.52041443625696,gemma-2-2b-it
medmcqa-native,native,1,medmcqa_validation_2694,medmcqa_validation_2694__native__correct,19,2.9970779418945312,20.026931483168923,gemma-2-2b-it
medmcqa-native,native,0,medmcqa_validation_2694,medmcqa_validation_2694__native__wrong,15,4.266597747802734,71.27871445114477,gemma-2-2b-it
medmcqa-native,native,1,medmcqa_validation_2801,medmcqa_validation_2801__native__correct,20,4.217942237854004,67.89363150202385,gemma-2-2b-it
medmcqa-native,native,0,medmcqa_validation_2801,medmcqa_validation_2801__native__wrong,20,4.519378185272217,91.77851100140003,gemma-2-2b-it
medmcqa-native,native,1,medmcqa_validation_2788,medmcqa_validation_2788__native__correct,19,5.380344867706299,217.0971323064076,gemma-2-2b-it
medmcqa-native,native,0,medmcqa_validation_2788,medmcqa_validation_2788__native__wrong,19,5.640617847442627,281.63667322930115,gemma-2-2b-it
medmcqa-native,native,1,medmcqa_validation_2099,medmcqa_validation_2099__native__correct,20,3.0214593410491943,20.521217297825903,gemma-2-2b-it
medmcqa-native,native,0,medmcqa_validation_2099,medmcqa_validation_2099__native__wrong,19,3.907665491104126,49.78259829332506,gemma-2-2b-it
medmcqa-native,native,1,medmcqa_validation_1446,medmcqa_validation_1446__native__correct,24,5.524209499359131,250.6880905775428,gemma-2-2b-it
medmcqa-native,native,0,medmcqa_validation_1446,medmcqa_validation_1446__native__wrong,25,5.370895862579346,215.05544155417604,gemma-2-2b-it
medmcqa-native,native,1,medmcqa_validation_1304,medmcqa_validation_1304__native__correct,29,4.063835620880127,58.19710556148356,gemma-2-2b-it
medmcqa-native,native,0,medmcqa_validation_1304,medmcqa_validation_1304__native__wrong,40,3.0404980182647705,20.91565702096585,gemma-2-2b-it
medmcqa-native,native,1,medmcqa_validation_616,medmcqa_validation_616__native__correct,20,3.3810296058654785,29.40102700465009,gemma-2-2b-it
medmcqa-native,native,0,medmcqa_validation_616,medmcqa_validation_616__native__wrong,20,3.7574074268341056,42.83722325493882,gemma-2-2b-it
medmcqa-native,native,1,medmcqa_validation_3876,medmcqa_validation_3876__native__correct,63,3.52807092666626,34.05820343114793,gemma-2-2b-it
medmcqa-native,native,0,medmcqa_validation_3876,medmcqa_validation_3876__native__wrong,62,3.640082597732544,38.09498315468314,gemma-2-2b-it
medmcqa-native,native,1,medmcqa_validation_3837,medmcqa_validation_3837__native__correct,22,3.708926916122437,40.80999047922082,gemma-2-2b-it
medmcqa-native,native,0,medmcqa_validation_3837,medmcqa_validation_3837__native__wrong,17,4.969656467437744,143.9774179429335,gemma-2-2b-it
medmcqa-native,native,1,medmcqa_validation_1676,medmcqa_validation_1676__native__correct,15,3.931786060333252,50.99798184798705,gemma-2-2b-it
medmcqa-native,native,0,medmcqa_validation_1676,medmcqa_validation_1676__native__wrong,16,4.2488932609558105,70.02786686885406,gemma-2-2b-it
medmcqa-native,native,1,medmcqa_validation_3409,medmcqa_validation_3409__native__correct,42,4.163977146148682,64.32685181352457,gemma-2-2b-it
medmcqa-native,native,0,medmcqa_validation_3409,medmcqa_validation_3409__native__wrong,42,4.041606426239014,56.91770349607706,gemma-2-2b-it
medmcqa-native,native,1,medmcqa_validation_3066,medmcqa_validation_3066__native__correct,19,5.469628810882568,237.37206647856095,gemma-2-2b-it
medmcqa-native,native,0,medmcqa_validation_3066,medmcqa_validation_3066__native__wrong,19,5.250408172607422,190.6440682661084,gemma-2-2b-it
medmcqa-native,native,1,medmcqa_validation_520,medmcqa_validation_520__native__correct,54,4.019955158233643,55.69860814682289,gemma-2-2b-it
medmcqa-native,native,0,medmcqa_validation_520,medmcqa_validation_520__native__wrong,57,4.010779857635498,55.18989404546153,gemma-2-2b-it
medmcqa-native,native,1,medmcqa_validation_2247,medmcqa_validation_2247__native__correct,14,5.45025634765625,232.8178405663682,gemma-2-2b-it
medmcqa-native,native,0,medmcqa_validation_2247,medmcqa_validation_2247__native__wrong,13,6.338865280151367,566.1535211193446,gemma-2-2b-it
medmcqa-native,native,1,medmcqa_validation_595,medmcqa_validation_595__native__correct,24,5.1614532470703125,174.41774359040562,gemma-2-2b-it
medmcqa-native,native,0,medmcqa_validation_595,medmcqa_validation_595__native__wrong,23,4.61411190032959,100.8981810890705,gemma-2-2b-it
medmcqa-native,native,1,medmcqa_validation_2636,medmcqa_validation_2636__native__correct,73,3.049206256866455,21.098590912764056,gemma-2-2b-it
medmcqa-native,native,0,medmcqa_validation_2636,medmcqa_validation_2636__native__wrong,65,3.037393808364868,20.85083110006697,gemma-2-2b-it
medmcqa-native,native,1,medmcqa_validation_2207,medmcqa_validation_2207__native__correct,43,4.332573890686035,76.14001063917115,gemma-2-2b-it
medmcqa-native,native,0,medmcqa_validation_2207,medmcqa_validation_2207__native__wrong,41,3.833803176879883,46.23805576520416,gemma-2-2b-it
medmcqa-native,native,1,medmcqa_validation_1351,medmcqa_validation_1351__native__correct,22,3.192455530166626,24.34814169444921,gemma-2-2b-it
medmcqa-native,native,0,medmcqa_validation_1351,medmcqa_validation_1351__native__wrong,22,3.538066864013672,34.4003543092452,gemma-2-2b-it
medmcqa-native,native,1,medmcqa_validation_1466,medmcqa_validation_1466__native__correct,15,6.765210151672363,867.1484213338497,gemma-2-2b-it
medmcqa-native,native,0,medmcqa_validation_1466,medmcqa_validation_1466__native__wrong,14,6.704741954803467,816.2673652609346,gemma-2-2b-it
medmcqa-native,native,1,medmcqa_validation_1723,medmcqa_validation_1723__native__correct,23,3.659785032272339,38.85298983461038,gemma-2-2b-it
medmcqa-native,native,0,medmcqa_validation_1723,medmcqa_validation_1723__native__wrong,19,4.308032512664795,74.29417220648865,gemma-2-2b-it
medmcqa-native,native,1,medmcqa_validation_2275,medmcqa_validation_2275__native__correct,23,3.65998101234436,38.860604992541646,gemma-2-2b-it
medmcqa-native,native,0,medmcqa_validation_2275,medmcqa_validation_2275__native__wrong,18,4.064101696014404,58.21259242440358,gemma-2-2b-it
medmcqa-native,native,1,medmcqa_validation_3862,medmcqa_validation_3862__native__correct,17,5.246288299560547,189.8602546227257,gemma-2-2b-it
medmcqa-native,native,0,medmcqa_validation_3862,medmcqa_validation_3862__native__wrong,18,4.975803375244141,144.8651594947335,gemma-2-2b-it
medmcqa-native,native,1,medmcqa_validation_1136,medmcqa_validation_1136__native__correct,23,4.416134357452393,82.77568488476294,gemma-2-2b-it
medmcqa-native,native,0,medmcqa_validation_1136,medmcqa_validation_1136__native__wrong,22,4.616646766662598,101.15426892847076,gemma-2-2b-it
medmcqa-native,native,1,medmcqa_validation_2286,medmcqa_validation_2286__native__correct,25,5.379970073699951,217.0157808483956,gemma-2-2b-it
medmcqa-native,native,0,medmcqa_validation_2286,medmcqa_validation_2286__native__wrong,23,5.573421478271484,263.33354965610096,gemma-2-2b-it
medmcqa-native,native,1,medmcqa_validation_2051,medmcqa_validation_2051__native__correct,30,3.3937337398529053,29.77692425998525,gemma-2-2b-it
medmcqa-native,native,0,medmcqa_validation_2051,medmcqa_validation_2051__native__wrong,36,3.08101487159729,21.78049558977245,gemma-2-2b-it
medmcqa-native,native,1,medmcqa_validation_3270,medmcqa_validation_3270__native__correct,31,4.2986159324646,73.5978587664589,gemma-2-2b-it
medmcqa-native,native,0,medmcqa_validation_3270,medmcqa_validation_3270__native__wrong,31,4.356247901916504,77.9640561520405,gemma-2-2b-it
medmcqa-native,native,1,medmcqa_validation_1369,medmcqa_validation_1369__native__correct,28,3.4329774379730225,30.968713037046317,gemma-2-2b-it
medmcqa-native,native,0,medmcqa_validation_1369,medmcqa_validation_1369__native__wrong,31,3.5879054069519043,36.15825971271301,gemma-2-2b-it
medmcqa-native,native,1,medmcqa_validation_1549,medmcqa_validation_1549__native__correct,30,4.966581344604492,143.53534975290074,gemma-2-2b-it
medmcqa-native,native,0,medmcqa_validation_1549,medmcqa_validation_1549__native__wrong,28,4.890239238739014,132.9853855018001,gemma-2-2b-it
medmcqa-native,native,1,medmcqa_validation_775,medmcqa_validation_775__native__correct,53,4.3022284507751465,73.86421319432688,gemma-2-2b-it
medmcqa-native,native,0,medmcqa_validation_775,medmcqa_validation_775__native__wrong,46,4.033195018768311,56.440953380324,gemma-2-2b-it
medmcqa-native,native,1,medmcqa_validation_4142,medmcqa_validation_4142__native__correct,30,3.002662420272827,20.139084315082645,gemma-2-2b-it
medmcqa-native,native,0,medmcqa_validation_4142,medmcqa_validation_4142__native__wrong,23,3.986499547958374,53.86600360114146,gemma-2-2b-it
medmcqa-native,native,1,medmcqa_validation_763,medmcqa_validation_763__native__correct,26,4.586968421936035,98.19628875585614,gemma-2-2b-it
medmcqa-native,native,0,medmcqa_validation_763,medmcqa_validation_763__native__wrong,25,4.846777439117432,127.32940123616854,gemma-2-2b-it
medmcqa-native,native,1,medmcqa_validation_3464,medmcqa_validation_3464__native__correct,44,3.500338554382324,33.126665238120914,gemma-2-2b-it
medmcqa-native,native,0,medmcqa_validation_3464,medmcqa_validation_3464__native__wrong,45,3.427090883255005,30.786949518520903,gemma-2-2b-it
medmcqa-native,native,1,medmcqa_validation_2399,medmcqa_validation_2399__native__correct,131,2.8430771827697754,17.16851499418451,gemma-2-2b-it
medmcqa-native,native,0,medmcqa_validation_2399,medmcqa_validation_2399__native__wrong,132,2.811776638031006,16.63945426084483,gemma-2-2b-it
medmcqa-native,native,1,medmcqa_validation_429,medmcqa_validation_429__native__correct,21,4.889381408691406,132.87135555837253,gemma-2-2b-it
medmcqa-native,native,0,medmcqa_validation_429,medmcqa_validation_429__native__wrong,19,5.002724170684815,148.8180130751344,gemma-2-2b-it
medmcqa-native,native,1,medmcqa_validation_638,medmcqa_validation_638__native__correct,53,3.583235263824463,35.989789161607085,gemma-2-2b-it
medmcqa-native,native,0,medmcqa_validation_638,medmcqa_validation_638__native__wrong,49,3.977499008178711,53.38335579659916,gemma-2-2b-it
medmcqa-native,native,1,medmcqa_validation_1298,medmcqa_validation_1298__native__correct,24,5.598155975341797,269.9281939627635,gemma-2-2b-it
medmcqa-native,native,0,medmcqa_validation_1298,medmcqa_validation_1298__native__wrong,24,5.644542217254639,282.74409122530534,gemma-2-2b-it
medmcqa-native,native,1,medmcqa_validation_3163,medmcqa_validation_3163__native__correct,53,3.717005252838135,41.14100253696731,gemma-2-2b-it
medmcqa-native,native,0,medmcqa_validation_3163,medmcqa_validation_3163__native__wrong,53,3.590452194213867,36.25046447107851,gemma-2-2b-it
medmcqa-native,native,1,medmcqa_validation_3132,medmcqa_validation_3132__native__correct,17,5.495068073272705,243.4881006283988,gemma-2-2b-it
medmcqa-native,native,0,medmcqa_validation_3132,medmcqa_validation_3132__native__wrong,18,5.3896589279174805,219.12863414728196,gemma-2-2b-it
medmcqa-native,native,1,medmcqa_validation_2265,medmcqa_validation_2265__native__correct,24,3.870051622390747,47.9448610452881,gemma-2-2b-it
medmcqa-native,native,0,medmcqa_validation_2265,medmcqa_validation_2265__native__wrong,24,4.125312328338623,61.88713533833067,gemma-2-2b-it
medmcqa-native,native,1,medmcqa_validation_2100,medmcqa_validation_2100__native__correct,34,5.151326656341553,172.66039945527294,gemma-2-2b-it
medmcqa-native,native,0,medmcqa_validation_2100,medmcqa_validation_2100__native__wrong,33,4.764569282531738,117.28059160794976,gemma-2-2b-it
medmcqa-native,native,1,medmcqa_validation_726,medmcqa_validation_726__native__correct,35,3.401003122329712,29.99417278604037,gemma-2-2b-it
medmcqa-native,native,0,medmcqa_validation_726,medmcqa_validation_726__native__wrong,34,3.6072187423706055,36.86338353943768,gemma-2-2b-it
medmcqa-native,native,1,medmcqa_validation_357,medmcqa_validation_357__native__correct,108,2.8484203815460205,17.260495298180626,gemma-2-2b-it
medmcqa-native,native,0,medmcqa_validation_357,medmcqa_validation_357__native__wrong,105,2.921591281890869,18.57081536209228,gemma-2-2b-it
medmcqa-native,native,1,medmcqa_validation_1416,medmcqa_validation_1416__native__correct,28,3.664180040359497,39.0241248335243,gemma-2-2b-it
medmcqa-native,native,0,medmcqa_validation_1416,medmcqa_validation_1416__native__wrong,18,3.492682218551636,32.874004824828646,gemma-2-2b-it
medmcqa-native,native,1,medmcqa_validation_415,medmcqa_validation_415__native__correct,11,4.982226848602295,145.79869203811094,gemma-2-2b-it
medmcqa-native,native,0,medmcqa_validation_415,medmcqa_validation_415__native__wrong,12,4.838002681732178,126.21700427656438,gemma-2-2b-it
medmcqa-native,native,1,medmcqa_validation_2114,medmcqa_validation_2114__native__correct,14,4.226361274719238,68.46764341176693,gemma-2-2b-it
medmcqa-native,native,0,medmcqa_validation_2114,medmcqa_validation_2114__native__wrong,15,5.738125324249268,310.4818123356112,gemma-2-2b-it
medmcqa-native,native,1,medmcqa_validation_1681,medmcqa_validation_1681__native__correct,39,3.99526047706604,54.33999310250677,gemma-2-2b-it
medmcqa-native,native,0,medmcqa_validation_1681,medmcqa_validation_1681__native__wrong,40,4.285251140594482,72.62078245626954,gemma-2-2b-it
medmcqa-native,native,1,medmcqa_validation_3356,medmcqa_validation_3356__native__correct,70,3.36382269859314,28.89945389558012,gemma-2-2b-it
medmcqa-native,native,0,medmcqa_validation_3356,medmcqa_validation_3356__native__wrong,66,3.570964813232422,35.550876566558465,gemma-2-2b-it
medmcqa-native,native,1,medmcqa_validation_2320,medmcqa_validation_2320__native__correct,22,5.532261371612549,252.7147472993913,gemma-2-2b-it
medmcqa-native,native,0,medmcqa_validation_2320,medmcqa_validation_2320__native__wrong,24,5.698800563812256,298.5091434874466,gemma-2-2b-it
medmcqa-native,native,1,medmcqa_validation_2400,medmcqa_validation_2400__native__correct,25,3.366745710372925,28.984050918560555,gemma-2-2b-it
medmcqa-native,native,0,medmcqa_validation_2400,medmcqa_validation_2400__native__wrong,25,3.0465288162231445,21.042176245101277,gemma-2-2b-it
medmcqa-native,native,1,medmcqa_validation_3691,medmcqa_validation_3691__native__correct,14,3.357135534286499,28.706843226370097,gemma-2-2b-it
medmcqa-native,native,0,medmcqa_validation_3691,medmcqa_validation_3691__native__wrong,14,3.5915892124176025,36.29170535044822,gemma-2-2b-it
medmcqa-native,native,1,medmcqa_validation_2763,medmcqa_validation_2763__native__correct,61,2.738537549972534,15.464352707962702,gemma-2-2b-it
medmcqa-native,native,0,medmcqa_validation_2763,medmcqa_validation_2763__native__wrong,59,3.0160491466522217,20.41049331220147,gemma-2-2b-it
medmcqa-native,native,1,medmcqa_validation_391,medmcqa_validation_391__native__correct,13,6.312373638153076,551.352107235271,gemma-2-2b-it
medmcqa-native,native,0,medmcqa_validation_391,medmcqa_validation_391__native__wrong,13,7.050354480743408,1153.267481448287,gemma-2-2b-it
medmcqa-native,native,1,medmcqa_validation_3593,medmcqa_validation_3593__native__correct,21,5.162561893463135,174.61121842045094,gemma-2-2b-it
medmcqa-native,native,0,medmcqa_validation_3593,medmcqa_validation_3593__native__wrong,20,4.565434455871582,96.10433804185035,gemma-2-2b-it
medmcqa-native,native,1,medmcqa_validation_3104,medmcqa_validation_3104__native__correct,16,4.458868980407715,86.38974532584508,gemma-2-2b-it
medmcqa-native,native,0,medmcqa_validation_3104,medmcqa_validation_3104__native__wrong,16,5.104949474334717,164.8357418857166,gemma-2-2b-it
medmcqa-native,native,1,medmcqa_validation_1047,medmcqa_validation_1047__native__correct,18,4.323003768920898,75.4148170962738,gemma-2-2b-it
medmcqa-native,native,0,medmcqa_validation_1047,medmcqa_validation_1047__native__wrong,18,4.100131988525391,60.34825234855991,gemma-2-2b-it
medmcqa-native,native,1,medmcqa_validation_659,medmcqa_validation_659__native__correct,29,4.147334098815918,63.265116735084526,gemma-2-2b-it
medmcqa-native,native,0,medmcqa_validation_659,medmcqa_validation_659__native__wrong,29,3.7679171562194815,43.28980496884186,gemma-2-2b-it
medmcqa-native,native,1,medmcqa_validation_4086,medmcqa_validation_4086__native__correct,22,3.140873908996582,23.124066360803592,gemma-2-2b-it
medmcqa-native,native,0,medmcqa_validation_4086,medmcqa_validation_4086__native__wrong,20,3.0691568851470947,21.523748031197627,gemma-2-2b-it
medmcqa-native,native,1,medmcqa_validation_15,medmcqa_validation_15__native__correct,23,4.22710657119751,68.51869112575505,gemma-2-2b-it
medmcqa-native,native,0,medmcqa_validation_15,medmcqa_validation_15__native__wrong,21,4.318256855010986,75.05767777741006,gemma-2-2b-it
medmcqa-native,native,1,medmcqa_validation_4067,medmcqa_validation_4067__native__correct,58,3.486307144165039,32.66509720701415,gemma-2-2b-it
medmcqa-native,native,0,medmcqa_validation_4067,medmcqa_validation_4067__native__wrong,56,3.589759826660156,36.22537451241072,gemma-2-2b-it
medmcqa-native,native,1,medmcqa_validation_818,medmcqa_validation_818__native__correct,28,4.648372650146484,104.41492762557652,gemma-2-2b-it
medmcqa-native,native,0,medmcqa_validation_818,medmcqa_validation_818__native__wrong,23,5.633049964904785,279.5133247281497,gemma-2-2b-it
medmcqa-native,native,1,medmcqa_validation_1830,medmcqa_validation_1830__native__correct,16,3.916092872619629,50.20390801739129,gemma-2-2b-it
medmcqa-native,native,0,medmcqa_validation_1830,medmcqa_validation_1830__native__wrong,16,3.990155935287476,54.0633190852674,gemma-2-2b-it
medmcqa-native,native,1,medmcqa_validation_3287,medmcqa_validation_3287__native__correct,18,3.8688478469848633,47.88718092464382,gemma-2-2b-it
medmcqa-native,native,0,medmcqa_validation_3287,medmcqa_validation_3287__native__wrong,17,4.118093967437744,61.44202009428999,gemma-2-2b-it
medmcqa-native,native,1,medmcqa_validation_2379,medmcqa_validation_2379__native__correct,23,4.165439128875732,64.4209653391728,gemma-2-2b-it
medmcqa-native,native,0,medmcqa_validation_2379,medmcqa_validation_2379__native__wrong,23,5.575964450836182,264.00405182121744,gemma-2-2b-it
medmcqa-native,native,1,medmcqa_validation_3518,medmcqa_validation_3518__native__correct,20,4.042749881744385,56.982823581357415,gemma-2-2b-it
medmcqa-native,native,0,medmcqa_validation_3518,medmcqa_validation_3518__native__wrong,18,4.579998970031738,97.51429377037464,gemma-2-2b-it
medmcqa-native,native,1,medmcqa_validation_1739,medmcqa_validation_1739__native__correct,25,5.146710395812988,171.8651909254436,gemma-2-2b-it
medmcqa-native,native,0,medmcqa_validation_1739,medmcqa_validation_1739__native__wrong,25,5.163446426391602,174.76573612074597,gemma-2-2b-it
medmcqa-native,native,1,medmcqa_validation_1806,medmcqa_validation_1806__native__correct,23,3.71130633354187,40.90721009861352,gemma-2-2b-it
medmcqa-native,native,0,medmcqa_validation_1806,medmcqa_validation_1806__native__wrong,22,3.5463216304779053,34.68549647217878,gemma-2-2b-it
medmcqa-native,native,1,medmcqa_validation_3265,medmcqa_validation_3265__native__correct,16,3.2848031520843506,26.703727224435905,gemma-2-2b-it
medmcqa-native,native,0,medmcqa_validation_3265,medmcqa_validation_3265__native__wrong,16,4.80777645111084,122.45902094368766,gemma-2-2b-it
medmcqa-native,native,1,medmcqa_validation_2932,medmcqa_validation_2932__native__correct,76,3.7635650634765625,43.10181309854665,gemma-2-2b-it
medmcqa-native,native,0,medmcqa_validation_2932,medmcqa_validation_2932__native__wrong,68,3.6086864471435542,36.91752782760104,gemma-2-2b-it
medmcqa-native,native,1,medmcqa_validation_2131,medmcqa_validation_2131__native__correct,23,5.161773204803467,174.4735588250485,gemma-2-2b-it
medmcqa-native,native,0,medmcqa_validation_2131,medmcqa_validation_2131__native__wrong,29,4.742321491241455,114.70016827719655,gemma-2-2b-it
medmcqa-native,native,1,medmcqa_validation_3411,medmcqa_validation_3411__native__correct,45,3.8646647930145264,47.68728464229853,gemma-2-2b-it
medmcqa-native,native,0,medmcqa_validation_3411,medmcqa_validation_3411__native__wrong,49,4.052124500274658,57.51952758223461,gemma-2-2b-it
medmcqa-native,native,1,medmcqa_validation_2953,medmcqa_validation_2953__native__correct,34,3.533780813217163,34.253228163553224,gemma-2-2b-it
medmcqa-native,native,0,medmcqa_validation_2953,medmcqa_validation_2953__native__wrong,34,3.5517985820770264,34.875988439007514,gemma-2-2b-it
medmcqa-native,native,1,medmcqa_validation_3724,medmcqa_validation_3724__native__correct,20,2.5714545249938965,13.084842837163078,gemma-2-2b-it
medmcqa-native,native,0,medmcqa_validation_3724,medmcqa_validation_3724__native__wrong,19,2.9506802558898926,19.118955087411507,gemma-2-2b-it
medmcqa-native,native,1,medmcqa_validation_61,medmcqa_validation_61__native__correct,14,4.966367244720459,143.50462214067045,gemma-2-2b-it
medmcqa-native,native,0,medmcqa_validation_61,medmcqa_validation_61__native__wrong,13,4.743014812469482,114.77971991295368,gemma-2-2b-it
medmcqa-native,native,1,medmcqa_validation_3373,medmcqa_validation_3373__native__correct,26,4.512961387634277,91.19147233723876,gemma-2-2b-it
medmcqa-native,native,0,medmcqa_validation_3373,medmcqa_validation_3373__native__wrong,26,4.663532733917236,106.00992628408834,gemma-2-2b-it
medmcqa-native,native,1,medmcqa_validation_1752,medmcqa_validation_1752__native__correct,36,2.893179655075073,18.050613174260903,gemma-2-2b-it
medmcqa-native,native,0,medmcqa_validation_1752,medmcqa_validation_1752__native__wrong,37,2.6037139892578125,13.513835185988516,gemma-2-2b-it
medmcqa-native,native,1,medmcqa_validation_341,medmcqa_validation_341__native__correct,17,5.545380592346191,256.05201113665385,gemma-2-2b-it
medmcqa-native,native,0,medmcqa_validation_341,medmcqa_validation_341__native__wrong,15,6.579691886901856,720.3173558423032,gemma-2-2b-it
medmcqa-native,native,1,medmcqa_validation_3818,medmcqa_validation_3818__native__correct,22,6.781825065612793,881.676373859968,gemma-2-2b-it
medmcqa-native,native,0,medmcqa_validation_3818,medmcqa_validation_3818__native__wrong,20,5.284373760223389,197.23063109913693,gemma-2-2b-it
medmcqa-native,native,1,medmcqa_validation_1463,medmcqa_validation_1463__native__correct,24,5.57029914855957,262.5126177668153,gemma-2-2b-it
medmcqa-native,native,0,medmcqa_validation_1463,medmcqa_validation_1463__native__wrong,19,5.471611022949219,237.84305489826903,gemma-2-2b-it
medmcqa-native,native,1,medmcqa_validation_1593,medmcqa_validation_1593__native__correct,19,4.568457126617432,96.39526928617066,gemma-2-2b-it
medmcqa-native,native,0,medmcqa_validation_1593,medmcqa_validation_1593__native__wrong,18,4.759878158569336,116.73170227488514,gemma-2-2b-it
medmcqa-native,native,1,medmcqa_validation_1427,medmcqa_validation_1427__native__correct,18,2.976508140563965,19.61918944443638,gemma-2-2b-it
medmcqa-native,native,0,medmcqa_validation_1427,medmcqa_validation_1427__native__wrong,18,3.330674886703491,27.95720328256825,gemma-2-2b-it
medmcqa-native,native,1,medmcqa_validation_2970,medmcqa_validation_2970__native__correct,22,4.630244255065918,102.53910674825136,gemma-2-2b-it
medmcqa-native,native,0,medmcqa_validation_2970,medmcqa_validation_2970__native__wrong,24,4.875148296356201,130.9935776407468,gemma-2-2b-it
medmcqa-native,native,1,medmcqa_validation_59,medmcqa_validation_59__native__correct,24,3.3669490814208984,28.98994603479805,gemma-2-2b-it
medmcqa-native,native,0,medmcqa_validation_59,medmcqa_validation_59__native__wrong,21,3.8026974201202393,44.82192513866482,gemma-2-2b-it
medmcqa-native,native,1,medmcqa_validation_2938,medmcqa_validation_2938__native__correct,13,6.004504680633545,405.2502107372518,gemma-2-2b-it
medmcqa-native,native,0,medmcqa_validation_2938,medmcqa_validation_2938__native__wrong,13,5.875622272491455,356.2462739681724,gemma-2-2b-it
medmcqa-native,native,1,medmcqa_validation_2916,medmcqa_validation_2916__native__correct,56,3.203778982162476,24.62541358291703,gemma-2-2b-it
medmcqa-native,native,0,medmcqa_validation_2916,medmcqa_validation_2916__native__wrong,59,3.569308996200561,35.49205952820729,gemma-2-2b-it
medmcqa-native,native,1,medmcqa_validation_2456,medmcqa_validation_2456__native__correct,21,5.17626953125,177.02120563586044,gemma-2-2b-it
medmcqa-native,native,0,medmcqa_validation_2456,medmcqa_validation_2456__native__wrong,17,6.079872608184815,436.9735243220389,gemma-2-2b-it
medmcqa-native,native,1,medmcqa_validation_2040,medmcqa_validation_2040__native__correct,12,6.577401638031006,718.6695375087377,gemma-2-2b-it
medmcqa-native,native,0,medmcqa_validation_2040,medmcqa_validation_2040__native__wrong,12,6.500662326812744,665.582320105518,gemma-2-2b-it
medmcqa-native,native,1,medmcqa_validation_3497,medmcqa_validation_3497__native__correct,41,3.485719680786133,32.64591329411148,gemma-2-2b-it
medmcqa-native,native,0,medmcqa_validation_3497,medmcqa_validation_3497__native__wrong,39,3.661341428756714,38.913507573978464,gemma-2-2b-it
medmcqa-native,native,1,medmcqa_validation_1602,medmcqa_validation_1602__native__correct,21,5.2077484130859375,182.68226977092704,gemma-2-2b-it
medmcqa-native,native,0,medmcqa_validation_1602,medmcqa_validation_1602__native__wrong,20,5.375092506408691,215.95984905666916,gemma-2-2b-it
medmcqa-native,native,1,medmcqa_validation_2179,medmcqa_validation_2179__native__correct,47,4.4433112144470215,85.05611494103412,gemma-2-2b-it
medmcqa-native,native,0,medmcqa_validation_2179,medmcqa_validation_2179__native__wrong,49,4.823227405548096,124.36582271597376,gemma-2-2b-it
medmcqa-native,native,1,medmcqa_validation_2403,medmcqa_validation_2403__native__correct,83,2.9462804794311523,19.035020740484324,gemma-2-2b-it
medmcqa-native,native,0,medmcqa_validation_2403,medmcqa_validation_2403__native__wrong,84,3.1386020183563232,23.071590642990888,gemma-2-2b-it
medmcqa-native,native,1,medmcqa_validation_1236,medmcqa_validation_1236__native__correct,16,3.477210521697998,32.36930255571986,gemma-2-2b-it
medmcqa-native,native,0,medmcqa_validation_1236,medmcqa_validation_1236__native__wrong,15,3.979060888290405,53.46679934576015,gemma-2-2b-it
medmcqa-native,native,1,medmcqa_validation_3082,medmcqa_validation_3082__native__correct,34,5.340824127197266,208.6846221134961,gemma-2-2b-it
medmcqa-native,native,0,medmcqa_validation_3082,medmcqa_validation_3082__native__wrong,33,4.814352989196777,123.26703140240852,gemma-2-2b-it
medmcqa-native,native,1,medmcqa_validation_480,medmcqa_validation_480__native__correct,28,3.353307247161865,28.597155280496683,gemma-2-2b-it
medmcqa-native,native,0,medmcqa_validation_480,medmcqa_validation_480__native__wrong,23,4.028344631195068,56.16785573156069,gemma-2-2b-it
medmcqa-native,native,1,medmcqa_validation_2165,medmcqa_validation_2165__native__correct,27,3.7887582778930655,44.20148023016153,gemma-2-2b-it
medmcqa-native,native,0,medmcqa_validation_2165,medmcqa_validation_2165__native__wrong,28,3.760691165924072,42.9781207281094,gemma-2-2b-it
medmcqa-native,native,1,medmcqa_validation_1711,medmcqa_validation_1711__native__correct,18,4.297067642211914,73.48399608809578,gemma-2-2b-it
medmcqa-native,native,0,medmcqa_validation_1711,medmcqa_validation_1711__native__wrong,18,4.23532772064209,69.08431538026213,gemma-2-2b-it
medmcqa-native,native,1,medmcqa_validation_426,medmcqa_validation_426__native__correct,26,4.804872512817383,122.1039233436899,gemma-2-2b-it
medmcqa-native,native,0,medmcqa_validation_426,medmcqa_validation_426__native__wrong,21,5.242133140563965,189.07299181141005,gemma-2-2b-it
medmcqa-native,native,1,medmcqa_validation_3008,medmcqa_validation_3008__native__correct,17,3.3999202251434326,29.96170976095721,gemma-2-2b-it
medmcqa-native,native,0,medmcqa_validation_3008,medmcqa_validation_3008__native__wrong,17,4.087271213531494,59.577096513707474,gemma-2-2b-it
medmcqa-native,native,1,medmcqa_validation_3150,medmcqa_validation_3150__native__correct,32,3.8798344135284415,48.41619734026578,gemma-2-2b-it
medmcqa-native,native,0,medmcqa_validation_3150,medmcqa_validation_3150__native__wrong,30,4.175761222839356,65.08936832121697,gemma-2-2b-it
medmcqa-native,native,1,medmcqa_validation_3306,medmcqa_validation_3306__native__correct,44,3.779354333877564,43.78776033296033,gemma-2-2b-it
medmcqa-native,native,0,medmcqa_validation_3306,medmcqa_validation_3306__native__wrong,44,4.091660976409912,59.83920070712062,gemma-2-2b-it
medmcqa-native,native,1,medmcqa_validation_2075,medmcqa_validation_2075__native__correct,31,3.979102611541748,53.46903020100669,gemma-2-2b-it
medmcqa-native,native,0,medmcqa_validation_2075,medmcqa_validation_2075__native__wrong,29,3.951929807662964,52.03568887371324,gemma-2-2b-it
medmcqa-native,native,1,medmcqa_validation_261,medmcqa_validation_261__native__correct,23,4.320075988769531,75.19434200045583,gemma-2-2b-it
medmcqa-native,native,0,medmcqa_validation_261,medmcqa_validation_261__native__wrong,20,5.366921424865723,214.20241337330984,gemma-2-2b-it
medmcqa-native,native,1,medmcqa_validation_40,medmcqa_validation_40__native__correct,21,4.701355934143066,110.09635469497658,gemma-2-2b-it
medmcqa-native,native,0,medmcqa_validation_40,medmcqa_validation_40__native__wrong,22,4.425407886505127,83.54687791712836,gemma-2-2b-it
medmcqa-native,native,1,medmcqa_validation_3628,medmcqa_validation_3628__native__correct,53,3.1929006576538086,24.358982134089064,gemma-2-2b-it
medmcqa-native,native,0,medmcqa_validation_3628,medmcqa_validation_3628__native__wrong,54,3.054305076599121,21.20644355136015,gemma-2-2b-it
medmcqa-native,native,1,medmcqa_validation_762,medmcqa_validation_762__native__correct,30,3.0948379039764404,22.083658574164023,gemma-2-2b-it
medmcqa-native,native,0,medmcqa_validation_762,medmcqa_validation_762__native__wrong,30,3.122565269470215,22.70454828670887,gemma-2-2b-it
medmcqa-native,native,1,medmcqa_validation_2412,medmcqa_validation_2412__native__correct,72,4.310810089111328,74.50081680205075,gemma-2-2b-it
medmcqa-native,native,0,medmcqa_validation_2412,medmcqa_validation_2412__native__wrong,75,4.501485824584961,90.15098038077824,gemma-2-2b-it
medmcqa-native,native,1,medmcqa_validation_3718,medmcqa_validation_3718__native__correct,24,3.4272003173828125,30.790318845845658,gemma-2-2b-it
medmcqa-native,native,0,medmcqa_validation_3718,medmcqa_validation_3718__native__wrong,24,3.539752960205078,34.45840554185724,gemma-2-2b-it
medmcqa-native,native,1,medmcqa_validation_3354,medmcqa_validation_3354__native__correct,23,2.836777687072754,17.060701948298043,gemma-2-2b-it
medmcqa-native,native,0,medmcqa_validation_3354,medmcqa_validation_3354__native__wrong,23,2.6493730545043945,14.145167615719073,gemma-2-2b-it
medmcqa-native,native,1,medmcqa_validation_2935,medmcqa_validation_2935__native__correct,17,5.440706253051758,230.6049914410141,gemma-2-2b-it
medmcqa-native,native,0,medmcqa_validation_2935,medmcqa_validation_2935__native__wrong,16,6.25950813293457,522.9616492249957,gemma-2-2b-it
medmcqa-native,native,1,medmcqa_validation_901,medmcqa_validation_901__native__correct,62,4.153660774230957,63.666643418942726,gemma-2-2b-it
medmcqa-native,native,0,medmcqa_validation_901,medmcqa_validation_901__native__wrong,61,4.338550567626953,76.59643748428459,gemma-2-2b-it
medmcqa-native,native,1,medmcqa_validation_1420,medmcqa_validation_1420__native__correct,33,3.613582134246826,37.09870763041072,gemma-2-2b-it
medmcqa-native,native,0,medmcqa_validation_1420,medmcqa_validation_1420__native__wrong,32,3.732582092285156,41.78686652882248,gemma-2-2b-it
medmcqa-native,native,1,medmcqa_validation_3472,medmcqa_validation_3472__native__correct,20,2.643982410430908,14.069121205461215,gemma-2-2b-it
medmcqa-native,native,0,medmcqa_validation_3472,medmcqa_validation_3472__native__wrong,27,2.8207850456237797,16.790026436452212,gemma-2-2b-it
medmcqa-native,native,1,medmcqa_validation_3182,medmcqa_validation_3182__native__correct,27,5.100132465362549,164.04363596043385,gemma-2-2b-it
medmcqa-native,native,0,medmcqa_validation_3182,medmcqa_validation_3182__native__wrong,26,5.335494995117188,207.57547222724668,gemma-2-2b-it
medmcqa-native,native,1,medmcqa_validation_2547,medmcqa_validation_2547__native__correct,95,2.7869696617126465,16.231757482569712,gemma-2-2b-it
medmcqa-native,native,0,medmcqa_validation_2547,medmcqa_validation_2547__native__wrong,92,2.921729803085327,18.57338799179605,gemma-2-2b-it
medmcqa-native,native,1,medmcqa_validation_1567,medmcqa_validation_1567__native__correct,24,3.0594136714935303,21.31505587257877,gemma-2-2b-it
medmcqa-native,native,0,medmcqa_validation_1567,medmcqa_validation_1567__native__wrong,24,3.0945518016815186,22.077341292503167,gemma-2-2b-it
medmcqa-native,native,1,medmcqa_validation_212,medmcqa_validation_212__native__correct,22,4.125786304473877,61.91647531623566,gemma-2-2b-it
medmcqa-native,native,0,medmcqa_validation_212,medmcqa_validation_212__native__wrong,23,4.475523471832275,87.8405704410537,gemma-2-2b-it
medmcqa-native,native,1,medmcqa_validation_811,medmcqa_validation_811__native__correct,67,2.7204666137695312,15.187407245190096,gemma-2-2b-it
medmcqa-native,native,0,medmcqa_validation_811,medmcqa_validation_811__native__wrong,57,2.7068419456481934,14.981887112890623,gemma-2-2b-it
medmcqa-native,native,1,medmcqa_validation_364,medmcqa_validation_364__native__correct,13,4.507977485656738,90.73811366394152,gemma-2-2b-it
medmcqa-native,native,0,medmcqa_validation_364,medmcqa_validation_364__native__wrong,13,4.926246643066406,137.8610981432167,gemma-2-2b-it
medmcqa-native,native,1,medmcqa_validation_2163,medmcqa_validation_2163__native__correct,23,4.045192718505859,57.12219347722019,gemma-2-2b-it
medmcqa-native,native,0,medmcqa_validation_2163,medmcqa_validation_2163__native__wrong,23,3.775358200073242,43.61312774366847,gemma-2-2b-it
medmcqa-native,native,1,medmcqa_validation_146,medmcqa_validation_146__native__correct,27,4.241907596588135,69.54038038542585,gemma-2-2b-it
medmcqa-native,native,0,medmcqa_validation_146,medmcqa_validation_146__native__wrong,22,4.714229583740234,111.52285904455698,gemma-2-2b-it
medmcqa-native,native,1,medmcqa_validation_259,medmcqa_validation_259__native__correct,18,4.616848945617676,101.17472226041136,gemma-2-2b-it
medmcqa-native,native,0,medmcqa_validation_259,medmcqa_validation_259__native__wrong,19,3.972977876663208,53.142547397714026,gemma-2-2b-it
medmcqa-native,native,1,medmcqa_validation_3441,medmcqa_validation_3441__native__correct,32,4.336089611053467,76.4081687335796,gemma-2-2b-it
medmcqa-native,native,0,medmcqa_validation_3441,medmcqa_validation_3441__native__wrong,27,4.011376857757568,55.22285225599269,gemma-2-2b-it
medmcqa-native,native,1,medmcqa_validation_30,medmcqa_validation_30__native__correct,17,4.713837146759033,111.4791019369338,gemma-2-2b-it
medmcqa-native,native,0,medmcqa_validation_30,medmcqa_validation_30__native__wrong,18,4.332815647125244,76.15842020225016,gemma-2-2b-it
medmcqa-native,native,1,medmcqa_validation_20,medmcqa_validation_20__native__correct,28,3.9722399711608887,53.10334768420284,gemma-2-2b-it
medmcqa-native,native,0,medmcqa_validation_20,medmcqa_validation_20__native__wrong,28,4.0258307456970215,56.02683350471346,gemma-2-2b-it
medmcqa-native,native,1,medmcqa_validation_3345,medmcqa_validation_3345__native__correct,23,5.954830169677734,385.6114166055867,gemma-2-2b-it
medmcqa-native,native,0,medmcqa_validation_3345,medmcqa_validation_3345__native__wrong,24,6.331758975982666,562.1445234415813,gemma-2-2b-it
medmcqa-native,native,1,medmcqa_validation_3261,medmcqa_validation_3261__native__correct,55,3.163309335708618,23.64872815542621,gemma-2-2b-it
medmcqa-native,native,0,medmcqa_validation_3261,medmcqa_validation_3261__native__wrong,55,3.4344754219055176,31.015138435154697,gemma-2-2b-it
medmcqa-native,native,1,medmcqa_validation_2308,medmcqa_validation_2308__native__correct,19,3.662609338760376,38.962877691328,gemma-2-2b-it
medmcqa-native,native,0,medmcqa_validation_2308,medmcqa_validation_2308__native__wrong,20,3.781233549118042,43.87012432512043,gemma-2-2b-it
medmcqa-native,native,1,medmcqa_validation_3325,medmcqa_validation_3325__native__correct,34,3.4242513179779053,30.699651967884694,gemma-2-2b-it
medmcqa-native,native,0,medmcqa_validation_3325,medmcqa_validation_3325__native__wrong,35,3.4832797050476074,32.5663551571445,gemma-2-2b-it
medmcqa-native,native,1,medmcqa_validation_3766,medmcqa_validation_3766__native__correct,18,4.693970203399658,109.28620810836615,gemma-2-2b-it
medmcqa-native,native,0,medmcqa_validation_3766,medmcqa_validation_3766__native__wrong,21,3.6127777099609375,37.06887652905757,gemma-2-2b-it
medmcqa-native,native,1,medmcqa_validation_514,medmcqa_validation_514__native__correct,33,3.1231822967529297,22.718561935400665,gemma-2-2b-it
medmcqa-native,native,0,medmcqa_validation_514,medmcqa_validation_514__native__wrong,29,3.024932622909546,20.59261719382176,gemma-2-2b-it
medmcqa-native,native,1,medmcqa_validation_3383,medmcqa_validation_3383__native__correct,18,3.734997987747192,41.88794127389048,gemma-2-2b-it
medmcqa-native,native,0,medmcqa_validation_3383,medmcqa_validation_3383__native__wrong,18,4.197360515594482,66.510545603598,gemma-2-2b-it
medmcqa-native,native,1,medmcqa_validation_3264,medmcqa_validation_3264__native__correct,85,2.8452420234680176,17.205722353644184,gemma-2-2b-it
medmcqa-native,native,0,medmcqa_validation_3264,medmcqa_validation_3264__native__wrong,85,2.84501314163208,17.201784726966054,gemma-2-2b-it
medmcqa-native,native,1,medmcqa_validation_2873,medmcqa_validation_2873__native__correct,59,1.871207356452942,6.49613481674276,gemma-2-2b-it
medmcqa-native,native,0,medmcqa_validation_2873,medmcqa_validation_2873__native__wrong,59,1.8606141805648804,6.427683317529951,gemma-2-2b-it
medmcqa-native,native,1,medmcqa_validation_3357,medmcqa_validation_3357__native__correct,26,3.544643878936768,34.62735161696676,gemma-2-2b-it
medmcqa-native,native,0,medmcqa_validation_3357,medmcqa_validation_3357__native__wrong,23,3.5023114681243896,33.19208580454507,gemma-2-2b-it
medmcqa-native,native,1,medmcqa_validation_88,medmcqa_validation_88__native__correct,32,3.2467448711395264,25.70652552473823,gemma-2-2b-it
medmcqa-native,native,0,medmcqa_validation_88,medmcqa_validation_88__native__wrong,30,3.6039845943450928,36.74435448289479,gemma-2-2b-it
medmcqa-native,native,1,medmcqa_validation_1643,medmcqa_validation_1643__native__correct,20,3.268774509429932,26.27911479448815,gemma-2-2b-it
medmcqa-native,native,0,medmcqa_validation_1643,medmcqa_validation_1643__native__wrong,20,4.488775253295898,89.01236149555892,gemma-2-2b-it
medmcqa-native,native,1,medmcqa_validation_3800,medmcqa_validation_3800__native__correct,31,4.39403772354126,80.9666809330952,gemma-2-2b-it
medmcqa-native,native,0,medmcqa_validation_3800,medmcqa_validation_3800__native__wrong,31,4.348810195922852,77.38633355300102,gemma-2-2b-it
medmcqa-native,native,1,medmcqa_validation_899,medmcqa_validation_899__native__correct,20,5.44999885559082,232.7578995372328,gemma-2-2b-it
medmcqa-native,native,0,medmcqa_validation_899,medmcqa_validation_899__native__wrong,19,5.424639701843262,226.92956927858432,gemma-2-2b-it
medmcqa-native,native,1,medmcqa_validation_3709,medmcqa_validation_3709__native__correct,21,3.793392419815064,44.4067915161029,gemma-2-2b-it
medmcqa-native,native,0,medmcqa_validation_3709,medmcqa_validation_3709__native__wrong,20,4.043153285980225,57.00581533093304,gemma-2-2b-it
medmcqa-native,native,1,medmcqa_validation_3033,medmcqa_validation_3033__native__correct,24,4.698170185089111,109.74617342814858,gemma-2-2b-it
medmcqa-native,native,0,medmcqa_validation_3033,medmcqa_validation_3033__native__wrong,24,4.580193519592285,97.53326697892956,gemma-2-2b-it
medmcqa-native,native,1,medmcqa_validation_1715,medmcqa_validation_1715__native__correct,24,4.25947380065918,70.77273308907775,gemma-2-2b-it
medmcqa-native,native,0,medmcqa_validation_1715,medmcqa_validation_1715__native__wrong,21,4.267245292663574,71.32488556369485,gemma-2-2b-it
medmcqa-native,native,1,medmcqa_validation_2987,medmcqa_validation_2987__native__correct,15,6.706789493560791,817.9404165618257,gemma-2-2b-it
medmcqa-native,native,0,medmcqa_validation_2987,medmcqa_validation_2987__native__wrong,24,5.942543029785156,380.9023449421158,gemma-2-2b-it
medmcqa-native,native,1,medmcqa_validation_537,medmcqa_validation_537__native__correct,12,5.779880046844482,323.72035680987784,gemma-2-2b-it
medmcqa-native,native,0,medmcqa_validation_537,medmcqa_validation_537__native__wrong,15,5.15184211730957,172.74942209379105,gemma-2-2b-it
medmcqa-native,native,1,medmcqa_validation_1822,medmcqa_validation_1822__native__correct,15,5.200182914733887,181.3054022717049,gemma-2-2b-it
medmcqa-native,native,0,medmcqa_validation_1822,medmcqa_validation_1822__native__wrong,14,5.171643257141113,176.2041484380323,gemma-2-2b-it
medmcqa-native,native,1,medmcqa_validation_3122,medmcqa_validation_3122__native__correct,30,5.052393913269043,156.39641615974668,gemma-2-2b-it
medmcqa-native,native,0,medmcqa_validation_3122,medmcqa_validation_3122__native__wrong,35,4.775319576263428,118.5481937565614,gemma-2-2b-it
medmcqa-native,native,1,medmcqa_validation_2362,medmcqa_validation_2362__native__correct,28,3.83379578590393,46.23771402210883,gemma-2-2b-it
medmcqa-native,native,0,medmcqa_validation_2362,medmcqa_validation_2362__native__wrong,27,4.3099751472473145,74.43863891227326,gemma-2-2b-it
medmcqa-native,native,1,medmcqa_validation_2019,medmcqa_validation_2019__native__correct,22,4.353967666625977,77.78648229184218,gemma-2-2b-it
medmcqa-native,native,0,medmcqa_validation_2019,medmcqa_validation_2019__native__wrong,22,4.558513164520264,95.4414685208666,gemma-2-2b-it
medmcqa-native,native,1,medmcqa_validation_2345,medmcqa_validation_2345__native__correct,32,5.021490573883057,151.63716181630454,gemma-2-2b-it
medmcqa-native,native,0,medmcqa_validation_2345,medmcqa_validation_2345__native__wrong,32,4.936474323272705,139.2783325237445,gemma-2-2b-it
medmcqa-native,native,1,medmcqa_validation_781,medmcqa_validation_781__native__correct,23,4.13719654083252,62.62700286892373,gemma-2-2b-it
medmcqa-native,native,0,medmcqa_validation_781,medmcqa_validation_781__native__wrong,20,4.550553321838379,94.68478498230373,gemma-2-2b-it
medmcqa-native,native,1,medmcqa_validation_3598,medmcqa_validation_3598__native__correct,20,2.877380132675171,17.7676632299951,gemma-2-2b-it
medmcqa-native,native,0,medmcqa_validation_3598,medmcqa_validation_3598__native__wrong,21,3.5304675102233887,34.13992464822435,gemma-2-2b-it
medmcqa-native,native,1,medmcqa_validation_3561,medmcqa_validation_3561__native__correct,41,3.539256811141968,34.44131327673766,gemma-2-2b-it
medmcqa-native,native,0,medmcqa_validation_3561,medmcqa_validation_3561__native__wrong,43,3.126171350479126,22.786570527640624,gemma-2-2b-it
medmcqa-native,native,1,medmcqa_validation_2683,medmcqa_validation_2683__native__correct,50,3.44446325302124,31.32646454812525,gemma-2-2b-it
medmcqa-native,native,0,medmcqa_validation_2683,medmcqa_validation_2683__native__wrong,48,3.7112321853637695,40.90417701596369,gemma-2-2b-it
medmcqa-native,native,1,medmcqa_validation_1113,medmcqa_validation_1113__native__correct,16,2.7383148670196533,15.460909443629664,gemma-2-2b-it
medmcqa-native,native,0,medmcqa_validation_1113,medmcqa_validation_1113__native__wrong,16,2.973443031311035,19.55914655135688,gemma-2-2b-it
medmcqa-native,native,1,medmcqa_validation_2349,medmcqa_validation_2349__native__correct,14,4.568671703338623,96.41595568632304,gemma-2-2b-it
medmcqa-native,native,0,medmcqa_validation_2349,medmcqa_validation_2349__native__wrong,18,3.703496217727661,40.58896443554183,gemma-2-2b-it
medmcqa-native,native,1,medmcqa_validation_1824,medmcqa_validation_1824__native__correct,21,4.602195739746094,99.70299730405004,gemma-2-2b-it
medmcqa-native,native,0,medmcqa_validation_1824,medmcqa_validation_1824__native__wrong,21,4.668728351593018,106.56214665160988,gemma-2-2b-it
medmcqa-native,native,1,medmcqa_validation_2532,medmcqa_validation_2532__native__correct,40,3.631351947784424,37.7638368566305,gemma-2-2b-it
medmcqa-native,native,0,medmcqa_validation_2532,medmcqa_validation_2532__native__wrong,39,2.910860061645508,18.37259333666389,gemma-2-2b-it
medmcqa-native,native,1,medmcqa_validation_1484,medmcqa_validation_1484__native__correct,44,4.480443477630615,88.27381145717338,gemma-2-2b-it
medmcqa-native,native,0,medmcqa_validation_1484,medmcqa_validation_1484__native__wrong,35,4.236941337585449,69.19588098995165,gemma-2-2b-it
medmcqa-native,native,1,medmcqa_validation_3458,medmcqa_validation_3458__native__correct,24,4.089507579803467,59.71048181653696,gemma-2-2b-it
medmcqa-native,native,0,medmcqa_validation_3458,medmcqa_validation_3458__native__wrong,21,4.1770548820495605,65.17362627081755,gemma-2-2b-it
medmcqa-native,native,1,medmcqa_validation_2060,medmcqa_validation_2060__native__correct,21,2.96671462059021,19.427986324766007,gemma-2-2b-it
medmcqa-native,native,0,medmcqa_validation_2060,medmcqa_validation_2060__native__wrong,21,2.8885738849639893,17.967667360918348,gemma-2-2b-it
medmcqa-native,native,1,medmcqa_validation_3103,medmcqa_validation_3103__native__correct,17,3.824826002120972,45.82482625003957,gemma-2-2b-it
medmcqa-native,native,0,medmcqa_validation_3103,medmcqa_validation_3103__native__wrong,15,4.750451564788818,115.63649010643448,gemma-2-2b-it
medmcqa-native,native,1,medmcqa_validation_3253,medmcqa_validation_3253__native__correct,17,4.011092185974121,55.20713410551704,gemma-2-2b-it
medmcqa-native,native,0,medmcqa_validation_3253,medmcqa_validation_3253__native__wrong,17,3.5828583240509038,35.97622573508811,gemma-2-2b-it
medmcqa-native,native,1,medmcqa_validation_3290,medmcqa_validation_3290__native__correct,23,4.090367317199707,59.76183922448086,gemma-2-2b-it
medmcqa-native,native,0,medmcqa_validation_3290,medmcqa_validation_3290__native__wrong,21,4.525271415710449,92.32097979280417,gemma-2-2b-it
medmcqa-native,native,1,medmcqa_validation_1928,medmcqa_validation_1928__native__correct,32,4.287213802337647,72.7634524484253,gemma-2-2b-it
medmcqa-native,native,0,medmcqa_validation_1928,medmcqa_validation_1928__native__wrong,32,4.36820125579834,78.90158022080398,gemma-2-2b-it
medmcqa-native,native,1,medmcqa_validation_2862,medmcqa_validation_2862__native__correct,19,4.843143463134766,126.86752897482334,gemma-2-2b-it
medmcqa-native,native,0,medmcqa_validation_2862,medmcqa_validation_2862__native__wrong,20,4.885296821594238,132.32973782929176,gemma-2-2b-it
medmcqa-native,native,1,medmcqa_validation_3396,medmcqa_validation_3396__native__correct,34,4.1444478034973145,63.082778192845545,gemma-2-2b-it
medmcqa-native,native,0,medmcqa_validation_3396,medmcqa_validation_3396__native__wrong,35,4.164820671081543,64.38113600869903,gemma-2-2b-it
medmcqa-native,native,1,medmcqa_validation_2513,medmcqa_validation_2513__native__correct,26,3.0426814556121826,20.96137494059471,gemma-2-2b-it
medmcqa-native,native,0,medmcqa_validation_2513,medmcqa_validation_2513__native__wrong,26,3.5791261196136475,35.842205357056706,gemma-2-2b-it
medmcqa-native,native,1,medmcqa_validation_1994,medmcqa_validation_1994__native__correct,32,4.138523101806641,62.710136535603446,gemma-2-2b-it
medmcqa-native,native,0,medmcqa_validation_1994,medmcqa_validation_1994__native__wrong,32,4.160738945007324,64.1188854287813,gemma-2-2b-it
medmcqa-native,native,1,medmcqa_validation_2593,medmcqa_validation_2593__native__correct,14,3.487778902053833,32.713207716343376,gemma-2-2b-it
medmcqa-native,native,0,medmcqa_validation_2593,medmcqa_validation_2593__native__wrong,14,3.672672271728516,39.35693789318826,gemma-2-2b-it
medmcqa-native,native,1,medmcqa_validation_2902,medmcqa_validation_2902__native__correct,51,3.845348596572876,46.77498710940688,gemma-2-2b-it
medmcqa-native,native,0,medmcqa_validation_2902,medmcqa_validation_2902__native__wrong,51,3.17851185798645,24.010995181180323,gemma-2-2b-it
medmcqa-native,native,1,medmcqa_validation_3168,medmcqa_validation_3168__native__correct,22,5.330432415008545,206.5272603376182,gemma-2-2b-it
medmcqa-native,native,0,medmcqa_validation_3168,medmcqa_validation_3168__native__wrong,25,4.8022990226745605,121.79009409201151,gemma-2-2b-it
medmcqa-native,native,1,medmcqa_validation_434,medmcqa_validation_434__native__correct,42,2.864976167678833,17.548634974898153,gemma-2-2b-it
medmcqa-native,native,0,medmcqa_validation_434,medmcqa_validation_434__native__wrong,40,2.819108724594116,16.761904539297316,gemma-2-2b-it
medmcqa-native,native,1,medmcqa_validation_2036,medmcqa_validation_2036__native__correct,58,3.2791104316711426,26.552142246175137,gemma-2-2b-it
medmcqa-native,native,0,medmcqa_validation_2036,medmcqa_validation_2036__native__wrong,56,3.289902210235596,26.840238826928516,gemma-2-2b-it
medmcqa-native,native,1,medmcqa_validation_3559,medmcqa_validation_3559__native__correct,22,4.981112480163574,145.63630907132764,gemma-2-2b-it
medmcqa-native,native,0,medmcqa_validation_3559,medmcqa_validation_3559__native__wrong,18,5.181441307067871,177.93909112950854,gemma-2-2b-it
medmcqa-native,native,1,medmcqa_validation_2697,medmcqa_validation_2697__native__correct,14,4.985662937164307,146.3005309438862,gemma-2-2b-it
medmcqa-native,native,0,medmcqa_validation_2697,medmcqa_validation_2697__native__wrong,12,6.743741989135742,848.7307423040592,gemma-2-2b-it
medmcqa-native,native,1,medmcqa_validation_1362,medmcqa_validation_1362__native__correct,56,2.760688543319702,15.810725570723315,gemma-2-2b-it
medmcqa-native,native,0,medmcqa_validation_1362,medmcqa_validation_1362__native__wrong,53,2.9547441005706787,19.196809638601323,gemma-2-2b-it
medmcqa-native,native,1,medmcqa_validation_949,medmcqa_validation_949__native__correct,24,6.129459381103516,459.1878479370708,gemma-2-2b-it
medmcqa-native,native,0,medmcqa_validation_949,medmcqa_validation_949__native__wrong,18,5.967350959777832,390.46992894739793,gemma-2-2b-it
medmcqa-native,native,1,medmcqa_validation_3442,medmcqa_validation_3442__native__correct,25,5.147270679473877,171.96151116460305,gemma-2-2b-it
medmcqa-native,native,0,medmcqa_validation_3442,medmcqa_validation_3442__native__wrong,25,5.022270679473877,151.7555009665285,gemma-2-2b-it
medmcqa-native,native,1,medmcqa_validation_3272,medmcqa_validation_3272__native__correct,33,4.038064479827881,56.7164606465326,gemma-2-2b-it
medmcqa-native,native,0,medmcqa_validation_3272,medmcqa_validation_3272__native__wrong,35,4.020606994628906,55.7349263622599,gemma-2-2b-it
medmcqa-native,native,1,medmcqa_validation_1017,medmcqa_validation_1017__native__correct,17,4.86829137802124,130.09843783399063,gemma-2-2b-it
medmcqa-native,native,0,medmcqa_validation_1017,medmcqa_validation_1017__native__wrong,16,5.261936664581299,192.8546245843823,gemma-2-2b-it
medmcqa-native,native,1,medmcqa_validation_3275,medmcqa_validation_3275__native__correct,23,5.410330772399902,223.70557107265464,gemma-2-2b-it
medmcqa-native,native,0,medmcqa_validation_3275,medmcqa_validation_3275__native__wrong,22,5.205026626586914,182.18572368820503,gemma-2-2b-it
medmcqa-native,native,1,medmcqa_validation_1436,medmcqa_validation_1436__native__correct,24,3.769979238510132,43.37916421042424,gemma-2-2b-it
medmcqa-native,native,0,medmcqa_validation_1436,medmcqa_validation_1436__native__wrong,25,3.936603307723999,51.244244420617385,gemma-2-2b-it
medmcqa-native,native,1,medmcqa_validation_43,medmcqa_validation_43__native__correct,18,4.334824085235596,76.31153338351345,gemma-2-2b-it
medmcqa-native,native,0,medmcqa_validation_43,medmcqa_validation_43__native__wrong,20,4.43497896194458,84.35035030227944,gemma-2-2b-it
medmcqa-native,native,1,medmcqa_validation_557,medmcqa_validation_557__native__correct,21,3.5513832569122314,34.861506570912,gemma-2-2b-it
medmcqa-native,native,0,medmcqa_validation_557,medmcqa_validation_557__native__wrong,25,2.8974530696868896,18.127915984188352,gemma-2-2b-it
medmcqa-native,native,1,medmcqa_validation_2423,medmcqa_validation_2423__native__correct,33,3.548234462738037,34.75190750512314,gemma-2-2b-it
medmcqa-native,native,0,medmcqa_validation_2423,medmcqa_validation_2423__native__wrong,36,3.7197532653808594,41.25421400998936,gemma-2-2b-it
medmcqa-native,native,1,medmcqa_validation_3385,medmcqa_validation_3385__native__correct,15,4.255780220031738,70.51181045921149,gemma-2-2b-it
medmcqa-native,native,0,medmcqa_validation_3385,medmcqa_validation_3385__native__wrong,15,4.751687526702881,115.77950076373948,gemma-2-2b-it
medmcqa-native,native,1,medmcqa_validation_3764,medmcqa_validation_3764__native__correct,20,3.43557357788086,31.04921660290038,gemma-2-2b-it
medmcqa-native,native,0,medmcqa_validation_3764,medmcqa_validation_3764__native__wrong,20,4.124272346496582,61.82280729711817,gemma-2-2b-it
medmcqa-native,native,1,medmcqa_validation_3231,medmcqa_validation_3231__native__correct,47,2.937722682952881,18.872817946199262,gemma-2-2b-it
medmcqa-native,native,0,medmcqa_validation_3231,medmcqa_validation_3231__native__wrong,45,2.838143110275269,17.08401293765059,gemma-2-2b-it
medmcqa-native,native,1,medmcqa_validation_3662,medmcqa_validation_3662__native__correct,46,3.390338659286499,29.676000621985807,gemma-2-2b-it
medmcqa-native,native,0,medmcqa_validation_3662,medmcqa_validation_3662__native__wrong,46,3.862814903259277,47.59914996783253,gemma-2-2b-it
medmcqa-native,native,1,medmcqa_validation_2039,medmcqa_validation_2039__native__correct,22,4.114234447479248,61.20534042020492,gemma-2-2b-it
medmcqa-native,native,0,medmcqa_validation_2039,medmcqa_validation_2039__native__wrong,22,3.923893690109253,50.59707104385502,gemma-2-2b-it
medmcqa-native,native,1,medmcqa_validation_2657,medmcqa_validation_2657__native__correct,22,5.1075286865234375,165.26143698332842,gemma-2-2b-it
medmcqa-native,native,0,medmcqa_validation_2657,medmcqa_validation_2657__native__wrong,20,4.974273681640625,144.6437295900147,gemma-2-2b-it
medmcqa-native,native,1,medmcqa_validation_505,medmcqa_validation_505__native__correct,23,5.155300140380859,173.3478276347193,gemma-2-2b-it
medmcqa-native,native,0,medmcqa_validation_505,medmcqa_validation_505__native__wrong,15,4.228391647338867,68.60679946179272,gemma-2-2b-it
medmcqa-native,native,1,medmcqa_validation_3230,medmcqa_validation_3230__native__correct,27,4.011693477630615,55.24033967674965,gemma-2-2b-it
medmcqa-native,native,0,medmcqa_validation_3230,medmcqa_validation_3230__native__wrong,22,4.495968818664551,89.65498634735769,gemma-2-2b-it
medmcqa-native,native,1,medmcqa_validation_2551,medmcqa_validation_2551__native__correct,15,4.637956619262695,103.33298308059362,gemma-2-2b-it
medmcqa-native,native,0,medmcqa_validation_2551,medmcqa_validation_2551__native__wrong,16,4.883212566375732,132.05421611118854,gemma-2-2b-it
medmcqa-native,native,1,medmcqa_validation_63,medmcqa_validation_63__native__correct,15,5.187649726867676,179.0472480984279,gemma-2-2b-it
medmcqa-native,native,0,medmcqa_validation_63,medmcqa_validation_63__native__wrong,14,4.922144889831543,137.29678406767434,gemma-2-2b-it
medmcqa-native,native,1,medmcqa_validation_2407,medmcqa_validation_2407__native__correct,19,4.390264987945557,80.66179055091068,gemma-2-2b-it
medmcqa-native,native,0,medmcqa_validation_2407,medmcqa_validation_2407__native__wrong,16,5.9702582359313965,391.6067846364788,gemma-2-2b-it
medmcqa-native,native,1,medmcqa_validation_2046,medmcqa_validation_2046__native__correct,18,3.6623589992523193,38.95312496449163,gemma-2-2b-it
medmcqa-native,native,0,medmcqa_validation_2046,medmcqa_validation_2046__native__wrong,19,3.5473954677581787,34.7227630569183,gemma-2-2b-it
medmcqa-native,native,1,medmcqa_validation_4076,medmcqa_validation_4076__native__correct,20,5.540564060211182,254.82169370700677,gemma-2-2b-it
medmcqa-native,native,0,medmcqa_validation_4076,medmcqa_validation_4076__native__wrong,18,6.492354869842529,660.0759273496192,gemma-2-2b-it
medmcqa-native,native,1,medmcqa_validation_3329,medmcqa_validation_3329__native__correct,20,5.147082328796387,171.9291251475328,gemma-2-2b-it
medmcqa-native,native,0,medmcqa_validation_3329,medmcqa_validation_3329__native__wrong,20,4.824353218078613,124.5059141611111,gemma-2-2b-it
medmcqa-native,native,1,medmcqa_validation_3392,medmcqa_validation_3392__native__correct,18,4.392701625823975,80.85857377247196,gemma-2-2b-it
medmcqa-native,native,0,medmcqa_validation_3392,medmcqa_validation_3392__native__wrong,24,4.303082466125488,73.9273213100499,gemma-2-2b-it
medmcqa-native,native,1,medmcqa_validation_2130,medmcqa_validation_2130__native__correct,21,4.991123199462891,147.10155512816416,gemma-2-2b-it
medmcqa-native,native,0,medmcqa_validation_2130,medmcqa_validation_2130__native__wrong,21,5.08466386795044,161.5256361684684,gemma-2-2b-it
medmcqa-native,native,1,medmcqa_validation_829,medmcqa_validation_829__native__correct,40,4.147914886474609,63.30187100629035,gemma-2-2b-it
medmcqa-native,native,0,medmcqa_validation_829,medmcqa_validation_829__native__wrong,38,4.028599262237549,56.1821596322508,gemma-2-2b-it
medmcqa-native,native,1,medmcqa_validation_890,medmcqa_validation_890__native__correct,26,3.7144949436187744,41.037855418752365,gemma-2-2b-it
medmcqa-native,native,0,medmcqa_validation_890,medmcqa_validation_890__native__wrong,26,3.738026857376098,42.015006722229,gemma-2-2b-it
medmcqa-native,native,1,medmcqa_validation_3622,medmcqa_validation_3622__native__correct,49,3.587220430374145,36.1335006323804,gemma-2-2b-it
medmcqa-native,native,0,medmcqa_validation_3622,medmcqa_validation_3622__native__wrong,36,3.912320137023926,50.01485878718725,gemma-2-2b-it
medmcqa-native,native,1,medmcqa_validation_1774,medmcqa_validation_1774__native__correct,47,2.950945377349853,19.124024604686426,gemma-2-2b-it
medmcqa-native,native,0,medmcqa_validation_1774,medmcqa_validation_1774__native__wrong,47,3.090842962265014,21.995611633681925,gemma-2-2b-it
medmcqa-native,native,1,medmcqa_validation_3232,medmcqa_validation_3232__native__correct,26,3.5406086444854736,34.48790367655211,gemma-2-2b-it
medmcqa-native,native,0,medmcqa_validation_3232,medmcqa_validation_3232__native__wrong,26,3.635587215423584,37.92411598572051,gemma-2-2b-it
medmcqa-native,native,1,medmcqa_validation_4136,medmcqa_validation_4136__native__correct,23,4.891812801361084,133.19481106261145,gemma-2-2b-it
medmcqa-native,native,0,medmcqa_validation_4136,medmcqa_validation_4136__native__wrong,23,5.073358535766602,159.70981874496567,gemma-2-2b-it
medmcqa-native,native,1,medmcqa_validation_1668,medmcqa_validation_1668__native__correct,15,3.9428558349609375,51.56565421925225,gemma-2-2b-it
medmcqa-native,native,0,medmcqa_validation_1668,medmcqa_validation_1668__native__wrong,15,4.103699684143066,60.56394107107139,gemma-2-2b-it
medmcqa-native,native,1,medmcqa_validation_1600,medmcqa_validation_1600__native__correct,18,4.680931568145752,107.8705145150672,gemma-2-2b-it
medmcqa-native,native,0,medmcqa_validation_1600,medmcqa_validation_1600__native__wrong,20,4.5354719161987305,93.2675193736985,gemma-2-2b-it
medmcqa-native,native,1,medmcqa_validation_2689,medmcqa_validation_2689__native__correct,20,4.258936405181885,70.73471035993627,gemma-2-2b-it
medmcqa-native,native,0,medmcqa_validation_2689,medmcqa_validation_2689__native__wrong,20,4.098771572113037,60.26620941453835,gemma-2-2b-it
medmcqa-native,native,1,medmcqa_validation_2228,medmcqa_validation_2228__native__correct,32,3.5330677032470703,34.228810552297695,gemma-2-2b-it
medmcqa-native,native,0,medmcqa_validation_2228,medmcqa_validation_2228__native__wrong,28,4.721497535705566,112.33635446901935,gemma-2-2b-it
medmcqa-native,native,1,medmcqa_validation_1380,medmcqa_validation_1380__native__correct,26,3.991161346435547,54.11770228313305,gemma-2-2b-it
medmcqa-native,native,0,medmcqa_validation_1380,medmcqa_validation_1380__native__wrong,28,4.268368244171143,71.40502493936066,gemma-2-2b-it
medmcqa-native,native,1,medmcqa_validation_2869,medmcqa_validation_2869__native__correct,15,4.646227836608887,104.19121706975211,gemma-2-2b-it
medmcqa-native,native,0,medmcqa_validation_2869,medmcqa_validation_2869__native__wrong,15,4.896506309509277,133.8214313670645,gemma-2-2b-it
medmcqa-native,native,1,medmcqa_validation_849,medmcqa_validation_849__native__correct,21,3.6675732135772714,39.15676535762904,gemma-2-2b-it
medmcqa-native,native,0,medmcqa_validation_849,medmcqa_validation_849__native__wrong,21,3.8327476978302,46.18927821241679,gemma-2-2b-it
medmcqa-native,native,1,medmcqa_validation_3747,medmcqa_validation_3747__native__correct,24,3.692936658859253,40.16261785370676,gemma-2-2b-it
medmcqa-native,native,0,medmcqa_validation_3747,medmcqa_validation_3747__native__wrong,23,3.9041130542755127,49.60606250948775,gemma-2-2b-it
medmcqa-native,native,1,medmcqa_validation_3798,medmcqa_validation_3798__native__correct,17,4.789224147796631,120.20806877941013,gemma-2-2b-it
medmcqa-native,native,0,medmcqa_validation_3798,medmcqa_validation_3798__native__wrong,15,4.979005336761475,145.3297555730786,gemma-2-2b-it
medmcqa-native,native,1,medmcqa_validation_1607,medmcqa_validation_1607__native__correct,14,4.655522346496582,105.16413777352945,gemma-2-2b-it
medmcqa-native,native,0,medmcqa_validation_1607,medmcqa_validation_1607__native__wrong,13,4.965816020965576,143.42554078177525,gemma-2-2b-it
medmcqa-native,native,1,medmcqa_validation_2462,medmcqa_validation_2462__native__correct,35,3.2407894134521484,25.55388636884686,gemma-2-2b-it
medmcqa-native,native,0,medmcqa_validation_2462,medmcqa_validation_2462__native__wrong,36,3.226635217666626,25.194739372528787,gemma-2-2b-it
medmcqa-native,native,1,medmcqa_validation_2295,medmcqa_validation_2295__native__correct,56,3.153729200363159,23.42325190991976,gemma-2-2b-it
medmcqa-native,native,0,medmcqa_validation_2295,medmcqa_validation_2295__native__wrong,54,2.90979266166687,18.352992893546062,gemma-2-2b-it
medmcqa-native,native,1,medmcqa_validation_271,medmcqa_validation_271__native__correct,51,2.897625207901001,18.131036759866102,gemma-2-2b-it
medmcqa-native,native,0,medmcqa_validation_271,medmcqa_validation_271__native__wrong,53,2.8717360496521,17.667663532359906,gemma-2-2b-it
medmcqa-native,native,1,medmcqa_validation_1913,medmcqa_validation_1913__native__correct,14,4.817795753479004,123.6921420933585,gemma-2-2b-it
medmcqa-native,native,0,medmcqa_validation_1913,medmcqa_validation_1913__native__wrong,13,5.602131843566895,271.0035291712091,gemma-2-2b-it
medmcqa-native,native,1,medmcqa_validation_73,medmcqa_validation_73__native__correct,37,3.024024248123169,20.57391987295047,gemma-2-2b-it
medmcqa-native,native,0,medmcqa_validation_73,medmcqa_validation_73__native__wrong,38,2.9979748725891118,20.04490231082313,gemma-2-2b-it
medmcqa-native,native,1,medmcqa_validation_1153,medmcqa_validation_1153__native__correct,26,4.846985340118408,127.35587589809828,gemma-2-2b-it
medmcqa-native,native,0,medmcqa_validation_1153,medmcqa_validation_1153__native__wrong,26,4.878516674041748,131.43555744418487,gemma-2-2b-it
medmcqa-native,native,1,medmcqa_validation_929,medmcqa_validation_929__native__correct,20,4.994780540466309,147.6405407036281,gemma-2-2b-it
medmcqa-native,native,0,medmcqa_validation_929,medmcqa_validation_929__native__wrong,20,4.907909870147705,135.35620649302436,gemma-2-2b-it
medmcqa-native,native,1,medmcqa_validation_1941,medmcqa_validation_1941__native__correct,14,4.67352819442749,107.07485768950195,gemma-2-2b-it
medmcqa-native,native,0,medmcqa_validation_1941,medmcqa_validation_1941__native__wrong,14,4.597635746002197,99.24938727555492,gemma-2-2b-it
medmcqa-native,native,1,medmcqa_validation_2596,medmcqa_validation_2596__native__correct,24,4.892446041107178,133.27918202165273,gemma-2-2b-it
medmcqa-native,native,0,medmcqa_validation_2596,medmcqa_validation_2596__native__wrong,24,5.033648014068604,153.49193333281295,gemma-2-2b-it
medmcqa-native,native,1,medmcqa_validation_3417,medmcqa_validation_3417__native__correct,74,2.59122896194458,13.34616345564436,gemma-2-2b-it
medmcqa-native,native,0,medmcqa_validation_3417,medmcqa_validation_3417__native__wrong,74,2.624062776565552,13.791642276628226,gemma-2-2b-it
medmcqa-native,native,1,medmcqa_validation_2322,medmcqa_validation_2322__native__correct,122,3.2436532974243164,25.627174628890355,gemma-2-2b-it
medmcqa-native,native,0,medmcqa_validation_2322,medmcqa_validation_2322__native__wrong,121,3.396646022796631,29.86376948617902,gemma-2-2b-it
medmcqa-native,native,1,medmcqa_validation_396,medmcqa_validation_396__native__correct,33,2.6962826251983643,14.824520868406308,gemma-2-2b-it
medmcqa-native,native,0,medmcqa_validation_396,medmcqa_validation_396__native__wrong,22,3.4982786178588867,33.05849664608866,gemma-2-2b-it
medmcqa-native,native,1,medmcqa_validation_1082,medmcqa_validation_1082__native__correct,26,5.27694034576416,195.76996965089688,gemma-2-2b-it
medmcqa-native,native,0,medmcqa_validation_1082,medmcqa_validation_1082__native__wrong,23,4.979094982147217,145.34278429905063,gemma-2-2b-it
medmcqa-native,native,1,medmcqa_validation_1906,medmcqa_validation_1906__native__correct,15,4.344672203063965,77.06677108697295,gemma-2-2b-it
medmcqa-native,native,0,medmcqa_validation_1906,medmcqa_validation_1906__native__wrong,15,5.17793607711792,177.31646555841172,gemma-2-2b-it
medmcqa-native,native,1,medmcqa_validation_153,medmcqa_validation_153__native__correct,26,5.093342304229736,162.93352641604008,gemma-2-2b-it
medmcqa-native,native,0,medmcqa_validation_153,medmcqa_validation_153__native__wrong,25,5.248470306396484,190.2749833020431,gemma-2-2b-it
medmcqa-native,native,1,medmcqa_validation_544,medmcqa_validation_544__native__correct,26,3.0674936771392822,21.487979314767266,gemma-2-2b-it
medmcqa-native,native,0,medmcqa_validation_544,medmcqa_validation_544__native__wrong,26,3.359952688217163,28.787828843516174,gemma-2-2b-it
medmcqa-native,native,1,medmcqa_validation_756,medmcqa_validation_756__native__correct,18,4.818140029907227,123.73473371346236,gemma-2-2b-it
medmcqa-native,native,0,medmcqa_validation_756,medmcqa_validation_756__native__wrong,15,5.4032979011535645,222.1377980291908,gemma-2-2b-it
medmcqa-native,native,1,medmcqa_validation_1057,medmcqa_validation_1057__native__correct,28,3.9503912925720215,51.95569273452656,gemma-2-2b-it
medmcqa-native,native,0,medmcqa_validation_1057,medmcqa_validation_1057__native__wrong,28,3.950378179550171,51.95501144285937,gemma-2-2b-it
medmcqa-native,native,1,medmcqa_validation_1615,medmcqa_validation_1615__native__correct,24,5.349666118621826,210.5379914155884,gemma-2-2b-it
medmcqa-native,native,0,medmcqa_validation_1615,medmcqa_validation_1615__native__wrong,17,6.633808135986328,760.3722651987213,gemma-2-2b-it
medqa-sonnet,patient,1,medqa_test_990,medqa_test_990__patient__correct,246,2.498024702072144,12.1584536568247,gemma-2-2b-it
medqa-sonnet,textbook,0,medqa_test_990,medqa_test_990__textbook__wrong,284,2.3018240928649902,9.992392893581048,gemma-2-2b-it
medqa-sonnet,patient,0,medqa_test_990,medqa_test_990__patient__wrong,250,2.460886001586914,11.715186617068488,gemma-2-2b-it
medqa-sonnet,textbook,1,medqa_test_990,medqa_test_990__textbook__correct,327,2.082679748535156,8.025947644088168,gemma-2-2b-it
medqa-sonnet,clinical_note,1,medqa_test_990,medqa_test_990__clinical_note__correct,105,4.229025363922119,68.65029050737841,gemma-2-2b-it
medqa-sonnet,clinical_note,0,medqa_test_990,medqa_test_990__clinical_note__wrong,99,4.314786434173584,74.79764751664175,gemma-2-2b-it
medqa-sonnet,colloquial,1,medqa_test_990,medqa_test_990__colloquial__correct,186,3.9466769695281982,51.76307045987615,gemma-2-2b-it
medqa-sonnet,colloquial,0,medqa_test_990,medqa_test_990__colloquial__wrong,213,3.634594202041626,37.88647552288244,gemma-2-2b-it
medqa-sonnet,textbook,1,medqa_test_202,medqa_test_202__textbook__correct,159,2.507538080215454,12.274673569556004,gemma-2-2b-it
medqa-sonnet,textbook,0,medqa_test_202,medqa_test_202__textbook__wrong,151,2.3758656978607178,10.760324344935736,gemma-2-2b-it
medqa-sonnet,patient,1,medqa_test_202,medqa_test_202__patient__correct,136,2.696364402770996,14.825733231309728,gemma-2-2b-it
medqa-sonnet,clinical_note,1,medqa_test_202,medqa_test_202__clinical_note__correct,54,4.690128326416016,108.86714944216996,gemma-2-2b-it
medqa-sonnet,clinical_note,0,medqa_test_202,medqa_test_202__clinical_note__wrong,61,4.161835670471191,64.18924481856062,gemma-2-2b-it
medqa-sonnet,patient,0,medqa_test_202,medqa_test_202__patient__wrong,121,2.27902626991272,9.767165195037563,gemma-2-2b-it
medqa-sonnet,colloquial,0,medqa_test_202,medqa_test_202__colloquial__wrong,90,3.973062753677368,53.14705816988974,gemma-2-2b-it
medqa-sonnet,colloquial,1,medqa_test_202,medqa_test_202__colloquial__correct,100,3.603879928588867,36.740508808504536,gemma-2-2b-it
medqa-sonnet,textbook,1,medqa_test_1258,medqa_test_1258__textbook__correct,217,2.073387622833252,7.951714953573833,gemma-2-2b-it
medqa-sonnet,textbook,0,medqa_test_1258,medqa_test_1258__textbook__wrong,196,2.0013318061828613,7.39890344545168,gemma-2-2b-it
medqa-sonnet,clinical_note,0,medqa_test_1258,medqa_test_1258__clinical_note__wrong,118,4.2224836349487305,68.20266463282661,gemma-2-2b-it
medqa-sonnet,clinical_note,1,medqa_test_1258,medqa_test_1258__clinical_note__correct,121,4.100491523742676,60.36995357152402,gemma-2-2b-it
medqa-sonnet,patient,0,medqa_test_1258,medqa_test_1258__patient__wrong,185,2.563915014266968,12.986560490201558,gemma-2-2b-it
medqa-sonnet,patient,1,medqa_test_1258,medqa_test_1258__patient__correct,217,2.484619140625,11.99655038596558,gemma-2-2b-it
medqa-sonnet,textbook,1,medqa_test_277,medqa_test_277__textbook__correct,166,2.1861412525177,8.900800820465177,gemma-2-2b-it
medqa-sonnet,textbook,0,medqa_test_277,medqa_test_277__textbook__wrong,141,2.2098493576049805,9.11434328311742,gemma-2-2b-it
medqa-sonnet,colloquial,0,medqa_test_1258,medqa_test_1258__colloquial__wrong,162,3.4310874938964844,30.910239174853857,gemma-2-2b-it
medqa-sonnet,colloquial,1,medqa_test_1258,medqa_test_1258__colloquial__correct,234,3.425752878189087,30.74578397009854,gemma-2-2b-it
medqa-sonnet,patient,1,medqa_test_277,medqa_test_277__patient__correct,177,2.5521080493927,12.834130266587316,gemma-2-2b-it
medqa-sonnet,patient,0,medqa_test_277,medqa_test_277__patient__wrong,161,2.6457033157348637,14.09335367567854,gemma-2-2b-it
medqa-sonnet,clinical_note,1,medqa_test_277,medqa_test_277__clinical_note__correct,90,3.7308294773101807,41.71369438081792,gemma-2-2b-it
medqa-sonnet,clinical_note,0,medqa_test_277,medqa_test_277__clinical_note__wrong,82,4.348892211914063,77.392680730135,gemma-2-2b-it
medqa-sonnet,colloquial,0,medqa_test_277,medqa_test_277__colloquial__wrong,113,4.159103870391846,64.01413193007517,gemma-2-2b-it
medqa-sonnet,textbook,0,medqa_test_427,medqa_test_427__textbook__wrong,85,2.658246755599976,14.27124616947679,gemma-2-2b-it
medqa-sonnet,textbook,1,medqa_test_427,medqa_test_427__textbook__correct,112,2.5990660190582275,13.45116903079086,gemma-2-2b-it
medqa-sonnet,colloquial,1,medqa_test_277,medqa_test_277__colloquial__correct,129,4.001246929168701,54.66627252211037,gemma-2-2b-it
medqa-sonnet,clinical_note,1,medqa_test_427,medqa_test_427__clinical_note__correct,60,3.9930033683776855,54.21748014649097,gemma-2-2b-it
medqa-sonnet,patient,0,medqa_test_427,medqa_test_427__patient__wrong,95,2.648523569107056,14.13315660469813,gemma-2-2b-it
medqa-sonnet,clinical_note,0,medqa_test_427,medqa_test_427__clinical_note__wrong,40,5.0499677658081055,156.01743530939106,gemma-2-2b-it
medqa-sonnet,patient,1,medqa_test_427,medqa_test_427__patient__correct,117,2.6776046752929688,14.550199069739849,gemma-2-2b-it
medqa-sonnet,colloquial,0,medqa_test_427,medqa_test_427__colloquial__wrong,65,4.679333209991455,107.6982365162332,gemma-2-2b-it
medqa-sonnet,colloquial,1,medqa_test_427,medqa_test_427__colloquial__correct,67,4.05780553817749,57.8472281569196,gemma-2-2b-it
medqa-sonnet,textbook,1,medqa_test_15,medqa_test_15__textbook__correct,176,2.1731252670288086,8.785698834043082,gemma-2-2b-it
medqa-sonnet,textbook,0,medqa_test_15,medqa_test_15__textbook__wrong,172,2.17456579208374,8.798363973373737,gemma-2-2b-it
medqa-sonnet,patient,1,medqa_test_15,medqa_test_15__patient__correct,186,2.1157238483428955,8.295588341254263,gemma-2-2b-it
medqa-sonnet,patient,0,medqa_test_15,medqa_test_15__patient__wrong,154,2.399675846099853,11.019603754097512,gemma-2-2b-it
medqa-sonnet,clinical_note,1,medqa_test_15,medqa_test_15__clinical_note__correct,115,3.6654982566833496,39.075600992806486,gemma-2-2b-it
medqa-sonnet,clinical_note,0,medqa_test_15,medqa_test_15__clinical_note__wrong,119,3.3902008533477783,29.671911374630373,gemma-2-2b-it
medqa-sonnet,textbook,1,medqa_test_1202,medqa_test_1202__textbook__correct,178,2.179445266723633,8.841400279147106,gemma-2-2b-it
medqa-sonnet,colloquial,1,medqa_test_15,medqa_test_15__colloquial__correct,108,4.5007429122924805,90.0840309811194,gemma-2-2b-it
medqa-sonnet,colloquial,0,medqa_test_15,medqa_test_15__colloquial__wrong,113,4.025782585144043,56.0241352864046,gemma-2-2b-it
medqa-sonnet,textbook,0,medqa_test_1202,medqa_test_1202__textbook__wrong,175,2.2330896854400635,9.32864417504198,gemma-2-2b-it
medqa-sonnet,clinical_note,1,medqa_test_1202,medqa_test_1202__clinical_note__correct,86,3.697132587432861,40.33149137239831,gemma-2-2b-it
medqa-sonnet,patient,1,medqa_test_1202,medqa_test_1202__patient__correct,147,2.298088312149048,9.955133145360785,gemma-2-2b-it
medqa-sonnet,patient,0,medqa_test_1202,medqa_test_1202__patient__wrong,164,2.265371084213257,9.63469922260745,gemma-2-2b-it
medqa-sonnet,clinical_note,0,medqa_test_1202,medqa_test_1202__clinical_note__wrong,90,3.629595279693604,37.69755656272063,gemma-2-2b-it
medqa-sonnet,textbook,1,medqa_test_1027,medqa_test_1027__textbook__correct,203,1.6398063898086548,5.154171515493288,gemma-2-2b-it
medqa-sonnet,colloquial,0,medqa_test_1202,medqa_test_1202__colloquial__wrong,98,4.308568477630615,74.33400195267679,gemma-2-2b-it
medqa-sonnet,colloquial,1,medqa_test_1202,medqa_test_1202__colloquial__correct,156,3.5757439136505127,35.72118441061592,gemma-2-2b-it
medqa-sonnet,textbook,0,medqa_test_1027,medqa_test_1027__textbook__wrong,144,1.9523255825042725,7.04505239494215,gemma-2-2b-it
medqa-sonnet,clinical_note,1,medqa_test_1027,medqa_test_1027__clinical_note__correct,85,3.045924663543701,21.02946739737024,gemma-2-2b-it
medqa-sonnet,clinical_note,0,medqa_test_1027,medqa_test_1027__clinical_note__wrong,87,3.190743923187256,24.30650288998988,gemma-2-2b-it
medqa-sonnet,patient,1,medqa_test_1027,medqa_test_1027__patient__correct,160,2.536543130874634,12.635914681192109,gemma-2-2b-it
medqa-sonnet,patient,0,medqa_test_1027,medqa_test_1027__patient__wrong,151,2.656251907348633,14.24280557577685,gemma-2-2b-it
medqa-sonnet,colloquial,1,medqa_test_1027,medqa_test_1027__colloquial__correct,112,3.1081326007843018,22.379214428801376,gemma-2-2b-it
medqa-sonnet,colloquial,0,medqa_test_1027,medqa_test_1027__colloquial__wrong,114,3.515465021133423,33.63156367602283,gemma-2-2b-it
medqa-sonnet,textbook,1,medqa_test_827,medqa_test_827__textbook__correct,187,2.172869205474853,8.783449442350712,gemma-2-2b-it
medqa-sonnet,patient,1,medqa_test_827,medqa_test_827__patient__correct,197,2.5038375854492188,12.229335143296566,gemma-2-2b-it
medqa-sonnet,textbook,0,medqa_test_827,medqa_test_827__textbook__wrong,181,2.244176387786865,9.432643515924076,gemma-2-2b-it
medqa-sonnet,patient,0,medqa_test_827,medqa_test_827__patient__wrong,166,2.503680944442749,12.22741967795539,gemma-2-2b-it
medqa-sonnet,clinical_note,1,medqa_test_827,medqa_test_827__clinical_note__correct,137,3.6317293643951416,37.77809224588576,gemma-2-2b-it
medqa-sonnet,clinical_note,0,medqa_test_827,medqa_test_827__clinical_note__wrong,99,4.348078727722168,77.32974860840626,gemma-2-2b-it
medqa-sonnet,textbook,1,medqa_test_503,medqa_test_503__textbook__correct,95,2.110249280929565,8.250297670179576,gemma-2-2b-it
medqa-sonnet,textbook,0,medqa_test_503,medqa_test_503__textbook__wrong,85,2.1928083896636963,8.96034194410935,gemma-2-2b-it
medqa-sonnet,colloquial,1,medqa_test_827,medqa_test_827__colloquial__correct,155,3.877297401428223,48.29352054382544,gemma-2-2b-it
medqa-sonnet,colloquial,0,medqa_test_827,medqa_test_827__colloquial__wrong,138,4.1076273918151855,60.80228629584365,gemma-2-2b-it
medqa-sonnet,patient,1,medqa_test_503,medqa_test_503__patient__correct,96,2.8448240756988525,17.198532762910965,gemma-2-2b-it
medqa-sonnet,clinical_note,0,medqa_test_503,medqa_test_503__clinical_note__wrong,35,4.355799198150635,77.92908123371822,gemma-2-2b-it
medqa-sonnet,patient,0,medqa_test_503,medqa_test_503__patient__wrong,98,2.856545209884644,17.401305112699895,gemma-2-2b-it
medqa-sonnet,clinical_note,1,medqa_test_503,medqa_test_503__clinical_note__correct,39,4.554017066955566,95.01331759210473,gemma-2-2b-it
medqa-sonnet,colloquial,1,medqa_test_503,medqa_test_503__colloquial__correct,72,4.217043399810791,67.83263354088871,gemma-2-2b-it
medqa-sonnet,colloquial,0,medqa_test_503,medqa_test_503__colloquial__wrong,71,4.170146465301514,64.7249313697831,gemma-2-2b-it
medqa-sonnet,textbook,0,medqa_test_325,medqa_test_325__textbook__wrong,130,1.9457156658172607,6.998638749708105,gemma-2-2b-it
medqa-sonnet,textbook,1,medqa_test_325,medqa_test_325__textbook__correct,164,1.8150674104690552,6.14149016422393,gemma-2-2b-it
medqa-sonnet,clinical_note,1,medqa_test_325,medqa_test_325__clinical_note__correct,90,3.1778085231781006,23.99411334997197,gemma-2-2b-it
medqa-sonnet,clinical_note,0,medqa_test_325,medqa_test_325__clinical_note__wrong,82,3.597644805908203,36.51213992259649,gemma-2-2b-it
medqa-sonnet,patient,1,medqa_test_325,medqa_test_325__patient__correct,177,2.490295886993408,12.064845423201753,gemma-2-2b-it
medqa-sonnet,patient,0,medqa_test_325,medqa_test_325__patient__wrong,174,2.522348165512085,12.4578153573654,gemma-2-2b-it
medqa-sonnet,colloquial,1,medqa_test_325,medqa_test_325__colloquial__correct,129,3.780550718307495,43.84017867763762,gemma-2-2b-it
medqa-sonnet,colloquial,0,medqa_test_325,medqa_test_325__colloquial__wrong,118,3.91448187828064,50.12309491798084,gemma-2-2b-it
medqa-sonnet,textbook,1,medqa_test_681,medqa_test_681__textbook__correct,242,1.822083830833435,6.184732968321455,gemma-2-2b-it
medqa-sonnet,textbook,0,medqa_test_681,medqa_test_681__textbook__wrong,235,1.9022774696350095,6.701138716451039,gemma-2-2b-it
medqa-sonnet,patient,0,medqa_test_681,medqa_test_681__patient__wrong,174,2.618412971496582,13.713941888891409,gemma-2-2b-it
medqa-sonnet,clinical_note,1,medqa_test_681,medqa_test_681__clinical_note__correct,145,3.460669040679932,31.83827048874159,gemma-2-2b-it
medqa-sonnet,clinical_note,0,medqa_test_681,medqa_test_681__clinical_note__wrong,147,3.4258975982666016,30.7502338243218,gemma-2-2b-it
medqa-sonnet,patient,1,medqa_test_681,medqa_test_681__patient__correct,242,2.5004312992095947,12.187749393970256,gemma-2-2b-it
medqa-sonnet,textbook,1,medqa_test_932,medqa_test_932__textbook__correct,140,2.299440383911133,9.968602303356604,gemma-2-2b-it
medqa-sonnet,textbook,0,medqa_test_932,medqa_test_932__textbook__wrong,161,2.2197940349578857,9.20543467287414,gemma-2-2b-it
medqa-sonnet,colloquial,1,medqa_test_681,medqa_test_681__colloquial__correct,157,3.782520055770874,43.926599852206536,gemma-2-2b-it
medqa-sonnet,colloquial,0,medqa_test_681,medqa_test_681__colloquial__wrong,146,4.068952083587647,58.49563193005073,gemma-2-2b-it
medqa-sonnet,clinical_note,1,medqa_test_932,medqa_test_932__clinical_note__correct,99,4.101562976837158,60.43467181017908,gemma-2-2b-it
medqa-sonnet,patient,0,medqa_test_932,medqa_test_932__patient__wrong,178,2.4707162380218506,11.830917570756249,gemma-2-2b-it
medqa-sonnet,patient,1,medqa_test_932,medqa_test_932__patient__correct,202,2.1989872455596924,9.015878003726488,gemma-2-2b-it
medqa-sonnet,clinical_note,0,medqa_test_932,medqa_test_932__clinical_note__wrong,97,4.019748210906982,55.687082661393546,gemma-2-2b-it
medqa-sonnet,textbook,0,medqa_test_387,medqa_test_387__textbook__wrong,140,2.733898639678955,15.392781098488811,gemma-2-2b-it
medqa-sonnet,textbook,1,medqa_test_387,medqa_test_387__textbook__correct,158,2.3913350105285645,10.928073301992866,gemma-2-2b-it
medqa-sonnet,colloquial,1,medqa_test_932,medqa_test_932__colloquial__correct,129,3.8048465251922607,44.918355747958906,gemma-2-2b-it
medqa-sonnet,colloquial,0,medqa_test_932,medqa_test_932__colloquial__wrong,133,3.4510865211486816,31.5346367514699,gemma-2-2b-it
medqa-sonnet,clinical_note,1,medqa_test_387,medqa_test_387__clinical_note__correct,85,4.312483787536621,74.62561310837377,gemma-2-2b-it
medqa-sonnet,clinical_note,0,medqa_test_387,medqa_test_387__clinical_note__wrong,74,3.9769327640533447,53.353136341588886,gemma-2-2b-it
medqa-sonnet,patient,1,medqa_test_387,medqa_test_387__patient__correct,213,2.4114792346954346,11.15044307400388,gemma-2-2b-it
medqa-sonnet,patient,0,medqa_test_387,medqa_test_387__patient__wrong,194,2.574348211288452,13.122761102871497,gemma-2-2b-it
medqa-sonnet,colloquial,1,medqa_test_387,medqa_test_387__colloquial__correct,127,4.052968502044678,57.56809465779055,gemma-2-2b-it
medqa-sonnet,textbook,0,medqa_test_235,medqa_test_235__textbook__wrong,162,1.9630048274993896,7.120691400345258,gemma-2-2b-it
medqa-sonnet,colloquial,0,medqa_test_387,medqa_test_387__colloquial__wrong,126,4.055795669555664,57.73107958896769,gemma-2-2b-it
medqa-sonnet,textbook,1,medqa_test_235,medqa_test_235__textbook__correct,186,1.634754300117493,5.128197844615954,gemma-2-2b-it
medqa-sonnet,clinical_note,0,medqa_test_235,medqa_test_235__clinical_note__wrong,83,3.321531295776367,27.702739182977677,gemma-2-2b-it
medqa-sonnet,clinical_note,1,medqa_test_235,medqa_test_235__clinical_note__correct,78,3.163935661315918,23.663544598924656,gemma-2-2b-it
medqa-sonnet,patient,0,medqa_test_235,medqa_test_235__patient__wrong,126,2.1974003314971924,9.001581926459764,gemma-2-2b-it
medqa-sonnet,patient,1,medqa_test_235,medqa_test_235__patient__correct,176,2.3827688694000244,10.834861685733625,gemma-2-2b-it
medqa-sonnet,colloquial,1,medqa_test_235,medqa_test_235__colloquial__correct,78,4.73825740814209,114.23496321812296,gemma-2-2b-it
medqa-sonnet,colloquial,0,medqa_test_235,medqa_test_235__colloquial__wrong,112,3.8189642429351807,45.5569978933824,gemma-2-2b-it
medqa-sonnet,textbook,0,medqa_test_66,medqa_test_66__textbook__wrong,176,1.839945673942566,6.296196204218836,gemma-2-2b-it
medqa-sonnet,textbook,1,medqa_test_66,medqa_test_66__textbook__correct,216,1.9390418529510496,6.95208665713638,gemma-2-2b-it
medqa-sonnet,clinical_note,1,medqa_test_66,medqa_test_66__clinical_note__correct,93,3.714828968048096,41.05156535458846,gemma-2-2b-it
medqa-sonnet,patient,1,medqa_test_66,medqa_test_66__patient__correct,158,2.0952937602996826,8.127828252814348,gemma-2-2b-it
medqa-sonnet,patient,0,medqa_test_66,medqa_test_66__patient__wrong,173,2.2774837017059326,9.752110291130604,gemma-2-2b-it
medqa-sonnet,clinical_note,0,medqa_test_66,medqa_test_66__clinical_note__wrong,93,3.7292323112487793,41.64712386009685,gemma-2-2b-it
medqa-sonnet,textbook,0,medqa_test_347,medqa_test_347__textbook__wrong,163,1.8663402795791624,6.46459444617315,gemma-2-2b-it
medqa-sonnet,colloquial,1,medqa_test_66,medqa_test_66__colloquial__correct,135,3.482783317565918,32.55019363764007,gemma-2-2b-it
medqa-sonnet,textbook,1,medqa_test_347,medqa_test_347__textbook__correct,238,1.6002389192581177,4.954215940604161,gemma-2-2b-it
medqa-sonnet,colloquial,0,medqa_test_66,medqa_test_66__colloquial__wrong,142,3.296128511428833,27.007875574843467,gemma-2-2b-it
medqa-sonnet,clinical_note,1,medqa_test_347,medqa_test_347__clinical_note__correct,85,4.230694770812988,68.76499149007853,gemma-2-2b-it
medqa-sonnet,patient,1,medqa_test_347,medqa_test_347__patient__correct,172,2.1678035259246826,8.739067808604661,gemma-2-2b-it
medqa-sonnet,patient,0,medqa_test_347,medqa_test_347__patient__wrong,152,2.429085254669189,11.348496346530345,gemma-2-2b-it
medqa-sonnet,clinical_note,0,medqa_test_347,medqa_test_347__clinical_note__wrong,84,4.299395084381104,73.65522502478028,gemma-2-2b-it
medqa-sonnet,colloquial,0,medqa_test_347,medqa_test_347__colloquial__wrong,96,4.402261257171631,81.63525842363465,gemma-2-2b-it
medqa-sonnet,colloquial,1,medqa_test_347,medqa_test_347__colloquial__correct,119,3.696739673614502,40.31564768492875,gemma-2-2b-it
medqa-sonnet,textbook,1,medqa_test_442,medqa_test_442__textbook__correct,174,2.6622095108032227,14.327911826401374,gemma-2-2b-it
medqa-sonnet,textbook,0,medqa_test_442,medqa_test_442__textbook__wrong,152,2.9547314643859863,19.196567065701824,gemma-2-2b-it
medqa-sonnet,clinical_note,1,medqa_test_442,medqa_test_442__clinical_note__correct,79,4.145097732543945,63.12379084894982,gemma-2-2b-it
medqa-sonnet,patient,1,medqa_test_442,medqa_test_442__patient__correct,165,2.579517126083374,13.19076714418934,gemma-2-2b-it
medqa-sonnet,clinical_note,0,medqa_test_442,medqa_test_442__clinical_note__wrong,79,4.138649940490723,62.71809111126351,gemma-2-2b-it
medqa-sonnet,patient,0,medqa_test_442,medqa_test_442__patient__wrong,144,2.537993192672729,12.654250829416416,gemma-2-2b-it
medqa-sonnet,colloquial,0,medqa_test_442,medqa_test_442__colloquial__wrong,106,4.084529399871826,59.41397094882578,gemma-2-2b-it
medqa-sonnet,colloquial,1,medqa_test_442,medqa_test_442__colloquial__correct,113,4.22026252746582,68.05134729230295,gemma-2-2b-it
medqa-sonnet,textbook,1,medqa_test_1121,medqa_test_1121__textbook__correct,218,1.937733054161072,6.942993726238156,gemma-2-2b-it
medqa-sonnet,textbook,0,medqa_test_1121,medqa_test_1121__textbook__wrong,210,2.04107666015625,7.698893830446787,gemma-2-2b-it
medqa-sonnet,clinical_note,1,medqa_test_1121,medqa_test_1121__clinical_note__correct,97,4.36690092086792,78.79904841726768,gemma-2-2b-it
medqa-sonnet,patient,0,medqa_test_1121,medqa_test_1121__patient__wrong,156,2.496107578277588,12.13516672511197,gemma-2-2b-it
medqa-sonnet,clinical_note,0,medqa_test_1121,medqa_test_1121__clinical_note__wrong,120,3.901515245437622,49.477362683039686,gemma-2-2b-it
medqa-sonnet,patient,1,medqa_test_1121,medqa_test_1121__patient__correct,175,2.6439597606658936,14.068802546780734,gemma-2-2b-it
medqa-sonnet,colloquial,0,medqa_test_1121,medqa_test_1121__colloquial__wrong,128,3.9139559268951416,50.09673953819508,gemma-2-2b-it
medqa-sonnet,colloquial,1,medqa_test_1121,medqa_test_1121__colloquial__correct,163,3.647095918655396,38.36309457385232,gemma-2-2b-it
medqa-sonnet,textbook,0,medqa_test_376,medqa_test_376__textbook__wrong,240,1.9889895915985107,7.308145818583501,gemma-2-2b-it
medqa-sonnet,textbook,1,medqa_test_376,medqa_test_376__textbook__correct,234,2.086151361465454,8.053859048470885,gemma-2-2b-it
medqa-sonnet,clinical_note,1,medqa_test_376,medqa_test_376__clinical_note__correct,110,3.882607936859131,48.55066718459749,gemma-2-2b-it
medqa-sonnet,patient,1,medqa_test_376,medqa_test_376__patient__correct,201,2.35593581199646,10.547995184896266,gemma-2-2b-it
medqa-sonnet,clinical_note,0,medqa_test_376,medqa_test_376__clinical_note__wrong,112,3.7594923973083496,42.92663077425428,gemma-2-2b-it
medqa-sonnet,patient,0,medqa_test_376,medqa_test_376__patient__wrong,196,2.42690658569336,11.32379864344675,gemma-2-2b-it
medqa-sonnet,colloquial,0,medqa_test_376,medqa_test_376__colloquial__wrong,183,3.363044500350952,28.876973139735256,gemma-2-2b-it
medqa-sonnet,textbook,1,medqa_test_35,medqa_test_35__textbook__correct,158,2.6666975021362305,14.392359883482786,gemma-2-2b-it
medqa-sonnet,colloquial,1,medqa_test_376,medqa_test_376__colloquial__correct,165,3.365473747253418,28.94720771130601,gemma-2-2b-it
medqa-sonnet,textbook,0,medqa_test_35,medqa_test_35__textbook__wrong,114,2.8504035472869877,17.294759685878006,gemma-2-2b-it
medqa-sonnet,clinical_note,1,medqa_test_35,medqa_test_35__clinical_note__correct,79,4.071375846862793,58.63758345343118,gemma-2-2b-it
medqa-sonnet,clinical_note,0,medqa_test_35,medqa_test_35__clinical_note__wrong,68,4.18375825881958,65.61197721750594,gemma-2-2b-it
medqa-sonnet,patient,1,medqa_test_35,medqa_test_35__patient__correct,180,2.712033748626709,15.059872385940404,gemma-2-2b-it
medqa-sonnet,patient,0,medqa_test_35,medqa_test_35__patient__wrong,160,2.7773070335388184,16.075671360917365,gemma-2-2b-it
medqa-sonnet,colloquial,0,medqa_test_35,medqa_test_35__colloquial__wrong,107,3.992971181869507,54.21573510320638,gemma-2-2b-it
medqa-sonnet,colloquial,1,medqa_test_35,medqa_test_35__colloquial__correct,144,3.865225553512573,47.71403328687575,gemma-2-2b-it
medqa-sonnet,textbook,0,medqa_test_332,medqa_test_332__textbook__wrong,171,2.0113351345062256,7.473288534797541,gemma-2-2b-it
medqa-sonnet,textbook,1,medqa_test_332,medqa_test_332__textbook__correct,193,1.9968037605285645,7.365476609092562,gemma-2-2b-it
medqa-sonnet,clinical_note,1,medqa_test_332,medqa_test_332__clinical_note__correct,106,3.902054786682129,49.50406496371972,gemma-2-2b-it
medqa-sonnet,clinical_note,0,medqa_test_332,medqa_test_332__clinical_note__wrong,88,4.2008137702941895,66.74062048272627,gemma-2-2b-it
medqa-sonnet,patient,0,medqa_test_332,medqa_test_332__patient__wrong,202,2.3644134998321533,10.637797917280386,gemma-2-2b-it
medqa-sonnet,patient,1,medqa_test_332,medqa_test_332__patient__correct,195,2.131669521331787,8.428927345000421,gemma-2-2b-it
medqa-sonnet,colloquial,1,medqa_test_332,medqa_test_332__colloquial__correct,148,3.554790496826172,34.98049067614675,gemma-2-2b-it
medqa-sonnet,colloquial,0,medqa_test_332,medqa_test_332__colloquial__wrong,148,3.5758893489837646,35.726379910770326,gemma-2-2b-it
medqa-sonnet,textbook,1,medqa_test_400,medqa_test_400__textbook__correct,201,2.149544477462769,8.580948691246228,gemma-2-2b-it
medqa-sonnet,textbook,0,medqa_test_400,medqa_test_400__textbook__wrong,195,2.246262788772583,9.452344337413727,gemma-2-2b-it
medqa-sonnet,clinical_note,1,medqa_test_400,medqa_test_400__clinical_note__correct,121,3.796141862869263,44.52905345970265,gemma-2-2b-it
medqa-sonnet,patient,1,medqa_test_400,medqa_test_400__patient__correct,184,2.8958070278167725,18.09810122036702,gemma-2-2b-it
medqa-sonnet,patient,0,medqa_test_400,medqa_test_400__patient__wrong,174,2.9476304054260254,19.06073396136272,gemma-2-2b-it
medqa-sonnet,clinical_note,0,medqa_test_400,medqa_test_400__clinical_note__wrong,97,3.782023668289185,43.904800648800176,gemma-2-2b-it
medqa-sonnet,textbook,1,medqa_test_1145,medqa_test_1145__textbook__correct,153,1.8422518968582156,6.310733392741879,gemma-2-2b-it
medqa-sonnet,textbook,0,medqa_test_1145,medqa_test_1145__textbook__wrong,118,2.115079164505005,8.290242033049276,gemma-2-2b-it
medqa-sonnet,colloquial,1,medqa_test_400,medqa_test_400__colloquial__correct,149,3.5825395584106445,35.9647595780631,gemma-2-2b-it
medqa-sonnet,colloquial,0,medqa_test_400,medqa_test_400__colloquial__wrong,150,3.727344274520874,41.56856674333414,gemma-2-2b-it
medqa-sonnet,clinical_note,1,medqa_test_1145,medqa_test_1145__clinical_note__correct,67,4.570015907287598,96.5456455399796,gemma-2-2b-it
medqa-sonnet,patient,1,medqa_test_1145,medqa_test_1145__patient__correct,151,2.566871404647827,13.025010641538712,gemma-2-2b-it
medqa-sonnet,patient,0,medqa_test_1145,medqa_test_1145__patient__wrong,139,2.580427408218384,13.20277993055068,gemma-2-2b-it
medqa-sonnet,clinical_note,0,medqa_test_1145,medqa_test_1145__clinical_note__wrong,69,4.751021385192871,115.70240091482847,gemma-2-2b-it
medqa-sonnet,colloquial,1,medqa_test_1145,medqa_test_1145__colloquial__correct,119,3.51968002319336,33.773619959643064,gemma-2-2b-it
medqa-sonnet,textbook,1,medqa_test_975,medqa_test_975__textbook__correct,154,2.6032474040985107,13.507531301809252,gemma-2-2b-it
medqa-sonnet,colloquial,0,medqa_test_1145,medqa_test_1145__colloquial__wrong,118,4.265215396881104,71.18025032619704,gemma-2-2b-it
medqa-sonnet,textbook,0,medqa_test_975,medqa_test_975__textbook__wrong,134,2.434027194976806,11.404718747505356,gemma-2-2b-it
medqa-sonnet,clinical_note,1,medqa_test_975,medqa_test_975__clinical_note__correct,49,4.760623455047607,116.81873442984391,gemma-2-2b-it
medqa-sonnet,patient,1,medqa_test_975,medqa_test_975__patient__correct,150,2.2713444232940674,9.69242277755401,gemma-2-2b-it
medqa-sonnet,patient,0,medqa_test_975,medqa_test_975__patient__wrong,111,2.454279661178589,11.63804719153524,gemma-2-2b-it
medqa-sonnet,clinical_note,0,medqa_test_975,medqa_test_975__clinical_note__wrong,52,4.462016582489014,86.66209426622561,gemma-2-2b-it
medqa-sonnet,colloquial,1,medqa_test_975,medqa_test_975__colloquial__correct,91,4.04673433303833,57.21032179330405,gemma-2-2b-it
medqa-sonnet,colloquial,0,medqa_test_975,medqa_test_975__colloquial__wrong,85,4.182767391204834,65.54699663303663,gemma-2-2b-it
medqa-sonnet,textbook,0,medqa_test_950,medqa_test_950__textbook__wrong,71,2.552757740020752,12.842471189957193,gemma-2-2b-it
medqa-sonnet,textbook,1,medqa_test_950,medqa_test_950__textbook__correct,81,2.773746967315674,16.018542657612254,gemma-2-2b-it
medqa-sonnet,clinical_note,0,medqa_test_950,medqa_test_950__clinical_note__wrong,44,4.764094829559326,117.22496068082803,gemma-2-2b-it
medqa-sonnet,clinical_note,1,medqa_test_950,medqa_test_950__clinical_note__correct,32,4.181570529937744,65.46859290014731,gemma-2-2b-it
medqa-sonnet,patient,1,medqa_test_950,medqa_test_950__patient__correct,86,2.8539247512817383,17.35576540653229,gemma-2-2b-it
medqa-sonnet,patient,0,medqa_test_950,medqa_test_950__patient__wrong,79,2.826951742172241,16.893885338563134,gemma-2-2b-it
medqa-sonnet,colloquial,1,medqa_test_950,medqa_test_950__colloquial__correct,60,4.835397243499756,125.88858169620022,gemma-2-2b-it
medqa-sonnet,colloquial,0,medqa_test_950,medqa_test_950__colloquial__wrong,71,4.661304473876953,105.7739715833207,gemma-2-2b-it
medqa-sonnet,textbook,1,medqa_test_825,medqa_test_825__textbook__correct,200,2.0025038719177246,7.407580530719479,gemma-2-2b-it
medqa-sonnet,textbook,0,medqa_test_825,medqa_test_825__textbook__wrong,193,2.150486469268799,8.589035682943306,gemma-2-2b-it
medqa-sonnet,patient,1,medqa_test_825,medqa_test_825__patient__correct,182,2.552574157714844,12.840113755880797,gemma-2-2b-it
medqa-sonnet,clinical_note,1,medqa_test_825,medqa_test_825__clinical_note__correct,76,4.708025932312012,110.8331516648158,gemma-2-2b-it
medqa-sonnet,clinical_note,0,medqa_test_825,medqa_test_825__clinical_note__wrong,78,5.110926151275635,165.82386175855683,gemma-2-2b-it
medqa-sonnet,patient,0,medqa_test_825,medqa_test_825__patient__wrong,186,2.534718513488769,12.61287999271569,gemma-2-2b-it
medqa-sonnet,textbook,1,medqa_test_1030,medqa_test_1030__textbook__correct,199,2.257658004760742,9.56067187839621,gemma-2-2b-it
medqa-sonnet,colloquial,1,medqa_test_825,medqa_test_825__colloquial__correct,147,3.7776310443878174,43.712366327306086,gemma-2-2b-it
medqa-sonnet,colloquial,0,medqa_test_825,medqa_test_825__colloquial__wrong,151,3.811632871627808,45.224223961326445,gemma-2-2b-it
medqa-sonnet,textbook,0,medqa_test_1030,medqa_test_1030__textbook__wrong,182,2.32313871383667,10.207663011249576,gemma-2-2b-it
medqa-sonnet,clinical_note,1,medqa_test_1030,medqa_test_1030__clinical_note__correct,93,4.412573337554932,82.48144323498353,gemma-2-2b-it
medqa-sonnet,patient,0,medqa_test_1030,medqa_test_1030__patient__wrong,121,3.0443875789642334,20.997168157010726,gemma-2-2b-it
medqa-sonnet,patient,1,medqa_test_1030,medqa_test_1030__patient__correct,124,2.86694860458374,17.583282709155146,gemma-2-2b-it
medqa-sonnet,clinical_note,0,medqa_test_1030,medqa_test_1030__clinical_note__wrong,111,4.102719783782959,60.50462351080207,gemma-2-2b-it
medqa-sonnet,textbook,0,medqa_test_845,medqa_test_845__textbook__wrong,134,2.7301971912384038,15.335910829011482,gemma-2-2b-it
medqa-sonnet,colloquial,1,medqa_test_1030,medqa_test_1030__colloquial__correct,148,3.652718544006348,38.57940342389232,gemma-2-2b-it
medqa-sonnet,colloquial,0,medqa_test_1030,medqa_test_1030__colloquial__wrong,136,3.8878493309021,48.805808426145205,gemma-2-2b-it
medqa-sonnet,textbook,1,medqa_test_845,medqa_test_845__textbook__correct,154,2.6631059646606445,14.340761897114124,gemma-2-2b-it
medqa-sonnet,clinical_note,0,medqa_test_845,medqa_test_845__clinical_note__wrong,69,4.688424110412598,108.6817743083452,gemma-2-2b-it
medqa-sonnet,clinical_note,1,medqa_test_845,medqa_test_845__clinical_note__correct,82,4.262407779693604,70.9806837163864,gemma-2-2b-it
medqa-sonnet,patient,0,medqa_test_845,medqa_test_845__patient__wrong,104,3.036365509033203,20.82940122443383,gemma-2-2b-it
medqa-sonnet,patient,1,medqa_test_845,medqa_test_845__patient__correct,114,3.065423488616944,21.443541160171023,gemma-2-2b-it
medqa-sonnet,colloquial,0,medqa_test_845,medqa_test_845__colloquial__wrong,97,4.4310479164123535,84.01941611941608,gemma-2-2b-it
medqa-sonnet,colloquial,1,medqa_test_845,medqa_test_845__colloquial__correct,107,4.074515342712402,58.821965184708894,gemma-2-2b-it
medqa-sonnet,textbook,1,medqa_test_802,medqa_test_802__textbook__correct,188,2.6968753337860107,14.833310093700106,gemma-2-2b-it
medqa-sonnet,textbook,0,medqa_test_802,medqa_test_802__textbook__wrong,175,2.964279890060425,19.38074195032763,gemma-2-2b-it
medqa-sonnet,patient,0,medqa_test_802,medqa_test_802__patient__wrong,185,2.483996152877808,11.98907900959616,gemma-2-2b-it
medqa-sonnet,clinical_note,1,medqa_test_802,medqa_test_802__clinical_note__correct,111,4.197393417358398,66.51273395386747,gemma-2-2b-it
medqa-sonnet,patient,1,medqa_test_802,medqa_test_802__patient__correct,213,2.6074583530426025,13.564530753145004,gemma-2-2b-it
medqa-sonnet,clinical_note,0,medqa_test_802,medqa_test_802__clinical_note__wrong,112,4.253682613372803,70.36405943200272,gemma-2-2b-it
medqa-sonnet,colloquial,1,medqa_test_802,medqa_test_802__colloquial__correct,137,4.153872013092041,63.68009370874952,gemma-2-2b-it
medqa-sonnet,textbook,1,medqa_test_650,medqa_test_650__textbook__correct,180,2.2385964393615723,9.380156425405756,gemma-2-2b-it
medqa-sonnet,textbook,0,medqa_test_650,medqa_test_650__textbook__wrong,189,2.1003129482269287,8.168725900887733,gemma-2-2b-it
medqa-sonnet,colloquial,0,medqa_test_802,medqa_test_802__colloquial__wrong,177,3.6690480709075928,39.214558607971895,gemma-2-2b-it
medqa-sonnet,clinical_note,1,medqa_test_650,medqa_test_650__clinical_note__correct,93,3.8329453468322754,46.19840837941652,gemma-2-2b-it
medqa-sonnet,clinical_note,0,medqa_test_650,medqa_test_650__clinical_note__wrong,93,3.837491989135742,46.40893424755122,gemma-2-2b-it
medqa-sonnet,patient,0,medqa_test_650,medqa_test_650__patient__wrong,189,2.309300422668457,10.067379280576064,gemma-2-2b-it
medqa-sonnet,patient,1,medqa_test_650,medqa_test_650__patient__correct,198,2.281783103942871,9.79412879843782,gemma-2-2b-it
medqa-sonnet,colloquial,1,medqa_test_650,medqa_test_650__colloquial__correct,152,3.3615047931671143,28.832545268477872,gemma-2-2b-it
medqa-sonnet,colloquial,0,medqa_test_650,medqa_test_650__colloquial__wrong,151,3.5138092041015625,33.575922038977986,gemma-2-2b-it
medqa-sonnet,textbook,1,medqa_test_540,medqa_test_540__textbook__correct,194,2.5998294353485107,13.46144179305043,gemma-2-2b-it
medqa-sonnet,textbook,0,medqa_test_540,medqa_test_540__textbook__wrong,147,2.696550846099853,14.82849764806165,gemma-2-2b-it
medqa-sonnet,patient,1,medqa_test_540,medqa_test_540__patient__correct,170,2.27983021736145,9.775020639836743,gemma-2-2b-it
medqa-sonnet,clinical_note,1,medqa_test_540,medqa_test_540__clinical_note__correct,72,3.922802448272705,50.541887517887375,gemma-2-2b-it
medqa-sonnet,clinical_note,0,medqa_test_540,medqa_test_540__clinical_note__wrong,69,4.1297221183776855,62.16064723307472,gemma-2-2b-it
medqa-sonnet,patient,0,medqa_test_540,medqa_test_540__patient__wrong,170,2.569213390350342,13.0555507785593,gemma-2-2b-it
medqa-sonnet,textbook,1,medqa_test_796,medqa_test_796__textbook__correct,114,2.693389177322388,14.781688885924204,gemma-2-2b-it
medqa-sonnet,colloquial,1,medqa_test_540,medqa_test_540__colloquial__correct,141,3.539246797561645,34.4409683976075,gemma-2-2b-it
medqa-sonnet,colloquial,0,medqa_test_540,medqa_test_540__colloquial__wrong,119,3.957080125808716,52.304380556232566,gemma-2-2b-it
medqa-sonnet,textbook,0,medqa_test_796,medqa_test_796__textbook__wrong,93,2.9532315731048584,19.167795884348237,gemma-2-2b-it
medqa-sonnet,clinical_note,1,medqa_test_796,medqa_test_796__clinical_note__correct,44,5.802992343902588,331.2894100311564,gemma-2-2b-it
medqa-sonnet,clinical_note,0,medqa_test_796,medqa_test_796__clinical_note__wrong,39,6.35302734375,574.2284672810375,gemma-2-2b-it
medqa-sonnet,patient,1,medqa_test_796,medqa_test_796__patient__correct,109,2.689749240875244,14.727982281408774,gemma-2-2b-it
medqa-sonnet,patient,0,medqa_test_796,medqa_test_796__patient__wrong,94,2.7605555057525635,15.808622290169456,gemma-2-2b-it
medqa-sonnet,colloquial,0,medqa_test_796,medqa_test_796__colloquial__wrong,68,5.1312255859375,169.22439003683448,gemma-2-2b-it
medqa-sonnet,textbook,1,medqa_test_715,medqa_test_715__textbook__correct,118,2.3379461765289307,10.359937215457316,gemma-2-2b-it
medqa-sonnet,textbook,0,medqa_test_715,medqa_test_715__textbook__wrong,102,2.381208658218384,10.81797019395371,gemma-2-2b-it
medqa-sonnet,colloquial,1,medqa_test_796,medqa_test_796__colloquial__correct,100,3.989902973175049,54.04964484347224,gemma-2-2b-it
medqa-sonnet,patient,0,medqa_test_715,medqa_test_715__patient__wrong,101,2.5757007598876958,13.140522283741866,gemma-2-2b-it
medqa-sonnet,clinical_note,1,medqa_test_715,medqa_test_715__clinical_note__correct,58,3.861339807510376,47.52898842428306,gemma-2-2b-it
medqa-sonnet,patient,1,medqa_test_715,medqa_test_715__patient__correct,136,2.111301898956299,8.258986654521612,gemma-2-2b-it
medqa-sonnet,clinical_note,0,medqa_test_715,medqa_test_715__clinical_note__wrong,63,4.221747398376465,68.15246981669496,gemma-2-2b-it
medqa-sonnet,colloquial,0,medqa_test_715,medqa_test_715__colloquial__wrong,91,3.4746100902557373,32.285237753339786,gemma-2-2b-it
medqa-sonnet,colloquial,1,medqa_test_715,medqa_test_715__colloquial__correct,88,3.5945394039154053,36.398930921226544,gemma-2-2b-it
medqa-sonnet,textbook,0,medqa_test_2,medqa_test_2__textbook__wrong,280,1.7352598905563354,5.670401296070805,gemma-2-2b-it
medqa-sonnet,textbook,1,medqa_test_2,medqa_test_2__textbook__correct,322,1.899569630622864,6.683017657137064,gemma-2-2b-it
medqa-sonnet,patient,0,medqa_test_2,medqa_test_2__patient__wrong,188,2.595371961593628,13.401571304252167,gemma-2-2b-it
medqa-sonnet,clinical_note,1,medqa_test_2,medqa_test_2__clinical_note__correct,172,3.17929744720459,24.029865371249915,gemma-2-2b-it
medqa-sonnet,patient,1,medqa_test_2,medqa_test_2__patient__correct,264,2.328854322433472,10.266173068718986,gemma-2-2b-it
medqa-sonnet,clinical_note,0,medqa_test_2,medqa_test_2__clinical_note__wrong,172,3.1648435592651367,23.68503843816714,gemma-2-2b-it
medqa-sonnet,colloquial,0,medqa_test_2,medqa_test_2__colloquial__wrong,142,3.945943117141724,51.72509794190352,gemma-2-2b-it
medqa-sonnet,textbook,0,medqa_test_395,medqa_test_395__textbook__wrong,184,2.2977962493896484,9.95222604625252,gemma-2-2b-it
medqa-sonnet,textbook,1,medqa_test_395,medqa_test_395__textbook__correct,177,2.3781323432922363,10.784741847409949,gemma-2-2b-it
medqa-sonnet,colloquial,1,medqa_test_2,medqa_test_2__colloquial__correct,211,3.515441417694092,33.63076986481837,gemma-2-2b-it
medqa-sonnet,clinical_note,1,medqa_test_395,medqa_test_395__clinical_note__correct,121,2.9881515502929688,19.848958759031767,gemma-2-2b-it
medqa-sonnet,clinical_note,0,medqa_test_395,medqa_test_395__clinical_note__wrong,106,3.1223599910736084,22.69988801178415,gemma-2-2b-it
medqa-sonnet,patient,0,medqa_test_395,medqa_test_395__patient__wrong,178,2.1587581634521484,8.660376206173092,gemma-2-2b-it
medqa-sonnet,patient,1,medqa_test_395,medqa_test_395__patient__correct,192,2.16284728050232,8.695862001517916,gemma-2-2b-it
medqa-sonnet,colloquial,1,medqa_test_395,medqa_test_395__colloquial__correct,122,3.718412160873413,41.19892488016676,gemma-2-2b-it
medqa-sonnet,textbook,0,medqa_test_464,medqa_test_464__textbook__wrong,261,1.919716477394104,6.819024847496526,gemma-2-2b-it
medqa-sonnet,textbook,1,medqa_test_464,medqa_test_464__textbook__correct,308,2.099226236343384,8.15985367102976,gemma-2-2b-it
medqa-sonnet,colloquial,0,medqa_test_395,medqa_test_395__colloquial__wrong,126,3.5661017894744877,35.37841149994347,gemma-2-2b-it
medqa-sonnet,clinical_note,1,medqa_test_464,medqa_test_464__clinical_note__correct,118,3.895650386810303,49.18803421027091,gemma-2-2b-it
medqa-sonnet,patient,1,medqa_test_464,medqa_test_464__patient__correct,223,2.57227110862732,13.095532069401894,gemma-2-2b-it
medqa-sonnet,patient,0,medqa_test_464,medqa_test_464__patient__wrong,148,2.848588228225708,17.26339265815551,gemma-2-2b-it
medqa-sonnet,clinical_note,0,medqa_test_464,medqa_test_464__clinical_note__wrong,78,5.0535173416137695,156.57221505691672,gemma-2-2b-it
medqa-sonnet,colloquial,0,medqa_test_464,medqa_test_464__colloquial__wrong,133,3.5548553466796875,34.98275922939988,gemma-2-2b-it
medqa-sonnet,colloquial,1,medqa_test_464,medqa_test_464__colloquial__correct,156,3.5868420600891118,36.119831375630206,gemma-2-2b-it
medqa-sonnet,textbook,0,medqa_test_331,medqa_test_331__textbook__wrong,224,2.0611672401428223,7.855133288189635,gemma-2-2b-it
medqa-sonnet,textbook,1,medqa_test_331,medqa_test_331__textbook__correct,288,2.00911545753479,7.456718645040587,gemma-2-2b-it
medqa-sonnet,patient,0,medqa_test_331,medqa_test_331__patient__wrong,142,2.6047751903533936,13.528183694673412,gemma-2-2b-it
medqa-sonnet,clinical_note,0,medqa_test_331,medqa_test_331__clinical_note__wrong,125,3.3891968727111816,29.642136299459946,gemma-2-2b-it
medqa-sonnet,patient,1,medqa_test_331,medqa_test_331__patient__correct,183,2.43264102935791,11.388920870251107,gemma-2-2b-it
medqa-sonnet,clinical_note,1,medqa_test_331,medqa_test_331__clinical_note__correct,178,3.3299129009246826,27.935908405478784,gemma-2-2b-it
medqa-sonnet,textbook,1,medqa_test_959,medqa_test_959__textbook__correct,152,1.9288924932479856,6.881884286148718,gemma-2-2b-it
medqa-sonnet,colloquial,1,medqa_test_331,medqa_test_331__colloquial__correct,175,3.8748486042022714,48.1754041852167,gemma-2-2b-it
medqa-sonnet,colloquial,0,medqa_test_331,medqa_test_331__colloquial__wrong,185,3.923652172088623,50.58485241497576,gemma-2-2b-it
medqa-sonnet,clinical_note,1,medqa_test_959,medqa_test_959__clinical_note__correct,72,3.5523476600646973,34.895143334842224,gemma-2-2b-it
medqa-sonnet,patient,0,medqa_test_959,medqa_test_959__patient__wrong,124,2.531986951828003,12.578474145535331,gemma-2-2b-it
medqa-sonnet,patient,1,medqa_test_959,medqa_test_959__patient__correct,175,2.12159276008606,8.344417564129902,gemma-2-2b-it
medqa-sonnet,clinical_note,0,medqa_test_959,medqa_test_959__clinical_note__wrong,73,3.848655462265015,46.929921742351496,gemma-2-2b-it
medqa-sonnet,textbook,0,medqa_test_959,medqa_test_959__textbook__wrong,135,1.958707928657532,7.090160151533437,gemma-2-2b-it
medqa-sonnet,colloquial,1,medqa_test_959,medqa_test_959__colloquial__correct,99,3.818547964096069,45.53803742588045,gemma-2-2b-it
medqa-sonnet,colloquial,0,medqa_test_959,medqa_test_959__colloquial__wrong,95,3.6203935146331783,37.352263592669686,gemma-2-2b-it
medqa-sonnet,textbook,1,medqa_test_761,medqa_test_761__textbook__correct,290,1.4759199619293213,4.375058809669141,gemma-2-2b-it
medqa-sonnet,textbook,0,medqa_test_761,medqa_test_761__textbook__wrong,315,1.5050594806671145,4.504421548319091,gemma-2-2b-it
medqa-sonnet,patient,1,medqa_test_761,medqa_test_761__patient__correct,179,2.408400297164917,11.116164354439288,gemma-2-2b-it
medqa-sonnet,patient,0,medqa_test_761,medqa_test_761__patient__wrong,182,2.393092632293701,10.947297611062446,gemma-2-2b-it
medqa-sonnet,clinical_note,1,medqa_test_761,medqa_test_761__clinical_note__correct,162,2.8212735652923584,16.798230698410883,gemma-2-2b-it
medqa-sonnet,clinical_note,0,medqa_test_761,medqa_test_761__clinical_note__wrong,163,2.7578117847442627,15.76530729039002,gemma-2-2b-it
medqa-sonnet,colloquial,1,medqa_test_761,medqa_test_761__colloquial__correct,211,3.022010564804077,20.5325321985141,gemma-2-2b-it
medqa-sonnet,colloquial,0,medqa_test_761,medqa_test_761__colloquial__wrong,225,3.0053250789642334,20.19277927692593,gemma-2-2b-it
medqa-sonnet,textbook,1,medqa_test_454,medqa_test_454__textbook__correct,165,2.121657371520996,8.344956726340264,gemma-2-2b-it
medqa-sonnet,textbook,0,medqa_test_454,medqa_test_454__textbook__wrong,183,2.3057010173797607,10.03120783924111,gemma-2-2b-it
medqa-sonnet,clinical_note,1,medqa_test_454,medqa_test_454__clinical_note__correct,94,3.366234302520752,28.969232036902223,gemma-2-2b-it
medqa-sonnet,patient,1,medqa_test_454,medqa_test_454__patient__correct,132,2.7970504760742188,16.396214353394328,gemma-2-2b-it
medqa-sonnet,patient,0,medqa_test_454,medqa_test_454__patient__wrong,141,2.69626784324646,14.824301734671444,gemma-2-2b-it
medqa-sonnet,clinical_note,0,medqa_test_454,medqa_test_454__clinical_note__wrong,90,3.347050666809082,28.418793430075585,gemma-2-2b-it
medqa-sonnet,textbook,1,medqa_test_107,medqa_test_107__textbook__correct,136,2.234318494796753,9.340114346173,gemma-2-2b-it
medqa-sonnet,colloquial,1,medqa_test_454,medqa_test_454__colloquial__correct,134,3.832197904586792,46.16389063893538,gemma-2-2b-it
medqa-sonnet,colloquial,0,medqa_test_454,medqa_test_454__colloquial__wrong,113,3.8814754486083984,48.49571524653095,gemma-2-2b-it
medqa-sonnet,textbook,0,medqa_test_107,medqa_test_107__textbook__wrong,136,2.287073850631714,9.846084373647022,gemma-2-2b-it
medqa-sonnet,clinical_note,1,medqa_test_107,medqa_test_107__clinical_note__correct,77,3.97158145904541,53.06838999767362,gemma-2-2b-it
medqa-sonnet,clinical_note,0,medqa_test_107,medqa_test_107__clinical_note__wrong,78,4.006604194641113,54.95992012817502,gemma-2-2b-it
medqa-sonnet,patient,1,medqa_test_107,medqa_test_107__patient__correct,175,2.6826376914978027,14.623615054385114,gemma-2-2b-it
medqa-sonnet,patient,0,medqa_test_107,medqa_test_107__patient__wrong,156,2.5706946849823,13.07490422638519,gemma-2-2b-it
medqa-sonnet,colloquial,1,medqa_test_107,medqa_test_107__colloquial__correct,119,4.08030366897583,59.16343322145785,gemma-2-2b-it
medqa-sonnet,colloquial,0,medqa_test_107,medqa_test_107__colloquial__wrong,118,4.121725082397461,61.66552867971374,gemma-2-2b-it
medqa-sonnet,textbook,0,medqa_test_920,medqa_test_920__textbook__wrong,165,1.6416109800338743,5.16348108047782,gemma-2-2b-it
medqa-sonnet,textbook,1,medqa_test_920,medqa_test_920__textbook__correct,208,1.611570954322815,5.010676592204684,gemma-2-2b-it
medqa-sonnet,clinical_note,1,medqa_test_920,medqa_test_920__clinical_note__correct,91,3.530245542526245,34.13234752873852,gemma-2-2b-it
medqa-sonnet,patient,0,medqa_test_920,medqa_test_920__patient__wrong,186,2.448838472366333,11.57489434844313,gemma-2-2b-it
medqa-sonnet,clinical_note,0,medqa_test_920,medqa_test_920__clinical_note__wrong,89,3.796243667602539,44.53358695887509,gemma-2-2b-it
medqa-sonnet,patient,1,medqa_test_920,medqa_test_920__patient__correct,211,2.50254487991333,12.213536427800166,gemma-2-2b-it
medqa-sonnet,colloquial,0,medqa_test_920,medqa_test_920__colloquial__wrong,131,3.766899347305298,43.2457666345576,gemma-2-2b-it
medqa-sonnet,textbook,1,medqa_test_528,medqa_test_528__textbook__correct,258,1.7915185689926147,5.99855477267215,gemma-2-2b-it
medqa-sonnet,colloquial,1,medqa_test_920,medqa_test_920__colloquial__correct,170,3.826693534851074,45.91048557381216,gemma-2-2b-it
medqa-sonnet,textbook,0,medqa_test_528,medqa_test_528__textbook__wrong,264,1.841410994529724,6.305428912924723,gemma-2-2b-it
medqa-sonnet,clinical_note,1,medqa_test_528,medqa_test_528__clinical_note__correct,143,3.593919515609741,36.3763746415191,gemma-2-2b-it
medqa-sonnet,patient,1,medqa_test_528,medqa_test_528__patient__correct,223,2.3441860675811768,10.42478420365256,gemma-2-2b-it
medqa-sonnet,clinical_note,0,medqa_test_528,medqa_test_528__clinical_note__wrong,150,3.719872236251831,41.25912235173044,gemma-2-2b-it
medqa-sonnet,colloquial,1,medqa_test_528,medqa_test_528__colloquial__correct,109,4.205215930938721,67.03507104944178,gemma-2-2b-it
medqa-sonnet,textbook,0,medqa_test_1166,medqa_test_1166__textbook__wrong,144,2.704521894454956,14.947168657687197,gemma-2-2b-it
medqa-sonnet,textbook,1,medqa_test_1166,medqa_test_1166__textbook__correct,184,2.8211095333099365,16.79547547730661,gemma-2-2b-it
medqa-sonnet,clinical_note,1,medqa_test_1166,medqa_test_1166__clinical_note__correct,71,4.809993743896484,122.73084969796314,gemma-2-2b-it
medqa-sonnet,clinical_note,0,medqa_test_1166,medqa_test_1166__clinical_note__wrong,76,4.995293617248535,147.71631107352508,gemma-2-2b-it
medqa-sonnet,patient,1,medqa_test_1166,medqa_test_1166__patient__correct,199,2.2582437992095947,9.566274107627065,gemma-2-2b-it
medqa-sonnet,patient,0,medqa_test_1166,medqa_test_1166__patient__wrong,179,2.5267066955566406,12.51223162120596,gemma-2-2b-it
medqa-sonnet,textbook,1,medqa_test_187,medqa_test_187__textbook__correct,116,2.304481744766236,10.018984515538351,gemma-2-2b-it
medqa-sonnet,colloquial,1,medqa_test_1166,medqa_test_1166__colloquial__correct,144,3.649855375289917,38.4691020639638,gemma-2-2b-it
medqa-sonnet,textbook,0,medqa_test_187,medqa_test_187__textbook__wrong,117,2.0537571907043457,7.797141488584304,gemma-2-2b-it
medqa-sonnet,colloquial,0,medqa_test_1166,medqa_test_1166__colloquial__wrong,151,3.524040937423706,33.921225433015294,gemma-2-2b-it
medqa-sonnet,clinical_note,1,medqa_test_187,medqa_test_187__clinical_note__correct,51,4.627824306488037,102.29126738290734,gemma-2-2b-it
medqa-sonnet,clinical_note,0,medqa_test_187,medqa_test_187__clinical_note__wrong,52,4.917206287384033,136.62040140112435,gemma-2-2b-it
medqa-sonnet,patient,1,medqa_test_187,medqa_test_187__patient__correct,123,2.583059549331665,13.23757728610042,gemma-2-2b-it
medqa-sonnet,patient,0,medqa_test_187,medqa_test_187__patient__wrong,120,2.5760865211486816,13.14559236604586,gemma-2-2b-it
medqa-sonnet,colloquial,1,medqa_test_187,medqa_test_187__colloquial__correct,91,4.543036460876465,93.97572092504458,gemma-2-2b-it
medqa-sonnet,textbook,1,medqa_test_823,medqa_test_823__textbook__correct,140,2.073840856552124,7.955319755760894,gemma-2-2b-it
medqa-sonnet,colloquial,0,medqa_test_187,medqa_test_187__colloquial__wrong,90,4.583025932312012,97.80991304788864,gemma-2-2b-it
medqa-sonnet,textbook,0,medqa_test_823,medqa_test_823__textbook__wrong,147,2.2419002056121826,9.411197517651807,gemma-2-2b-it
medqa-sonnet,patient,1,medqa_test_823,medqa_test_823__patient__correct,108,3.17814302444458,24.002140753789103,gemma-2-2b-it
medqa-sonnet,clinical_note,0,medqa_test_823,medqa_test_823__clinical_note__wrong,76,4.644731044769287,104.0353811623358,gemma-2-2b-it
medqa-sonnet,clinical_note,1,medqa_test_823,medqa_test_823__clinical_note__correct,84,4.408425331115723,82.14001828332368,gemma-2-2b-it
medqa-sonnet,patient,0,medqa_test_823,medqa_test_823__patient__wrong,134,2.8854994773864746,17.912512256313196,gemma-2-2b-it
medqa-sonnet,textbook,1,medqa_test_997,medqa_test_997__textbook__correct,195,1.897886157035828,6.671776438232014,gemma-2-2b-it
medqa-sonnet,colloquial,1,medqa_test_823,medqa_test_823__colloquial__correct,127,3.761057376861572,42.99386266825263,gemma-2-2b-it
medqa-sonnet,colloquial,0,medqa_test_823,medqa_test_823__colloquial__wrong,109,4.149038791656494,63.373056302405686,gemma-2-2b-it
medqa-sonnet,textbook,0,medqa_test_997,medqa_test_997__textbook__wrong,186,1.833831787109375,6.257819408382462,gemma-2-2b-it
medqa-sonnet,patient,1,medqa_test_997,medqa_test_997__patient__correct,109,2.5089266300201416,12.291729403840892,gemma-2-2b-it
medqa-sonnet,patient,0,medqa_test_997,medqa_test_997__patient__wrong,116,2.6570839881896973,14.254661673351226,gemma-2-2b-it
medqa-sonnet,clinical_note,0,medqa_test_997,medqa_test_997__clinical_note__wrong,89,2.9535388946533203,19.173687466318693,gemma-2-2b-it
medqa-sonnet,clinical_note,1,medqa_test_997,medqa_test_997__clinical_note__correct,111,2.972130060195923,19.53348280846206,gemma-2-2b-it
medqa-sonnet,colloquial,0,medqa_test_997,medqa_test_997__colloquial__wrong,127,3.444775342941284,31.33624274770073,gemma-2-2b-it
medqa-sonnet,colloquial,1,medqa_test_997,medqa_test_997__colloquial__correct,141,3.3520236015319824,28.560470217441534,gemma-2-2b-it
medqa-sonnet,textbook,1,medqa_test_371,medqa_test_371__textbook__correct,253,1.6645569801330566,5.283332110124924,gemma-2-2b-it
medqa-sonnet,textbook,0,medqa_test_371,medqa_test_371__textbook__wrong,258,1.723381280899048,5.603443283840364,gemma-2-2b-it
medqa-sonnet,clinical_note,1,medqa_test_371,medqa_test_371__clinical_note__correct,115,3.69104266166687,40.08662195897659,gemma-2-2b-it
medqa-sonnet,patient,1,medqa_test_371,medqa_test_371__patient__correct,217,2.3045670986175537,10.019839710949643,gemma-2-2b-it
medqa-sonnet,patient,0,medqa_test_371,medqa_test_371__patient__wrong,214,2.395001173019409,10.968210924997171,gemma-2-2b-it
medqa-sonnet,clinical_note,0,medqa_test_371,medqa_test_371__clinical_note__wrong,96,3.5562846660614014,35.03279651630562,gemma-2-2b-it
medqa-sonnet,colloquial,1,medqa_test_371,medqa_test_371__colloquial__correct,172,3.770887613296509,43.41858665191226,gemma-2-2b-it
medqa-sonnet,textbook,1,medqa_test_1142,medqa_test_1142__textbook__correct,234,1.999656558036804,7.386518822726369,gemma-2-2b-it
medqa-sonnet,textbook,0,medqa_test_1142,medqa_test_1142__textbook__wrong,233,2.118109703063965,8.315404039150735,gemma-2-2b-it
medqa-sonnet,colloquial,0,medqa_test_371,medqa_test_371__colloquial__wrong,171,3.8034982681274414,44.85783506536845,gemma-2-2b-it
medqa-sonnet,clinical_note,1,medqa_test_1142,medqa_test_1142__clinical_note__correct,119,3.376903533935547,29.279966177006063,gemma-2-2b-it
medqa-sonnet,clinical_note,0,medqa_test_1142,medqa_test_1142__clinical_note__wrong,117,3.492981433868408,32.8838427023443,gemma-2-2b-it
medqa-sonnet,patient,0,medqa_test_1142,medqa_test_1142__patient__wrong,173,2.6888296604156494,14.7144449419839,gemma-2-2b-it
medqa-sonnet,patient,1,medqa_test_1142,medqa_test_1142__patient__correct,211,2.6006200313568115,13.472088563290455,gemma-2-2b-it
medqa-sonnet,colloquial,0,medqa_test_1142,medqa_test_1142__colloquial__wrong,166,3.615262031555176,37.16108202612336,gemma-2-2b-it
medqa-sonnet,colloquial,1,medqa_test_1142,medqa_test_1142__colloquial__correct,173,3.694460391998291,40.22386161320448,gemma-2-2b-it
medqa-sonnet,textbook,0,medqa_test_586,medqa_test_586__textbook__wrong,84,2.134837865829468,8.455675441792264,gemma-2-2b-it
medqa-sonnet,textbook,1,medqa_test_586,medqa_test_586__textbook__correct,95,1.9269895553588867,6.868800940137718,gemma-2-2b-it
medqa-sonnet,clinical_note,0,medqa_test_586,medqa_test_586__clinical_note__wrong,49,4.023947715759277,55.921432567611326,gemma-2-2b-it
medqa-sonnet,patient,0,medqa_test_586,medqa_test_586__patient__wrong,118,2.8626275062561035,17.507467536022848,gemma-2-2b-it
medqa-sonnet,patient,1,medqa_test_586,medqa_test_586__patient__correct,130,2.422374725341797,11.27259687660474,gemma-2-2b-it
medqa-sonnet,clinical_note,1,medqa_test_586,medqa_test_586__clinical_note__correct,50,3.973404884338379,53.16524451890859,gemma-2-2b-it
medqa-sonnet,patient,0,medqa_test_528,medqa_test_528__patient__wrong,121,2.977034568786621,19.629520258443023,gemma-2-2b-it
medqa-sonnet,colloquial,0,medqa_test_528,medqa_test_528__colloquial__wrong,121,4.220052242279053,68.03703860653286,gemma-2-2b-it
medqa-sonnet,colloquial,1,medqa_test_586,medqa_test_586__colloquial__correct,94,3.990822553634644,54.09937070067752,gemma-2-2b-it
medqa-sonnet,textbook,1,medqa_test_195,medqa_test_195__textbook__correct,192,1.8366752862930296,6.275638835518352,gemma-2-2b-it
medqa-sonnet,clinical_note,1,medqa_test_195,medqa_test_195__clinical_note__correct,62,3.8585007190704346,47.39424079341636,gemma-2-2b-it
medqa-sonnet,colloquial,0,medqa_test_586,medqa_test_586__colloquial__wrong,96,4.089715003967285,59.72286849790305,gemma-2-2b-it
medqa-sonnet,textbook,0,medqa_test_195,medqa_test_195__textbook__wrong,152,1.9927066564559937,7.335361219949831,gemma-2-2b-it
medqa-sonnet,clinical_note,0,medqa_test_195,medqa_test_195__clinical_note__wrong,85,3.944201231002808,51.63507713652252,gemma-2-2b-it
medqa-sonnet,patient,0,medqa_test_195,medqa_test_195__patient__wrong,105,2.669960021972656,14.439391922858782,gemma-2-2b-it
medqa-sonnet,patient,1,medqa_test_195,medqa_test_195__patient__correct,176,2.1067583560943604,8.221546714056217,gemma-2-2b-it
medqa-sonnet,textbook,0,medqa_test_1155,medqa_test_1155__textbook__wrong,82,3.000043630599976,20.086413286332444,gemma-2-2b-it
medqa-sonnet,colloquial,0,medqa_test_195,medqa_test_195__colloquial__wrong,129,3.0573947429656982,21.272065709840856,gemma-2-2b-it
medqa-sonnet,colloquial,1,medqa_test_195,medqa_test_195__colloquial__correct,133,3.515596628189087,33.635990118364745,gemma-2-2b-it
medqa-sonnet,clinical_note,1,medqa_test_1155,medqa_test_1155__clinical_note__correct,46,4.855597496032715,128.4574210890131,gemma-2-2b-it
medqa-sonnet,patient,1,medqa_test_1155,medqa_test_1155__patient__correct,91,3.3221395015716557,27.71959327435259,gemma-2-2b-it
medqa-sonnet,textbook,1,medqa_test_1155,medqa_test_1155__textbook__correct,119,2.586963891983032,13.289362351234756,gemma-2-2b-it
medqa-sonnet,clinical_note,0,medqa_test_1155,medqa_test_1155__clinical_note__wrong,42,5.1642255783081055,174.90195824095522,gemma-2-2b-it
medqa-sonnet,patient,0,medqa_test_1155,medqa_test_1155__patient__wrong,90,2.927968978881836,18.68963288368004,gemma-2-2b-it
medqa-sonnet,colloquial,1,medqa_test_1155,medqa_test_1155__colloquial__correct,72,4.463699817657471,86.80808978899532,gemma-2-2b-it
medqa-sonnet,colloquial,0,medqa_test_1155,medqa_test_1155__colloquial__wrong,75,4.3313188552856445,76.04451216994774,gemma-2-2b-it
medqa-sonnet,textbook,0,medqa_test_536,medqa_test_536__textbook__wrong,290,1.6250524520874023,5.078685417845335,gemma-2-2b-it
medqa-sonnet,clinical_note,0,medqa_test_536,medqa_test_536__clinical_note__wrong,175,3.2096714973449707,24.77094756583241,gemma-2-2b-it
medqa-sonnet,patient,1,medqa_test_536,medqa_test_536__patient__correct,166,2.8656156063079834,17.559859838413164,gemma-2-2b-it
medqa-sonnet,clinical_note,1,medqa_test_536,medqa_test_536__clinical_note__correct,182,3.1625895500183105,23.63171226393821,gemma-2-2b-it
medqa-sonnet,textbook,1,medqa_test_536,medqa_test_536__textbook__correct,318,1.6263203620910645,5.08512881785454,gemma-2-2b-it
medqa-sonnet,patient,0,medqa_test_536,medqa_test_536__patient__wrong,180,2.7323622703552246,15.369150259298657,gemma-2-2b-it
medqa-sonnet,colloquial,0,medqa_test_536,medqa_test_536__colloquial__wrong,145,3.6833176612854,39.77814581226803,gemma-2-2b-it
medqa-sonnet,colloquial,1,medqa_test_536,medqa_test_536__colloquial__correct,229,3.120549201965332,22.65882049534061,gemma-2-2b-it
medqa-sonnet,textbook,0,medqa_test_510,medqa_test_510__textbook__wrong,162,2.391178131103516,10.926359046605574,gemma-2-2b-it
medqa-sonnet,textbook,1,medqa_test_510,medqa_test_510__textbook__correct,186,2.290169239044189,9.876609047614016,gemma-2-2b-it
medqa-sonnet,patient,0,medqa_test_510,medqa_test_510__patient__wrong,96,2.7695324420928955,15.951174168365986,gemma-2-2b-it
medqa-sonnet,clinical_note,1,medqa_test_510,medqa_test_510__clinical_note__correct,95,3.84475040435791,46.747015043433066,gemma-2-2b-it
medqa-sonnet,clinical_note,0,medqa_test_510,medqa_test_510__clinical_note__wrong,94,4.508447647094727,90.78078525642468,gemma-2-2b-it
medqa-sonnet,patient,1,medqa_test_510,medqa_test_510__patient__correct,185,2.4327850341796875,11.390561047865171,gemma-2-2b-it
medqa-sonnet,clinical_note,1,medqa_test_976,medqa_test_976__clinical_note__correct,46,4.247992038726807,69.96478462841041,gemma-2-2b-it
medqa-sonnet,colloquial,1,medqa_test_510,medqa_test_510__colloquial__correct,131,3.818062067031861,45.51591600198807,gemma-2-2b-it
medqa-sonnet,colloquial,0,medqa_test_510,medqa_test_510__colloquial__wrong,115,3.425123453140259,30.72643789261349,gemma-2-2b-it
medqa-sonnet,textbook,0,medqa_test_976,medqa_test_976__textbook__wrong,161,2.096851348876953,8.140497929769527,gemma-2-2b-it
medqa-sonnet,textbook,1,medqa_test_976,medqa_test_976__textbook__correct,174,1.9859607219696045,7.286043886502404,gemma-2-2b-it
medqa-sonnet,clinical_note,0,medqa_test_976,medqa_test_976__clinical_note__wrong,78,4.056552410125732,57.77478357324989,gemma-2-2b-it
medqa-sonnet,patient,0,medqa_test_976,medqa_test_976__patient__wrong,125,2.351865768432617,10.505151631689372,gemma-2-2b-it
medqa-sonnet,patient,1,medqa_test_976,medqa_test_976__patient__correct,153,2.034754991531372,7.65037748856416,gemma-2-2b-it
medqa-sonnet,colloquial,1,medqa_test_976,medqa_test_976__colloquial__correct,109,3.2414193153381348,25.569987880718838,gemma-2-2b-it
medqa-sonnet,colloquial,0,medqa_test_976,medqa_test_976__colloquial__wrong,73,4.1962432861328125,66.43627955637082,gemma-2-2b-it
medqa-sonnet,patient,0,medqa_test_1050,medqa_test_1050__patient__wrong,129,2.249847412109375,9.486288233206611,gemma-2-2b-it
medqa-sonnet,textbook,0,medqa_test_1050,medqa_test_1050__textbook__wrong,157,2.003187656402588,7.412647451500244,gemma-2-2b-it
medqa-sonnet,textbook,1,medqa_test_1050,medqa_test_1050__textbook__correct,173,1.9507501125335691,7.033961865144206,gemma-2-2b-it
medqa-sonnet,patient,1,medqa_test_1050,medqa_test_1050__patient__correct,168,2.119525671005249,8.327186724672822,gemma-2-2b-it
medqa-sonnet,clinical_note,1,medqa_test_1050,medqa_test_1050__clinical_note__correct,101,3.498498678207397,33.06577231089515,gemma-2-2b-it
medqa-sonnet,clinical_note,0,medqa_test_1050,medqa_test_1050__clinical_note__wrong,80,3.4356696605682373,31.05220003839852,gemma-2-2b-it
medqa-sonnet,colloquial,1,medqa_test_1050,medqa_test_1050__colloquial__correct,126,3.3510491847991943,28.53265397187386,gemma-2-2b-it
medqa-sonnet,clinical_note,0,medqa_test_742,medqa_test_742__clinical_note__wrong,66,3.819063186645508,45.56150569479096,gemma-2-2b-it
medqa-sonnet,clinical_note,1,medqa_test_742,medqa_test_742__clinical_note__correct,84,3.5976932048797607,36.51390711538292,gemma-2-2b-it
medqa-sonnet,colloquial,0,medqa_test_1050,medqa_test_1050__colloquial__wrong,139,3.242345094680786,25.593671008274278,gemma-2-2b-it
medqa-sonnet,textbook,1,medqa_test_742,medqa_test_742__textbook__correct,183,1.9989447593688965,7.381262979240983,gemma-2-2b-it
medqa-sonnet,patient,1,medqa_test_742,medqa_test_742__patient__correct,145,2.448026418685913,11.565498728277287,gemma-2-2b-it
medqa-sonnet,textbook,0,medqa_test_742,medqa_test_742__textbook__wrong,159,1.980534553527832,7.246615653957077,gemma-2-2b-it
medqa-sonnet,patient,0,medqa_test_742,medqa_test_742__patient__wrong,146,2.3654580116271973,10.648915027643994,gemma-2-2b-it
medqa-sonnet,colloquial,0,medqa_test_742,medqa_test_742__colloquial__wrong,126,3.365229606628418,28.940141384547186,gemma-2-2b-it
medqa-sonnet,colloquial,1,medqa_test_742,medqa_test_742__colloquial__correct,135,3.7603917121887207,42.96525269610526,gemma-2-2b-it
medqa-sonnet,textbook,1,medqa_test_1263,medqa_test_1263__textbook__correct,216,1.9495725631713867,7.025683902647551,gemma-2-2b-it
medqa-sonnet,clinical_note,0,medqa_test_1263,medqa_test_1263__clinical_note__wrong,95,3.925843954086304,50.695844975168725,gemma-2-2b-it
medqa-sonnet,clinical_note,1,medqa_test_1263,medqa_test_1263__clinical_note__correct,106,4.179718494415283,65.34745495100879,gemma-2-2b-it
medqa-sonnet,textbook,0,medqa_test_1263,medqa_test_1263__textbook__wrong,200,2.2964730262756348,9.939065739643397,gemma-2-2b-it
medqa-sonnet,patient,0,medqa_test_1263,medqa_test_1263__patient__wrong,208,2.5659255981445312,13.012697325693454,gemma-2-2b-it
medqa-sonnet,patient,1,medqa_test_1263,medqa_test_1263__patient__correct,215,2.472440242767334,11.85133172078118,gemma-2-2b-it
medqa-sonnet,colloquial,1,medqa_test_1263,medqa_test_1263__colloquial__correct,151,3.688332557678223,39.97813012339534,gemma-2-2b-it
medqa-sonnet,textbook,0,medqa_test_631,medqa_test_631__textbook__wrong,287,1.921823263168335,6.833406215951232,gemma-2-2b-it
medqa-sonnet,colloquial,0,medqa_test_1263,medqa_test_1263__colloquial__wrong,161,3.974968671798706,53.24844870148532,gemma-2-2b-it
medqa-sonnet,patient,0,medqa_test_631,medqa_test_631__patient__wrong,169,2.756056308746338,15.73765594957547,gemma-2-2b-it
medqa-sonnet,clinical_note,1,medqa_test_631,medqa_test_631__clinical_note__correct,171,3.159168243408203,23.550999081564875,gemma-2-2b-it
medqa-sonnet,patient,1,medqa_test_631,medqa_test_631__patient__correct,200,2.4990100860595703,12.170440307126738,gemma-2-2b-it
medqa-sonnet,textbook,1,medqa_test_631,medqa_test_631__textbook__correct,355,1.7727808952331543,5.887202311332259,gemma-2-2b-it
medqa-sonnet,clinical_note,0,medqa_test_631,medqa_test_631__clinical_note__wrong,165,3.2163240909576416,24.93628797487445,gemma-2-2b-it
medqa-sonnet,textbook,1,medqa_test_1157,medqa_test_1157__textbook__correct,163,1.6000027656555176,4.95304612279551,gemma-2-2b-it
medqa-sonnet,textbook,0,medqa_test_1157,medqa_test_1157__textbook__wrong,157,1.571699619293213,4.814824612211996,gemma-2-2b-it
medqa-sonnet,clinical_note,1,medqa_test_1157,medqa_test_1157__clinical_note__correct,78,3.103787422180176,22.282183705665545,gemma-2-2b-it
medqa-sonnet,patient,0,medqa_test_1157,medqa_test_1157__patient__wrong,132,2.457303047180176,11.673286745043,gemma-2-2b-it
medqa-sonnet,clinical_note,0,medqa_test_1157,medqa_test_1157__clinical_note__wrong,77,3.387441635131836,29.590152942811702,gemma-2-2b-it
medqa-sonnet,patient,1,medqa_test_1157,medqa_test_1157__patient__correct,150,2.18244743347168,8.867983520767119,gemma-2-2b-it
medqa-sonnet,colloquial,1,medqa_test_631,medqa_test_631__colloquial__correct,219,3.328230381011963,27.88894520264752,gemma-2-2b-it
medqa-sonnet,colloquial,0,medqa_test_631,medqa_test_631__colloquial__wrong,181,3.436499834060669,31.07798945511601,gemma-2-2b-it
medqa-sonnet,textbook,0,medqa_test_473,medqa_test_473__textbook__wrong,180,1.6635197401046753,5.277854867675692,gemma-2-2b-it
medqa-sonnet,colloquial,0,medqa_test_1157,medqa_test_1157__colloquial__wrong,126,3.562753200531006,35.260141871056206,gemma-2-2b-it
medqa-sonnet,textbook,1,medqa_test_473,medqa_test_473__textbook__correct,227,1.7251367568969729,5.613288633139708,gemma-2-2b-it
medqa-sonnet,colloquial,1,medqa_test_1157,medqa_test_1157__colloquial__correct,141,3.5517337322235107,34.873726809599994,gemma-2-2b-it
medqa-sonnet,clinical_note,1,medqa_test_473,medqa_test_473__clinical_note__correct,115,3.15922474861145,23.552329873152622,gemma-2-2b-it
medqa-sonnet,patient,1,medqa_test_473,medqa_test_473__patient__correct,145,2.2890214920043945,9.86527970167174,gemma-2-2b-it
medqa-sonnet,patient,0,medqa_test_473,medqa_test_473__patient__wrong,136,2.424071311950684,11.291738046247676,gemma-2-2b-it
medqa-sonnet,clinical_note,0,medqa_test_473,medqa_test_473__clinical_note__wrong,117,3.148157835006714,23.29311527169359,gemma-2-2b-it
medqa-sonnet,colloquial,1,medqa_test_473,medqa_test_473__colloquial__correct,108,3.929288148880005,50.870752375169815,gemma-2-2b-it
medqa-sonnet,colloquial,0,medqa_test_473,medqa_test_473__colloquial__wrong,122,3.8125195503234863,45.26434110011937,gemma-2-2b-it
medqa-sonnet,textbook,0,medqa_test_812,medqa_test_812__textbook__wrong,218,1.580099105834961,4.855436989530199,gemma-2-2b-it
medqa-sonnet,clinical_note,1,medqa_test_812,medqa_test_812__clinical_note__correct,120,3.289555788040161,26.830942382808363,gemma-2-2b-it
medqa-sonnet,textbook,1,medqa_test_812,medqa_test_812__textbook__correct,204,1.6483076810836792,5.198175408764607,gemma-2-2b-it
medqa-sonnet,clinical_note,0,medqa_test_812,medqa_test_812__clinical_note__wrong,125,2.92327094078064,18.602034208372157,gemma-2-2b-it
medqa-sonnet,patient,0,medqa_test_812,medqa_test_812__patient__wrong,185,2.1569719314575195,8.644920572890863,gemma-2-2b-it
medqa-sonnet,textbook,0,medqa_test_299,medqa_test_299__textbook__wrong,77,1.8176687955856323,6.157487343721725,gemma-2-2b-it
medqa-sonnet,patient,1,medqa_test_812,medqa_test_812__patient__correct,254,2.14955997467041,8.581081673020277,gemma-2-2b-it
medqa-sonnet,colloquial,1,medqa_test_812,medqa_test_812__colloquial__correct,137,4.0398454666137695,56.81756191677591,gemma-2-2b-it
medqa-sonnet,textbook,1,medqa_test_299,medqa_test_299__textbook__correct,139,1.5560030937194824,4.7398386437256965,gemma-2-2b-it
medqa-sonnet,patient,0,medqa_test_299,medqa_test_299__patient__wrong,105,2.356391668319702,10.552804651328383,gemma-2-2b-it
medqa-sonnet,clinical_note,1,medqa_test_299,medqa_test_299__clinical_note__correct,87,3.079028844833374,21.7372818686072,gemma-2-2b-it
medqa-sonnet,patient,1,medqa_test_299,medqa_test_299__patient__correct,111,2.287527322769165,9.850550311086034,gemma-2-2b-it
medqa-sonnet,colloquial,0,medqa_test_812,medqa_test_812__colloquial__wrong,145,3.577208995819092,35.77355723681529,gemma-2-2b-it
medqa-sonnet,clinical_note,0,medqa_test_299,medqa_test_299__clinical_note__wrong,38,4.627976894378662,102.3068769825143,gemma-2-2b-it
medqa-sonnet,colloquial,1,medqa_test_299,medqa_test_299__colloquial__correct,85,3.498156785964966,33.054469312165935,gemma-2-2b-it
medqa-sonnet,colloquial,0,medqa_test_299,medqa_test_299__colloquial__wrong,79,3.2339916229248047,25.380765488550484,gemma-2-2b-it
medqa-sonnet,clinical_note,0,medqa_test_717,medqa_test_717__clinical_note__wrong,167,2.705494880676269,14.96171912439267,gemma-2-2b-it
medqa-sonnet,clinical_note,1,medqa_test_717,medqa_test_717__clinical_note__correct,190,2.795991897583008,16.378866857005768,gemma-2-2b-it
medqa-sonnet,patient,1,medqa_test_717,medqa_test_717__patient__correct,225,2.314741849899292,10.12230950621304,gemma-2-2b-it
medqa-sonnet,textbook,0,medqa_test_717,medqa_test_717__textbook__wrong,363,1.6929365396499634,5.4354186148028125,gemma-2-2b-it
medqa-sonnet,textbook,1,medqa_test_717,medqa_test_717__textbook__correct,411,1.684901237487793,5.391918386646684,gemma-2-2b-it
medqa-sonnet,patient,0,medqa_test_717,medqa_test_717__patient__wrong,251,2.2841084003448486,9.816929549872324,gemma-2-2b-it
medqa-sonnet,colloquial,0,medqa_test_717,medqa_test_717__colloquial__wrong,127,4.575900554656982,97.11545754605568,gemma-2-2b-it
medqa-sonnet,colloquial,1,medqa_test_717,medqa_test_717__colloquial__correct,144,3.965795755386353,52.76223852435192,gemma-2-2b-it
medqa-sonnet,textbook,1,medqa_test_850,medqa_test_850__textbook__correct,155,2.283574342727661,9.811688143599872,gemma-2-2b-it
medqa-sonnet,patient,0,medqa_test_850,medqa_test_850__patient__wrong,123,2.690046787261963,14.732365191347435,gemma-2-2b-it
medqa-sonnet,clinical_note,0,medqa_test_850,medqa_test_850__clinical_note__wrong,62,5.22194766998291,185.2947258240133,gemma-2-2b-it
medqa-sonnet,clinical_note,1,medqa_test_850,medqa_test_850__clinical_note__correct,68,4.904917240142822,134.95174095783497,gemma-2-2b-it
medqa-sonnet,textbook,0,medqa_test_850,medqa_test_850__textbook__wrong,159,2.365001678466797,10.644056683190742,gemma-2-2b-it
medqa-sonnet,patient,1,medqa_test_850,medqa_test_850__patient__correct,164,2.619948625564575,13.735017938159851,gemma-2-2b-it
medqa-sonnet,colloquial,0,medqa_test_850,medqa_test_850__colloquial__wrong,92,4.5810546875,97.61729567460137,gemma-2-2b-it
medqa-sonnet,colloquial,1,medqa_test_850,medqa_test_850__colloquial__correct,102,4.278685569763184,72.14554736719892,gemma-2-2b-it
medqa-sonnet,textbook,1,medqa_test_49,medqa_test_49__textbook__correct,167,2.1403110027313232,8.502081388290307,gemma-2-2b-it
medqa-sonnet,clinical_note,1,medqa_test_49,medqa_test_49__clinical_note__correct,85,4.547293186187744,94.37660237072916,gemma-2-2b-it
medqa-sonnet,textbook,0,medqa_test_49,medqa_test_49__textbook__wrong,165,2.17681097984314,8.81814014477105,gemma-2-2b-it
medqa-sonnet,patient,0,medqa_test_49,medqa_test_49__patient__wrong,113,3.024596691131592,20.58570064112508,gemma-2-2b-it
medqa-sonnet,patient,1,medqa_test_49,medqa_test_49__patient__correct,131,2.780071258544922,16.120169606931263,gemma-2-2b-it
medqa-sonnet,clinical_note,0,medqa_test_49,medqa_test_49__clinical_note__wrong,81,4.781393527984619,119.27044098900258,gemma-2-2b-it
medqa-sonnet,colloquial,0,medqa_test_49,medqa_test_49__colloquial__wrong,103,4.188270092010498,65.90867633919387,gemma-2-2b-it
medqa-sonnet,colloquial,1,medqa_test_49,medqa_test_49__colloquial__correct,110,3.698488712310791,40.386223014295055,gemma-2-2b-it
medqa-sonnet,textbook,1,medqa_test_793,medqa_test_793__textbook__correct,173,2.2700860500335693,9.680233762674936,gemma-2-2b-it
medqa-sonnet,clinical_note,1,medqa_test_793,medqa_test_793__clinical_note__correct,76,4.168618679046631,64.62612100906328,gemma-2-2b-it
medqa-sonnet,textbook,0,medqa_test_793,medqa_test_793__textbook__wrong,161,2.003197431564331,7.412719911682181,gemma-2-2b-it
medqa-sonnet,patient,1,medqa_test_793,medqa_test_793__patient__correct,113,2.612646579742432,13.635089492864626,gemma-2-2b-it
medqa-sonnet,clinical_note,0,medqa_test_793,medqa_test_793__clinical_note__wrong,92,3.799417495727539,44.67515344468398,gemma-2-2b-it
medqa-sonnet,patient,0,medqa_test_793,medqa_test_793__patient__wrong,125,2.7823989391326904,16.157735917020737,gemma-2-2b-it
medqa-sonnet,colloquial,1,medqa_test_793,medqa_test_793__colloquial__correct,92,4.185678482055664,65.73808790230784,gemma-2-2b-it
medqa-sonnet,colloquial,0,medqa_test_793,medqa_test_793__colloquial__wrong,80,4.257016658782959,70.59904791485343,gemma-2-2b-it
medqa-sonnet,textbook,1,medqa_test_100,medqa_test_100__textbook__correct,268,1.6675962209701538,5.299413854598329,gemma-2-2b-it
medqa-sonnet,clinical_note,1,medqa_test_100,medqa_test_100__clinical_note__correct,139,3.5018794536590576,33.177749440324305,gemma-2-2b-it
medqa-sonnet,textbook,0,medqa_test_100,medqa_test_100__textbook__wrong,267,1.6751734018325806,5.339720986204406,gemma-2-2b-it
medqa-sonnet,clinical_note,0,medqa_test_100,medqa_test_100__clinical_note__wrong,127,3.664278507232666,39.02796760626461,gemma-2-2b-it
medqa-sonnet,patient,0,medqa_test_100,medqa_test_100__patient__wrong,193,2.611865997314453,13.624450334512822,gemma-2-2b-it
medqa-sonnet,colloquial,0,medqa_test_100,medqa_test_100__colloquial__wrong,152,3.4259932041168213,30.753173867111432,gemma-2-2b-it
medqa-sonnet,patient,1,medqa_test_100,medqa_test_100__patient__correct,247,2.2302072048187256,9.301793256202012,gemma-2-2b-it
medqa-sonnet,colloquial,1,medqa_test_100,medqa_test_100__colloquial__correct,181,3.6768548488616943,39.521896056291936,gemma-2-2b-it
medqa-sonnet,textbook,1,medqa_test_662,medqa_test_662__textbook__correct,211,1.6231365203857422,5.068964318905023,gemma-2-2b-it
medqa-sonnet,textbook,0,medqa_test_662,medqa_test_662__textbook__wrong,207,1.6491262912750244,5.2024324303135066,gemma-2-2b-it
medqa-sonnet,clinical_note,1,medqa_test_662,medqa_test_662__clinical_note__correct,150,2.9473953247070312,19.056253676953403,gemma-2-2b-it
medqa-sonnet,clinical_note,0,medqa_test_662,medqa_test_662__clinical_note__wrong,107,3.916226863861084,50.210635352044335,gemma-2-2b-it
medqa-sonnet,textbook,1,medqa_test_665,medqa_test_665__textbook__correct,148,2.1254220008850098,8.3764316039249,gemma-2-2b-it
medqa-sonnet,patient,1,medqa_test_662,medqa_test_662__patient__correct,237,2.171487331390381,8.771320203664496,gemma-2-2b-it
medqa-sonnet,patient,0,medqa_test_662,medqa_test_662__patient__wrong,206,2.2687783241271973,9.667582943908364,gemma-2-2b-it
medqa-sonnet,textbook,0,medqa_test_665,medqa_test_665__textbook__wrong,142,2.183300256729126,8.875549569152724,gemma-2-2b-it
medqa-sonnet,colloquial,1,medqa_test_662,medqa_test_662__colloquial__correct,171,3.4728190898895264,32.227466630194314,gemma-2-2b-it
medqa-sonnet,colloquial,0,medqa_test_662,medqa_test_662__colloquial__wrong,185,3.277285575866699,26.503732599023667,gemma-2-2b-it
medqa-sonnet,patient,1,medqa_test_665,medqa_test_665__patient__correct,166,2.6826274394989014,14.623465133868136,gemma-2-2b-it
medqa-sonnet,clinical_note,1,medqa_test_665,medqa_test_665__clinical_note__correct,81,3.802057266235352,44.7932413911449,gemma-2-2b-it
medqa-sonnet,clinical_note,0,medqa_test_665,medqa_test_665__clinical_note__wrong,86,3.921043872833252,50.45308390264924,gemma-2-2b-it
medqa-sonnet,patient,0,medqa_test_665,medqa_test_665__patient__wrong,158,2.69016170501709,14.734058298965136,gemma-2-2b-it
medqa-sonnet,colloquial,1,medqa_test_665,medqa_test_665__colloquial__correct,134,3.834806442260742,46.28446808387492,gemma-2-2b-it
medqa-sonnet,colloquial,0,medqa_test_665,medqa_test_665__colloquial__wrong,111,4.229304313659668,68.66944315908749,gemma-2-2b-it
medqa-sonnet,textbook,0,medqa_test_1254,medqa_test_1254__textbook__wrong,183,2.027250051498413,7.593176776720519,gemma-2-2b-it
medqa-sonnet,textbook,1,medqa_test_1254,medqa_test_1254__textbook__correct,210,1.8534871339797971,6.382035778382034,gemma-2-2b-it
medqa-sonnet,clinical_note,1,medqa_test_1254,medqa_test_1254__clinical_note__correct,98,3.660784721374512,38.89185016602344,gemma-2-2b-it
medqa-sonnet,clinical_note,0,medqa_test_1254,medqa_test_1254__clinical_note__wrong,98,3.799915552139282,44.69740973328626,gemma-2-2b-it
medqa-sonnet,patient,1,medqa_test_1254,medqa_test_1254__patient__correct,186,2.5065560340881348,12.26262519091301,gemma-2-2b-it
medqa-sonnet,patient,0,medqa_test_1254,medqa_test_1254__patient__wrong,191,2.206250667572021,9.081602534025484,gemma-2-2b-it
medqa-sonnet,textbook,1,medqa_test_1150,medqa_test_1150__textbook__correct,166,2.3352198600769043,10.33173121489734,gemma-2-2b-it
medqa-sonnet,colloquial,1,medqa_test_1254,medqa_test_1254__colloquial__correct,149,4.153196811676025,63.637111331819206,gemma-2-2b-it
medqa-sonnet,textbook,0,medqa_test_1150,medqa_test_1150__textbook__wrong,174,2.272998094558716,9.708464118482752,gemma-2-2b-it
medqa-sonnet,colloquial,0,medqa_test_1254,medqa_test_1254__colloquial__wrong,133,4.274419784545898,71.83844543887238,gemma-2-2b-it
medqa-sonnet,patient,1,medqa_test_1150,medqa_test_1150__patient__correct,113,2.633249282836914,13.918923022459044,gemma-2-2b-it
medqa-sonnet,clinical_note,1,medqa_test_1150,medqa_test_1150__clinical_note__correct,91,4.386319160461426,80.34414014981668,gemma-2-2b-it
medqa-sonnet,patient,0,medqa_test_1150,medqa_test_1150__patient__wrong,96,2.389942407608032,10.912865426920115,gemma-2-2b-it
medqa-sonnet,clinical_note,0,medqa_test_1150,medqa_test_1150__clinical_note__wrong,88,4.632606983184815,102.78166521606828,gemma-2-2b-it
medqa-sonnet,colloquial,0,medqa_test_1150,medqa_test_1150__colloquial__wrong,95,3.701082468032837,40.49111097940664,gemma-2-2b-it
medqa-sonnet,colloquial,1,medqa_test_1150,medqa_test_1150__colloquial__correct,99,4.217358589172363,67.85401703509613,gemma-2-2b-it
medqa-sonnet,textbook,0,medqa_test_44,medqa_test_44__textbook__wrong,247,1.9858298301696775,7.2850902655156995,gemma-2-2b-it
medqa-sonnet,clinical_note,1,medqa_test_44,medqa_test_44__clinical_note__correct,141,3.5183756351470947,33.729594772694554,gemma-2-2b-it
medqa-sonnet,clinical_note,0,medqa_test_44,medqa_test_44__clinical_note__wrong,129,3.4846699237823486,32.61166099942465,gemma-2-2b-it
medqa-sonnet,textbook,1,medqa_test_44,medqa_test_44__textbook__correct,279,1.9883770942687988,7.303670969340975,gemma-2-2b-it
medqa-sonnet,patient,1,medqa_test_44,medqa_test_44__patient__correct,207,2.5867695808410645,13.286780330926044,gemma-2-2b-it
medqa-sonnet,patient,0,medqa_test_44,medqa_test_44__patient__wrong,222,2.769514799118042,15.950892744683832,gemma-2-2b-it
medqa-sonnet,textbook,0,medqa_test_289,medqa_test_289__textbook__wrong,121,2.516185998916626,12.381284264561272,gemma-2-2b-it
medqa-sonnet,colloquial,1,medqa_test_44,medqa_test_44__colloquial__correct,190,3.5673439502716064,35.422384480875515,gemma-2-2b-it
medqa-sonnet,colloquial,0,medqa_test_44,medqa_test_44__colloquial__wrong,171,3.767380475997925,43.266578419892205,gemma-2-2b-it
medqa-sonnet,textbook,1,medqa_test_289,medqa_test_289__textbook__correct,160,2.346518993377685,10.449132842384794,gemma-2-2b-it
medqa-sonnet,patient,1,medqa_test_289,medqa_test_289__patient__correct,131,3.1002116203308105,22.202649316317444,gemma-2-2b-it
medqa-sonnet,patient,0,medqa_test_289,medqa_test_289__patient__wrong,130,2.922681331634521,18.591069511626884,gemma-2-2b-it
medqa-sonnet,clinical_note,0,medqa_test_289,medqa_test_289__clinical_note__wrong,79,4.543830394744873,94.05036105843932,gemma-2-2b-it
medqa-sonnet,clinical_note,1,medqa_test_289,medqa_test_289__clinical_note__correct,80,4.271154880523682,71.60428227753991,gemma-2-2b-it
medqa-sonnet,textbook,0,medqa_test_1201,medqa_test_1201__textbook__wrong,130,1.61105477809906,5.008090867485085,gemma-2-2b-it
medqa-sonnet,clinical_note,1,medqa_test_1201,medqa_test_1201__clinical_note__correct,61,3.660765647888184,38.89110836992536,gemma-2-2b-it
medqa-sonnet,textbook,1,medqa_test_1201,medqa_test_1201__textbook__correct,151,1.6905454397201538,5.4224375114769,gemma-2-2b-it
medqa-sonnet,clinical_note,0,medqa_test_1201,medqa_test_1201__clinical_note__wrong,66,3.5242762565612797,33.92920868579886,gemma-2-2b-it
medqa-sonnet,patient,1,medqa_test_1201,medqa_test_1201__patient__correct,130,2.345876693725586,10.442423522922828,gemma-2-2b-it
medqa-sonnet,colloquial,1,medqa_test_289,medqa_test_289__colloquial__correct,111,4.313611507415772,74.70981736625372,gemma-2-2b-it
medqa-sonnet,patient,0,medqa_test_1201,medqa_test_1201__patient__wrong,103,2.5108752250671387,12.315704358028617,gemma-2-2b-it
medqa-sonnet,colloquial,0,medqa_test_289,medqa_test_289__colloquial__wrong,121,4.14020299911499,62.81557166047177,gemma-2-2b-it
medqa-sonnet,textbook,0,medqa_test_861,medqa_test_861__textbook__wrong,138,2.267836570739746,9.65848275066396,gemma-2-2b-it
medqa-sonnet,textbook,1,medqa_test_861,medqa_test_861__textbook__correct,148,2.0137624740600586,7.491450777702931,gemma-2-2b-it
medqa-sonnet,colloquial,0,medqa_test_1201,medqa_test_1201__colloquial__wrong,85,4.208695888519287,67.26875662521985,gemma-2-2b-it
medqa-sonnet,colloquial,1,medqa_test_1201,medqa_test_1201__colloquial__correct,96,4.15435266494751,63.71070902101096,gemma-2-2b-it
medqa-sonnet,clinical_note,1,medqa_test_861,medqa_test_861__clinical_note__correct,75,3.7826571464538574,43.93262219257536,gemma-2-2b-it
medqa-sonnet,clinical_note,0,medqa_test_861,medqa_test_861__clinical_note__wrong,72,3.8767242431640634,48.265848644366834,gemma-2-2b-it
medqa-sonnet,patient,1,medqa_test_861,medqa_test_861__patient__correct,129,2.636122703552246,13.958975460401431,gemma-2-2b-it
medqa-sonnet,patient,0,medqa_test_861,medqa_test_861__patient__wrong,129,2.5187437534332275,12.412993084712388,gemma-2-2b-it
medqa-sonnet,colloquial,1,medqa_test_861,medqa_test_861__colloquial__correct,100,3.769108772277832,43.341420542471134,gemma-2-2b-it
medqa-sonnet,clinical_note,1,medqa_test_898,medqa_test_898__clinical_note__correct,110,3.8167998790740967,45.458502601797136,gemma-2-2b-it
medqa-sonnet,clinical_note,0,medqa_test_898,medqa_test_898__clinical_note__wrong,103,3.50784683227539,33.376325532969325,gemma-2-2b-it
medqa-sonnet,colloquial,0,medqa_test_861,medqa_test_861__colloquial__wrong,107,4.342986106872559,76.93693858356261,gemma-2-2b-it
medqa-sonnet,patient,1,medqa_test_898,medqa_test_898__patient__correct,178,2.370222806930542,10.69977600279534,gemma-2-2b-it
medqa-sonnet,textbook,1,medqa_test_898,medqa_test_898__textbook__correct,272,2.0979232788085938,8.149228651683988,gemma-2-2b-it
medqa-sonnet,patient,0,medqa_test_898,medqa_test_898__patient__wrong,184,2.601505994796753,13.484029630110427,gemma-2-2b-it
medqa-sonnet,textbook,0,medqa_test_898,medqa_test_898__textbook__wrong,234,2.2319529056549072,9.318045586193003,gemma-2-2b-it
medqa-sonnet,colloquial,1,medqa_test_898,medqa_test_898__colloquial__correct,139,3.495102882385254,32.95367813161585,gemma-2-2b-it
medqa-sonnet,textbook,0,medqa_test_328,medqa_test_328__textbook__wrong,215,1.7785931825637815,5.921520058430514,gemma-2-2b-it
medqa-sonnet,colloquial,0,medqa_test_898,medqa_test_898__colloquial__wrong,134,3.3779468536376958,29.31053048399613,gemma-2-2b-it
medqa-sonnet,patient,1,medqa_test_328,medqa_test_328__patient__correct,121,2.035354852676392,7.654968029470191,gemma-2-2b-it
medqa-sonnet,clinical_note,0,medqa_test_328,medqa_test_328__clinical_note__wrong,123,3.32796573638916,27.88156551980376,gemma-2-2b-it
medqa-sonnet,clinical_note,1,medqa_test_328,medqa_test_328__clinical_note__correct,118,3.27594256401062,26.46816166335355,gemma-2-2b-it
medqa-sonnet,patient,0,medqa_test_328,medqa_test_328__patient__wrong,135,2.05964469909668,7.843182625331411,gemma-2-2b-it
medqa-sonnet,textbook,1,medqa_test_328,medqa_test_328__textbook__correct,262,1.7772152423858645,5.913366177098166,gemma-2-2b-it
medqa-sonnet,colloquial,1,medqa_test_328,medqa_test_328__colloquial__correct,110,3.5267152786254883,34.01206377602705,gemma-2-2b-it
medqa-sonnet,colloquial,0,medqa_test_328,medqa_test_328__colloquial__wrong,127,3.301074504852295,27.141787239937447,gemma-2-2b-it
medqa-sonnet,clinical_note,0,medqa_test_1071,medqa_test_1071__clinical_note__wrong,117,3.400559425354004,29.980867414281224,gemma-2-2b-it
medqa-sonnet,clinical_note,1,medqa_test_1071,medqa_test_1071__clinical_note__correct,122,3.232445478439331,25.34155347948062,gemma-2-2b-it
medqa-sonnet,textbook,0,medqa_test_1071,medqa_test_1071__textbook__wrong,275,1.7029387950897217,5.490057862534793,gemma-2-2b-it
medqa-sonnet,patient,1,medqa_test_1071,medqa_test_1071__patient__correct,188,2.3171825408935547,10.14704510956906,gemma-2-2b-it
medqa-sonnet,patient,0,medqa_test_1071,medqa_test_1071__patient__wrong,180,2.499171018600464,12.17239908462045,gemma-2-2b-it
medqa-sonnet,textbook,1,medqa_test_1071,medqa_test_1071__textbook__correct,366,1.5854400396347046,4.881438932578349,gemma-2-2b-it
medqa-sonnet,colloquial,1,medqa_test_1071,medqa_test_1071__colloquial__correct,109,4.00107479095459,54.65686317746341,gemma-2-2b-it
medqa-sonnet,textbook,0,medqa_test_1032,medqa_test_1032__textbook__wrong,299,1.791173219680786,5.996483533580524,gemma-2-2b-it
medqa-sonnet,textbook,1,medqa_test_1032,medqa_test_1032__textbook__correct,301,1.8419793844223025,6.309013873718425,gemma-2-2b-it
medqa-sonnet,colloquial,0,medqa_test_1071,medqa_test_1071__colloquial__wrong,207,3.441081523895264,31.2207058549643,gemma-2-2b-it
medqa-sonnet,clinical_note,1,medqa_test_1032,medqa_test_1032__clinical_note__correct,201,3.0276362895965576,20.648368098898768,gemma-2-2b-it
medqa-sonnet,clinical_note,0,medqa_test_1032,medqa_test_1032__clinical_note__wrong,194,3.032955408096313,20.75849183660432,gemma-2-2b-it
medqa-sonnet,colloquial,1,medqa_test_1032,medqa_test_1032__colloquial__correct,142,3.966170072555542,52.781992032924514,gemma-2-2b-it
medqa-sonnet,patient,0,medqa_test_1032,medqa_test_1032__patient__wrong,291,2.256087303161621,9.54566670319942,gemma-2-2b-it
medqa-sonnet,patient,1,medqa_test_1032,medqa_test_1032__patient__correct,303,2.3189237117767334,10.164728239271962,gemma-2-2b-it
medqa-sonnet,textbook,1,medqa_test_892,medqa_test_892__textbook__correct,202,1.767791748046875,5.857903341696381,gemma-2-2b-it
medqa-sonnet,textbook,0,medqa_test_892,medqa_test_892__textbook__wrong,212,1.6510167121887207,5.212276519185959,gemma-2-2b-it
medqa-sonnet,colloquial,0,medqa_test_1032,medqa_test_1032__colloquial__wrong,141,4.158238410949707,63.95875426218534,gemma-2-2b-it
medqa-sonnet,clinical_note,1,medqa_test_892,medqa_test_892__clinical_note__correct,106,3.5860910415649414,36.092714896940656,gemma-2-2b-it
medqa-sonnet,clinical_note,0,medqa_test_892,medqa_test_892__clinical_note__wrong,99,3.5795631408691406,35.857872585848135,gemma-2-2b-it
medqa-sonnet,patient,1,medqa_test_892,medqa_test_892__patient__correct,168,2.637788772583008,13.98225146144532,gemma-2-2b-it
medqa-sonnet,patient,0,medqa_test_892,medqa_test_892__patient__wrong,200,2.333940029144287,10.31851680361092,gemma-2-2b-it
medqa-sonnet,colloquial,1,medqa_test_892,medqa_test_892__colloquial__correct,122,3.826559543609619,45.904334382966375,gemma-2-2b-it
medqa-sonnet,textbook,1,medqa_test_623,medqa_test_623__textbook__correct,136,2.310737133026123,10.081853583864,gemma-2-2b-it
medqa-sonnet,colloquial,0,medqa_test_892,medqa_test_892__colloquial__wrong,98,4.079560279846191,59.11946811194586,gemma-2-2b-it
medqa-sonnet,clinical_note,1,medqa_test_623,medqa_test_623__clinical_note__correct,54,4.673720836639404,107.09548681388394,gemma-2-2b-it
medqa-sonnet,clinical_note,0,medqa_test_623,medqa_test_623__clinical_note__wrong,44,5.415189743041992,224.79519495640216,gemma-2-2b-it
medqa-sonnet,textbook,0,medqa_test_623,medqa_test_623__textbook__wrong,110,2.687485456466675,14.694679014680911,gemma-2-2b-it
medqa-sonnet,patient,1,medqa_test_623,medqa_test_623__patient__correct,153,2.129662275314331,8.412025383028556,gemma-2-2b-it
medqa-sonnet,patient,0,medqa_test_623,medqa_test_623__patient__wrong,123,2.5606093406677246,12.94370203710048,gemma-2-2b-it
medqa-sonnet,colloquial,0,medqa_test_623,medqa_test_623__colloquial__wrong,102,3.4460949897766118,31.377622818808547,gemma-2-2b-it
medqa-sonnet,colloquial,1,medqa_test_623,medqa_test_623__colloquial__correct,129,2.8158531188964844,16.707423120505297,gemma-2-2b-it
medqa-sonnet,textbook,1,medqa_test_1173,medqa_test_1173__textbook__correct,294,1.6397541761398315,5.1539024043144215,gemma-2-2b-it
medqa-sonnet,patient,1,medqa_test_1173,medqa_test_1173__patient__correct,158,2.4008092880249023,11.032100916055567,gemma-2-2b-it
medqa-sonnet,textbook,0,medqa_test_1173,medqa_test_1173__textbook__wrong,280,1.6505519151687622,5.20985443152581,gemma-2-2b-it
medqa-sonnet,clinical_note,0,medqa_test_1173,medqa_test_1173__clinical_note__wrong,138,3.038511276245117,20.87414425752412,gemma-2-2b-it
medqa-sonnet,patient,0,medqa_test_1173,medqa_test_1173__patient__wrong,201,2.466549634933472,11.781725386388288,gemma-2-2b-it
medqa-sonnet,clinical_note,1,medqa_test_1173,medqa_test_1173__clinical_note__correct,151,2.9557015895843506,19.215199175412625,gemma-2-2b-it
medqa-sonnet,colloquial,1,medqa_test_1173,medqa_test_1173__colloquial__correct,172,3.6163909435272217,37.203057305256486,gemma-2-2b-it
medqa-sonnet,colloquial,0,medqa_test_1173,medqa_test_1173__colloquial__wrong,147,3.700498819351196,40.46748529108692,gemma-2-2b-it
medqa-sonnet,patient,0,medqa_test_246,medqa_test_246__patient__wrong,159,2.464787244796753,11.760979676161044,gemma-2-2b-it
medqa-sonnet,patient,1,medqa_test_246,medqa_test_246__patient__correct,134,2.6117234230041504,13.6225079763716,gemma-2-2b-it
medqa-sonnet,textbook,0,medqa_test_246,medqa_test_246__textbook__wrong,227,2.031041145324707,7.622017857399219,gemma-2-2b-it
medqa-sonnet,clinical_note,1,medqa_test_246,medqa_test_246__clinical_note__correct,127,3.345156669616699,28.36501925525119,gemma-2-2b-it
medqa-sonnet,textbook,1,medqa_test_246,medqa_test_246__textbook__correct,219,2.015719175338745,7.506123659560745,gemma-2-2b-it
medqa-sonnet,clinical_note,0,medqa_test_246,medqa_test_246__clinical_note__wrong,132,3.03668212890625,20.83599727096976,gemma-2-2b-it
medqa-sonnet,clinical_note,0,medqa_test_272,medqa_test_272__clinical_note__wrong,67,5.208139419555664,182.75371368691825,gemma-2-2b-it
medqa-sonnet,textbook,0,medqa_test_272,medqa_test_272__textbook__wrong,122,2.611624240875244,13.621156934030198,gemma-2-2b-it
medqa-sonnet,clinical_note,1,medqa_test_272,medqa_test_272__clinical_note__correct,76,3.578130960464477,35.806554400599175,gemma-2-2b-it
medqa-sonnet,patient,0,medqa_test_272,medqa_test_272__patient__wrong,144,2.3245270252227783,10.221844267755833,gemma-2-2b-it
medqa-sonnet,colloquial,0,medqa_test_246,medqa_test_246__colloquial__wrong,125,4.55237340927124,94.85727649673406,gemma-2-2b-it
medqa-sonnet,textbook,1,medqa_test_272,medqa_test_272__textbook__correct,163,2.075469493865967,7.968286642670431,gemma-2-2b-it
medqa-sonnet,patient,1,medqa_test_272,medqa_test_272__patient__correct,149,2.3054566383361816,10.028756721776483,gemma-2-2b-it
medqa-sonnet,colloquial,1,medqa_test_246,medqa_test_246__colloquial__correct,143,4.1421332359313965,62.936937684436,gemma-2-2b-it
medqa-sonnet,colloquial,0,medqa_test_272,medqa_test_272__colloquial__wrong,105,4.016371250152588,55.49934673555571,gemma-2-2b-it
medqa-sonnet,textbook,1,medqa_test_581,medqa_test_581__textbook__correct,192,2.029319524765014,7.60890692401419,gemma-2-2b-it
medqa-sonnet,colloquial,1,medqa_test_272,medqa_test_272__colloquial__correct,114,4.148036003112793,63.30953838041128,gemma-2-2b-it
medqa-sonnet,clinical_note,1,medqa_test_581,medqa_test_581__clinical_note__correct,113,3.814422607421875,45.35056374303797,gemma-2-2b-it
medqa-sonnet,clinical_note,0,medqa_test_581,medqa_test_581__clinical_note__wrong,112,3.709120273590088,40.81788215856774,gemma-2-2b-it
medqa-sonnet,patient,0,medqa_test_581,medqa_test_581__patient__wrong,189,2.3009040355682373,9.983203547597936,gemma-2-2b-it
medqa-sonnet,patient,1,medqa_test_581,medqa_test_581__patient__correct,204,2.266401052474976,9.644627769184158,gemma-2-2b-it
medqa-sonnet,textbook,0,medqa_test_581,medqa_test_581__textbook__wrong,191,2.324688196182251,10.223491864972893,gemma-2-2b-it
medqa-sonnet,colloquial,1,medqa_test_581,medqa_test_581__colloquial__correct,175,3.668959856033325,39.21109945319153,gemma-2-2b-it
medqa-sonnet,textbook,0,medqa_test_489,medqa_test_489__textbook__wrong,124,2.181816577911377,8.862390868317796,gemma-2-2b-it
medqa-sonnet,patient,0,medqa_test_489,medqa_test_489__patient__wrong,128,2.3873066902160645,10.884140070308783,gemma-2-2b-it
medqa-sonnet,clinical_note,1,medqa_test_489,medqa_test_489__clinical_note__correct,98,3.5638344287872314,35.29828675071045,gemma-2-2b-it
medqa-sonnet,textbook,1,medqa_test_489,medqa_test_489__textbook__correct,161,2.247746706008911,9.46638124632948,gemma-2-2b-it
medqa-sonnet,clinical_note,0,medqa_test_489,medqa_test_489__clinical_note__wrong,74,4.3490095138549805,77.4017595742701,gemma-2-2b-it
medqa-sonnet,patient,1,medqa_test_489,medqa_test_489__patient__correct,130,2.6250600814819336,13.805403610257924,gemma-2-2b-it
medqa-sonnet,colloquial,0,medqa_test_581,medqa_test_581__colloquial__wrong,174,3.56046199798584,35.17944622459532,gemma-2-2b-it
medqa-sonnet,colloquial,0,medqa_test_489,medqa_test_489__colloquial__wrong,114,3.74906063079834,42.48115775994725,gemma-2-2b-it
medqa-sonnet,colloquial,1,medqa_test_489,medqa_test_489__colloquial__correct,120,3.464336633682251,31.955254700899143,gemma-2-2b-it
medqa-sonnet,textbook,0,medqa_test_1185,medqa_test_1185__textbook__wrong,203,1.957772970199585,7.083534244288242,gemma-2-2b-it
medqa-sonnet,clinical_note,0,medqa_test_1185,medqa_test_1185__clinical_note__wrong,110,3.610713243484497,36.99242801599232,gemma-2-2b-it
medqa-sonnet,textbook,1,medqa_test_1185,medqa_test_1185__textbook__correct,201,1.98042094707489,7.245792438418982,gemma-2-2b-it
medqa-sonnet,clinical_note,1,medqa_test_1185,medqa_test_1185__clinical_note__correct,119,3.238853693008423,25.50446903309021,gemma-2-2b-it
medqa-sonnet,patient,1,medqa_test_1185,medqa_test_1185__patient__correct,204,2.5300934314727783,12.554679084029358,gemma-2-2b-it
medqa-sonnet,patient,0,medqa_test_1185,medqa_test_1185__patient__wrong,185,2.7065508365631104,14.97752638419504,gemma-2-2b-it
medqa-sonnet,textbook,0,medqa_test_1138,medqa_test_1138__textbook__wrong,169,2.6109871864318848,13.612482278888857,gemma-2-2b-it
medqa-sonnet,textbook,1,medqa_test_1138,medqa_test_1138__textbook__correct,179,2.622831106185913,13.774665976098891,gemma-2-2b-it
medqa-sonnet,clinical_note,0,medqa_test_1138,medqa_test_1138__clinical_note__wrong,60,4.6025166511535645,99.73499826770644,gemma-2-2b-it
medqa-sonnet,colloquial,0,medqa_test_1185,medqa_test_1185__colloquial__wrong,156,3.926428079605103,50.72546636237763,gemma-2-2b-it
medqa-sonnet,clinical_note,1,medqa_test_1138,medqa_test_1138__clinical_note__correct,91,4.053164482116699,57.57937796274307,gemma-2-2b-it
medqa-sonnet,patient,1,medqa_test_1138,medqa_test_1138__patient__correct,212,2.50274395942688,12.21596813473442,gemma-2-2b-it
medqa-sonnet,colloquial,1,medqa_test_1185,medqa_test_1185__colloquial__correct,170,3.7367193698883057,41.96010852381472,gemma-2-2b-it
medqa-sonnet,patient,0,medqa_test_1138,medqa_test_1138__patient__wrong,188,2.595815896987915,13.407522056870311,gemma-2-2b-it
medqa-sonnet,colloquial,1,medqa_test_1138,medqa_test_1138__colloquial__correct,128,4.167197227478027,64.5343233663904,gemma-2-2b-it
medqa-sonnet,colloquial,0,medqa_test_1138,medqa_test_1138__colloquial__wrong,141,3.949607133865357,51.91496719543786,gemma-2-2b-it
medqa-sonnet,textbook,0,medqa_test_214,medqa_test_214__textbook__wrong,153,2.03175687789917,7.6274751366061775,gemma-2-2b-it
medqa-sonnet,clinical_note,1,medqa_test_214,medqa_test_214__clinical_note__correct,73,4.081957340240479,59.261351030513616,gemma-2-2b-it
medqa-sonnet,clinical_note,0,medqa_test_214,medqa_test_214__clinical_note__wrong,70,4.008904933929443,55.08651414977424,gemma-2-2b-it
medqa-sonnet,textbook,1,medqa_test_214,medqa_test_214__textbook__correct,196,2.2259793281555176,9.262549439034249,gemma-2-2b-it
medqa-sonnet,patient,1,medqa_test_214,medqa_test_214__patient__correct,198,2.313652276992798,10.11128651828893,gemma-2-2b-it
medqa-sonnet,patient,0,medqa_test_214,medqa_test_214__patient__wrong,161,2.357407569885254,10.563530709481777,gemma-2-2b-it
medqa-sonnet,textbook,0,medqa_test_848,medqa_test_848__textbook__wrong,197,2.0789995193481445,7.996464602766296,gemma-2-2b-it
medqa-sonnet,colloquial,0,medqa_test_214,medqa_test_214__colloquial__wrong,122,3.342287540435791,28.28375298824596,gemma-2-2b-it
medqa-sonnet,colloquial,1,medqa_test_214,medqa_test_214__colloquial__correct,133,3.717396974563599,41.15712151833988,gemma-2-2b-it
medqa-sonnet,textbook,1,medqa_test_848,medqa_test_848__textbook__correct,239,1.9893966913223269,7.311121568400219,gemma-2-2b-it
medqa-sonnet,clinical_note,1,medqa_test_848,medqa_test_848__clinical_note__correct,96,4.327952861785889,75.78897714217854,gemma-2-2b-it
medqa-sonnet,clinical_note,0,medqa_test_848,medqa_test_848__clinical_note__wrong,97,4.574963092803955,97.0244581701532,gemma-2-2b-it
medqa-sonnet,patient,0,medqa_test_848,medqa_test_848__patient__wrong,115,2.8482940196990967,17.258314367912018,gemma-2-2b-it
medqa-sonnet,patient,1,medqa_test_848,medqa_test_848__patient__correct,150,2.557539463043213,12.904027385159877,gemma-2-2b-it
medqa-sonnet,clinical_note,0,medqa_test_455,medqa_test_455__clinical_note__wrong,53,4.41878080368042,82.99503640678036,gemma-2-2b-it
medqa-sonnet,colloquial,1,medqa_test_848,medqa_test_848__colloquial__correct,121,3.9241015911102295,50.607591319121504,gemma-2-2b-it
medqa-sonnet,textbook,0,medqa_test_455,medqa_test_455__textbook__wrong,101,2.2240242958068848,9.244458545153677,gemma-2-2b-it
medqa-sonnet,clinical_note,1,medqa_test_455,medqa_test_455__clinical_note__correct,69,4.3770904541015625,79.60607858767885,gemma-2-2b-it
medqa-sonnet,textbook,1,medqa_test_455,medqa_test_455__textbook__correct,137,2.3261375427246094,10.238319990508788,gemma-2-2b-it
medqa-sonnet,colloquial,0,medqa_test_848,medqa_test_848__colloquial__wrong,120,3.747391700744629,42.41031880811556,gemma-2-2b-it
medqa-sonnet,patient,1,medqa_test_455,medqa_test_455__patient__correct,145,2.412208080291748,11.158572987701318,gemma-2-2b-it
medqa-sonnet,patient,0,medqa_test_455,medqa_test_455__patient__wrong,140,2.248899221420288,9.47729768608002,gemma-2-2b-it
medqa-sonnet,textbook,0,medqa_test_835,medqa_test_835__textbook__wrong,122,1.960307002067566,7.101506907834946,gemma-2-2b-it
medqa-sonnet,textbook,1,medqa_test_835,medqa_test_835__textbook__correct,167,1.965909719467163,7.141406312323104,gemma-2-2b-it
medqa-sonnet,clinical_note,1,medqa_test_835,medqa_test_835__clinical_note__correct,67,4.563097953796387,95.88005218080608,gemma-2-2b-it
medqa-sonnet,colloquial,1,medqa_test_455,medqa_test_455__colloquial__correct,115,4.11544942855835,61.2797489440764,gemma-2-2b-it
medqa-sonnet,colloquial,0,medqa_test_455,medqa_test_455__colloquial__wrong,119,3.998065710067749,54.492643454268126,gemma-2-2b-it
medqa-sonnet,clinical_note,0,medqa_test_835,medqa_test_835__clinical_note__wrong,67,4.4361724853515625,84.45108452211903,gemma-2-2b-it
medqa-sonnet,patient,0,medqa_test_835,medqa_test_835__patient__wrong,145,2.3633575439453125,10.62657080065978,gemma-2-2b-it
medqa-sonnet,patient,1,medqa_test_835,medqa_test_835__patient__correct,140,2.3088035583496094,10.062378401509308,gemma-2-2b-it
medqa-sonnet,colloquial,0,medqa_test_835,medqa_test_835__colloquial__wrong,81,4.717389106750488,111.8757753138296,gemma-2-2b-it
medqa-sonnet,textbook,0,medqa_test_78,medqa_test_78__textbook__wrong,134,2.1435673236846924,8.52981201947617,gemma-2-2b-it
medqa-sonnet,textbook,1,medqa_test_78,medqa_test_78__textbook__correct,129,2.1145474910736084,8.285835503141698,gemma-2-2b-it
medqa-sonnet,clinical_note,1,medqa_test_78,medqa_test_78__clinical_note__correct,54,4.419257640838623,83.03462096102866,gemma-2-2b-it
medqa-sonnet,clinical_note,0,medqa_test_78,medqa_test_78__clinical_note__wrong,58,4.0998616218566895,60.33193839808409,gemma-2-2b-it
medqa-sonnet,patient,1,medqa_test_78,medqa_test_78__patient__correct,143,2.551410436630249,12.825180135744109,gemma-2-2b-it
medqa-sonnet,patient,0,medqa_test_78,medqa_test_78__patient__wrong,148,2.705676555633545,14.964437541001995,gemma-2-2b-it
medqa-sonnet,colloquial,0,medqa_test_78,medqa_test_78__colloquial__wrong,104,4.053416252136231,57.59387654893542,gemma-2-2b-it
medqa-sonnet,textbook,0,medqa_test_860,medqa_test_860__textbook__wrong,154,2.000841856002808,7.395279239289112,gemma-2-2b-it
medqa-sonnet,colloquial,1,medqa_test_835,medqa_test_835__colloquial__correct,103,4.214843273162842,67.68355720977353,gemma-2-2b-it
medqa-sonnet,colloquial,1,medqa_test_78,medqa_test_78__colloquial__correct,114,4.025062561035156,55.98381107726236,gemma-2-2b-it
medqa-sonnet,textbook,1,medqa_test_860,medqa_test_860__textbook__correct,205,2.059199810028076,7.839694055189241,gemma-2-2b-it
medqa-sonnet,patient,1,medqa_test_860,medqa_test_860__patient__correct,155,2.386702060699463,10.877561187053375,gemma-2-2b-it
medqa-sonnet,clinical_note,0,medqa_test_860,medqa_test_860__clinical_note__wrong,88,3.430523633956909,30.892815042107337,gemma-2-2b-it
medqa-sonnet,clinical_note,1,medqa_test_860,medqa_test_860__clinical_note__correct,108,3.389754295349121,29.658664103328206,gemma-2-2b-it
medqa-sonnet,patient,0,medqa_test_860,medqa_test_860__patient__wrong,164,2.442005157470703,11.496069076153514,gemma-2-2b-it
medqa-sonnet,colloquial,1,medqa_test_860,medqa_test_860__colloquial__correct,166,3.185932874679565,24.18984397639723,gemma-2-2b-it
medqa-sonnet,textbook,1,medqa_test_22,medqa_test_22__textbook__correct,203,1.9304912090301516,6.892895262533645,gemma-2-2b-it
medqa-sonnet,textbook,0,medqa_test_22,medqa_test_22__textbook__wrong,205,1.9725980758666992,7.189330671877943,gemma-2-2b-it
medqa-sonnet,colloquial,0,medqa_test_860,medqa_test_860__colloquial__wrong,133,3.5641191005706787,35.30833660733985,gemma-2-2b-it
medqa-sonnet,patient,0,medqa_test_22,medqa_test_22__patient__wrong,131,2.4519035816192627,11.6104270922643,gemma-2-2b-it
medqa-sonnet,patient,1,medqa_test_22,medqa_test_22__patient__correct,181,2.092698335647583,8.106760438787376,gemma-2-2b-it
medqa-sonnet,clinical_note,1,medqa_test_22,medqa_test_22__clinical_note__correct,135,4.03693962097168,56.65269850191172,gemma-2-2b-it
medqa-sonnet,clinical_note,0,medqa_test_22,medqa_test_22__clinical_note__wrong,130,3.838513374328613,46.4563598615956,gemma-2-2b-it
medqa-sonnet,textbook,0,medqa_test_603,medqa_test_603__textbook__wrong,149,1.999511957168579,7.3854508029116,gemma-2-2b-it
medqa-sonnet,colloquial,1,medqa_test_22,medqa_test_22__colloquial__correct,129,3.5507888793945312,34.8407918319705,gemma-2-2b-it
medqa-sonnet,colloquial,0,medqa_test_22,medqa_test_22__colloquial__wrong,105,4.451761245727539,85.77788697630221,gemma-2-2b-it
medqa-sonnet,textbook,1,medqa_test_603,medqa_test_603__textbook__correct,213,2.087468147277832,8.06447124125986,gemma-2-2b-it
medqa-sonnet,patient,0,medqa_test_603,medqa_test_603__patient__wrong,130,2.1334903240203857,8.44428873936228,gemma-2-2b-it
medqa-sonnet,clinical_note,1,medqa_test_603,medqa_test_603__clinical_note__correct,85,3.439469337463379,31.170412808367978,gemma-2-2b-it
medqa-sonnet,patient,1,medqa_test_603,medqa_test_603__patient__correct,152,1.912719488143921,6.771478737730805,gemma-2-2b-it
medqa-sonnet,clinical_note,0,medqa_test_603,medqa_test_603__clinical_note__wrong,79,3.6095163822174072,36.94817969655626,gemma-2-2b-it
medqa-sonnet,colloquial,1,medqa_test_603,medqa_test_603__colloquial__correct,93,3.776261568069458,43.65254424861095,gemma-2-2b-it
medqa-sonnet,colloquial,0,medqa_test_603,medqa_test_603__colloquial__wrong,94,3.7870395183563232,44.12557376564416,gemma-2-2b-it
medqa-sonnet,textbook,1,medqa_test_356,medqa_test_356__textbook__correct,160,2.6559998989105225,14.23921672081925,gemma-2-2b-it
medqa-sonnet,clinical_note,1,medqa_test_356,medqa_test_356__clinical_note__correct,66,4.771768093109131,118.12791858530336,gemma-2-2b-it
medqa-sonnet,clinical_note,0,medqa_test_356,medqa_test_356__clinical_note__wrong,63,5.071549892425537,159.42122170801588,gemma-2-2b-it
medqa-sonnet,textbook,0,medqa_test_356,medqa_test_356__textbook__wrong,137,3.010025978088379,20.287926959954813,gemma-2-2b-it
medqa-sonnet,patient,0,medqa_test_356,medqa_test_356__patient__wrong,142,2.9805986881256104,19.699607035838213,gemma-2-2b-it
medqa-sonnet,colloquial,1,medqa_test_356,medqa_test_356__colloquial__correct,101,4.033840179443359,56.47737861270756,gemma-2-2b-it
medqa-sonnet,colloquial,0,medqa_test_356,medqa_test_356__colloquial__wrong,89,4.502210140228272,90.21630179993488,gemma-2-2b-it
medqa-sonnet,patient,1,medqa_test_356,medqa_test_356__patient__correct,157,2.9540512561798096,19.18351384321113,gemma-2-2b-it
medqa-sonnet,textbook,0,medqa_test_1236,medqa_test_1236__textbook__wrong,236,1.9719356298446653,7.184569705489001,gemma-2-2b-it
medqa-sonnet,textbook,1,medqa_test_1236,medqa_test_1236__textbook__correct,314,1.7231361865997314,5.602070080124028,gemma-2-2b-it
medqa-sonnet,patient,0,medqa_test_1236,medqa_test_1236__patient__wrong,224,2.643933057785034,14.068426874238286,gemma-2-2b-it
medqa-sonnet,clinical_note,0,medqa_test_1236,medqa_test_1236__clinical_note__wrong,173,3.1642956733703613,23.67206529391555,gemma-2-2b-it
medqa-sonnet,clinical_note,1,medqa_test_1236,medqa_test_1236__clinical_note__correct,215,3.013493299484253,20.35839381820575,gemma-2-2b-it
medqa-sonnet,colloquial,0,medqa_test_1236,medqa_test_1236__colloquial__wrong,147,3.724578619003296,41.453761236781446,gemma-2-2b-it
medqa-sonnet,patient,1,medqa_test_1236,medqa_test_1236__patient__correct,302,2.1666817665100098,8.729270173337095,gemma-2-2b-it
medqa-sonnet,colloquial,1,medqa_test_1236,medqa_test_1236__colloquial__correct,180,3.747875213623047,42.430829701678086,gemma-2-2b-it
medqa-sonnet,textbook,1,medqa_test_185,medqa_test_185__textbook__correct,206,2.54513955116272,12.745006542451678,gemma-2-2b-it
medqa-sonnet,textbook,0,medqa_test_185,medqa_test_185__textbook__wrong,170,2.557717084884644,12.90631962583588,gemma-2-2b-it
medqa-sonnet,patient,1,medqa_test_185,medqa_test_185__patient__correct,140,2.5982213020324707,13.439811396962902,gemma-2-2b-it
medqa-sonnet,patient,0,medqa_test_185,medqa_test_185__patient__wrong,113,2.6253371238708496,13.809228822102508,gemma-2-2b-it
medqa-sonnet,clinical_note,1,medqa_test_185,medqa_test_185__clinical_note__correct,108,4.139416694641113,62.76619890899752,gemma-2-2b-it
medqa-sonnet,clinical_note,0,medqa_test_185,medqa_test_185__clinical_note__wrong,104,4.393828392028809,80.94973382916066,gemma-2-2b-it
medqa-sonnet,colloquial,1,medqa_test_185,medqa_test_185__colloquial__correct,118,3.75512957572937,42.7397574870199,gemma-2-2b-it
medqa-sonnet,textbook,1,medqa_test_1193,medqa_test_1193__textbook__correct,155,2.1470694541931152,8.559736904221088,gemma-2-2b-it
medqa-sonnet,colloquial,0,medqa_test_185,medqa_test_185__colloquial__wrong,107,3.5764522552490234,35.74649617511155,gemma-2-2b-it
medqa-sonnet,textbook,0,medqa_test_1193,medqa_test_1193__textbook__wrong,147,2.0858113765716557,8.051121323476561,gemma-2-2b-it
medqa-sonnet,clinical_note,0,medqa_test_1193,medqa_test_1193__clinical_note__wrong,84,4.036898136138916,56.65034832293748,gemma-2-2b-it
medqa-sonnet,clinical_note,1,medqa_test_1193,medqa_test_1193__clinical_note__correct,78,4.10838794708252,60.84854738477937,gemma-2-2b-it
medqa-sonnet,patient,0,medqa_test_1193,medqa_test_1193__patient__wrong,136,2.5411746501922607,12.69457389992824,gemma-2-2b-it
medqa-sonnet,patient,1,medqa_test_1193,medqa_test_1193__patient__correct,184,2.260571956634521,9.588571845970428,gemma-2-2b-it
medqa-sonnet,colloquial,0,medqa_test_1193,medqa_test_1193__colloquial__wrong,92,3.9282376766204834,50.81734211888649,gemma-2-2b-it
medqa-sonnet,colloquial,1,medqa_test_1193,medqa_test_1193__colloquial__correct,133,3.42313289642334,30.66533600883735,gemma-2-2b-it
medqa-sonnet,clinical_note,1,medqa_test_711,medqa_test_711__clinical_note__correct,77,4.0271406173706055,56.10026955228125,gemma-2-2b-it
medqa-sonnet,textbook,0,medqa_test_711,medqa_test_711__textbook__wrong,147,2.4458346366882324,11.540177435883628,gemma-2-2b-it
medqa-sonnet,patient,1,medqa_test_711,medqa_test_711__patient__correct,148,2.262746334075928,9.60944370371256,gemma-2-2b-it
medqa-sonnet,clinical_note,0,medqa_test_711,medqa_test_711__clinical_note__wrong,68,3.7565205097198486,42.79924703187723,gemma-2-2b-it
medqa-sonnet,patient,0,medqa_test_711,medqa_test_711__patient__wrong,129,2.361406087875366,10.605853735364056,gemma-2-2b-it
medqa-sonnet,textbook,1,medqa_test_711,medqa_test_711__textbook__correct,200,2.153142213821411,8.611876283646401,gemma-2-2b-it
medqa-sonnet,colloquial,0,medqa_test_711,medqa_test_711__colloquial__wrong,78,4.490058422088623,89.12665269176296,gemma-2-2b-it
medqa-sonnet,colloquial,1,medqa_test_711,medqa_test_711__colloquial__correct,90,4.585737228393555,98.07546451352034,gemma-2-2b-it
medqa-sonnet,textbook,0,medqa_test_263,medqa_test_263__textbook__wrong,124,3.0272891521453857,20.64120152099182,gemma-2-2b-it
medqa-sonnet,clinical_note,0,medqa_test_263,medqa_test_263__clinical_note__wrong,68,5.166231632232666,175.2531731609507,gemma-2-2b-it
medqa-sonnet,clinical_note,1,medqa_test_263,medqa_test_263__clinical_note__correct,66,5.098268985748291,163.73822863751167,gemma-2-2b-it
medqa-sonnet,patient,0,medqa_test_263,medqa_test_263__patient__wrong,143,2.7095956802368164,15.023200110044291,gemma-2-2b-it
medqa-sonnet,textbook,1,medqa_test_263,medqa_test_263__textbook__correct,134,2.9087533950805664,18.333929149145277,gemma-2-2b-it
medqa-sonnet,patient,1,medqa_test_263,medqa_test_263__patient__correct,191,2.154628038406372,8.624681531971856,gemma-2-2b-it
medqa-sonnet,colloquial,0,medqa_test_263,medqa_test_263__colloquial__wrong,109,4.323808670043945,75.47554300314576,gemma-2-2b-it
medqa-sonnet,colloquial,1,medqa_test_263,medqa_test_263__colloquial__correct,142,3.440598487854004,31.20562877048354,gemma-2-2b-it
medqa-sonnet,clinical_note,1,medqa_test_667,medqa_test_667__clinical_note__correct,75,4.69727087020874,109.64752142757578,gemma-2-2b-it
medqa-sonnet,patient,0,medqa_test_667,medqa_test_667__patient__wrong,112,2.5354816913604736,12.62250953768502,gemma-2-2b-it
medqa-sonnet,clinical_note,0,medqa_test_667,medqa_test_667__clinical_note__wrong,64,4.845056056976318,127.11040721911306,gemma-2-2b-it
medqa-sonnet,textbook,0,medqa_test_667,medqa_test_667__textbook__wrong,176,2.0682735443115234,7.9111530656626545,gemma-2-2b-it
medqa-sonnet,patient,1,medqa_test_667,medqa_test_667__patient__correct,139,2.4738714694976807,11.868305807516006,gemma-2-2b-it
medqa-sonnet,textbook,1,medqa_test_667,medqa_test_667__textbook__correct,173,2.2875893115997314,9.85116095410658,gemma-2-2b-it
medqa-sonnet,colloquial,1,medqa_test_667,medqa_test_667__colloquial__correct,84,3.602303028106689,36.68261833820016,gemma-2-2b-it
medqa-sonnet,colloquial,0,medqa_test_667,medqa_test_667__colloquial__wrong,92,3.956007242202759,52.24829413629428,gemma-2-2b-it
medqa-sonnet,patient,0,medqa_test_1187,medqa_test_1187__patient__wrong,139,2.645314693450928,14.08787774848737,gemma-2-2b-it
medqa-sonnet,clinical_note,1,medqa_test_1187,medqa_test_1187__clinical_note__correct,133,3.752502679824829,42.6276319286788,gemma-2-2b-it
medqa-sonnet,clinical_note,0,medqa_test_1187,medqa_test_1187__clinical_note__wrong,136,3.726874828338623,41.54905711809268,gemma-2-2b-it
medqa-sonnet,textbook,0,medqa_test_1187,medqa_test_1187__textbook__wrong,245,1.967297911643982,7.151326840904304,gemma-2-2b-it
medqa-sonnet,patient,1,medqa_test_1187,medqa_test_1187__patient__correct,135,2.7995095252990723,16.436583065573565,gemma-2-2b-it
medqa-sonnet,textbook,1,medqa_test_1187,medqa_test_1187__textbook__correct,253,1.8800220489501955,6.553649361686485,gemma-2-2b-it
medqa-sonnet,colloquial,0,medqa_test_1187,medqa_test_1187__colloquial__wrong,130,3.917057514190674,50.25236015981199,gemma-2-2b-it
medqa-sonnet,colloquial,1,medqa_test_1187,medqa_test_1187__colloquial__correct,164,3.746676206588745,42.37998532586787,gemma-2-2b-it
medqa-sonnet,textbook,0,medqa_test_463,medqa_test_463__textbook__wrong,240,1.7098822593688965,5.528310532532377,gemma-2-2b-it
medqa-sonnet,textbook,1,medqa_test_463,medqa_test_463__textbook__correct,245,1.820500135421753,6.174945986941351,gemma-2-2b-it
medqa-sonnet,clinical_note,0,medqa_test_463,medqa_test_463__clinical_note__wrong,136,2.8936686515808105,18.05944201949084,gemma-2-2b-it
medqa-sonnet,clinical_note,1,medqa_test_463,medqa_test_463__clinical_note__correct,142,3.516049385070801,33.65122249238497,gemma-2-2b-it
medqa-sonnet,patient,1,medqa_test_463,medqa_test_463__patient__correct,185,2.606631278991699,13.55331651988632,gemma-2-2b-it
medqa-sonnet,patient,0,medqa_test_463,medqa_test_463__patient__wrong,191,2.5511250495910645,12.821520517786766,gemma-2-2b-it
medqa-sonnet,colloquial,0,medqa_test_463,medqa_test_463__colloquial__wrong,180,3.5099096298217773,33.445245194602066,gemma-2-2b-it
medqa-sonnet,colloquial,1,medqa_test_463,medqa_test_463__colloquial__correct,179,3.53779411315918,34.39097286266947,gemma-2-2b-it
medqa-sonnet,clinical_note,1,medqa_test_639,medqa_test_639__clinical_note__correct,134,3.984926223754883,53.78132154756082,gemma-2-2b-it
medqa-sonnet,clinical_note,0,medqa_test_639,medqa_test_639__clinical_note__wrong,131,3.805711507797241,44.95722615301377,gemma-2-2b-it
medqa-sonnet,patient,0,medqa_test_639,medqa_test_639__patient__wrong,158,2.926671504974365,18.665399297295917,gemma-2-2b-it
medqa-sonnet,textbook,0,medqa_test_639,medqa_test_639__textbook__wrong,252,2.286756753921509,9.842962707644904,gemma-2-2b-it
medqa-sonnet,textbook,1,medqa_test_639,medqa_test_639__textbook__correct,246,2.2569329738616943,9.553742608139778,gemma-2-2b-it
medqa-sonnet,patient,1,medqa_test_639,medqa_test_639__patient__correct,172,2.7560720443725586,15.737903593395494,gemma-2-2b-it
medqa-sonnet,colloquial,1,medqa_test_639,medqa_test_639__colloquial__correct,125,4.212320804595947,67.5130427133581,gemma-2-2b-it
medqa-sonnet,colloquial,0,medqa_test_639,medqa_test_639__colloquial__wrong,121,4.02281379699707,55.85805814352809,gemma-2-2b-it
medqa-sonnet,textbook,1,medqa_test_1238,medqa_test_1238__textbook__correct,226,1.9079679250717163,6.739379949516868,gemma-2-2b-it
medqa-sonnet,textbook,0,medqa_test_1238,medqa_test_1238__textbook__wrong,240,1.819908142089844,6.171291541902456,gemma-2-2b-it
medqa-sonnet,clinical_note,1,medqa_test_1238,medqa_test_1238__clinical_note__correct,141,3.1715192794799805,23.84368206913976,gemma-2-2b-it
medqa-sonnet,clinical_note,0,medqa_test_1238,medqa_test_1238__clinical_note__wrong,149,3.0695433616638184,21.532068062008264,gemma-2-2b-it
medqa-sonnet,patient,0,medqa_test_1238,medqa_test_1238__patient__wrong,233,2.425175428390503,11.304212325119606,gemma-2-2b-it
medqa-sonnet,patient,1,medqa_test_1238,medqa_test_1238__patient__correct,217,2.372422933578491,10.723342780547686,gemma-2-2b-it
medqa-sonnet,textbook,1,medqa_test_231,medqa_test_231__textbook__correct,196,1.6903820037841797,5.421551362743196,gemma-2-2b-it
medqa-sonnet,textbook,0,medqa_test_231,medqa_test_231__textbook__wrong,179,1.90304172039032,6.706262024273093,gemma-2-2b-it
medqa-sonnet,patient,0,medqa_test_231,medqa_test_231__patient__wrong,121,2.2747836112976074,9.725814228521733,gemma-2-2b-it
medqa-sonnet,patient,1,medqa_test_231,medqa_test_231__patient__correct,134,2.2843897342681885,9.819691773713156,gemma-2-2b-it
medqa-sonnet,clinical_note,1,medqa_test_231,medqa_test_231__clinical_note__correct,112,3.464141607284546,31.94902319036136,gemma-2-2b-it
medqa-sonnet,colloquial,0,medqa_test_1238,medqa_test_1238__colloquial__wrong,209,3.416149854660034,30.45194461444207,gemma-2-2b-it
medqa-sonnet,colloquial,1,medqa_test_1238,medqa_test_1238__colloquial__correct,188,3.5332579612731934,34.235323477778444,gemma-2-2b-it
medqa-sonnet,clinical_note,0,medqa_test_231,medqa_test_231__clinical_note__wrong,113,3.340651273727417,28.237511067218595,gemma-2-2b-it
medqa-sonnet,colloquial,1,medqa_test_231,medqa_test_231__colloquial__correct,97,4.138226509094238,62.691539924059285,gemma-2-2b-it
medqa-sonnet,textbook,0,medqa_test_177,medqa_test_177__textbook__wrong,136,2.2231812477111816,9.236668306215826,gemma-2-2b-it
medqa-sonnet,textbook,1,medqa_test_177,medqa_test_177__textbook__correct,196,2.071462154388428,7.936418908100684,gemma-2-2b-it
medqa-sonnet,clinical_note,0,medqa_test_177,medqa_test_177__clinical_note__wrong,91,4.09525203704834,60.054473202366005,gemma-2-2b-it
medqa-sonnet,colloquial,0,medqa_test_231,medqa_test_231__colloquial__wrong,128,3.809255838394165,45.11685214175321,gemma-2-2b-it
medqa-sonnet,clinical_note,1,medqa_test_177,medqa_test_177__clinical_note__correct,91,3.9507339000701904,51.97349619405519,gemma-2-2b-it
medqa-sonnet,patient,0,medqa_test_177,medqa_test_177__patient__wrong,137,2.6663002967834477,14.386644296303942,gemma-2-2b-it
medqa-sonnet,textbook,0,medqa_test_296,medqa_test_296__textbook__wrong,82,2.5702426433563232,13.068995161091571,gemma-2-2b-it
medqa-sonnet,textbook,1,medqa_test_296,medqa_test_296__textbook__correct,104,2.5546162128448486,12.866360765845698,gemma-2-2b-it
medqa-sonnet,patient,1,medqa_test_177,medqa_test_177__patient__correct,226,2.459082841873169,11.694081298370255,gemma-2-2b-it
medqa-sonnet,colloquial,1,medqa_test_177,medqa_test_177__colloquial__correct,139,3.788732767105103,44.200352629954736,gemma-2-2b-it
medqa-sonnet,patient,1,medqa_test_296,medqa_test_296__patient__correct,101,2.502446174621582,12.212330946618447,gemma-2-2b-it
medqa-sonnet,patient,0,medqa_test_296,medqa_test_296__patient__wrong,86,2.6868178844451904,14.68487253173703,gemma-2-2b-it
medqa-sonnet,clinical_note,1,medqa_test_296,medqa_test_296__clinical_note__correct,57,4.189434051513672,65.98543603328201,gemma-2-2b-it
medqa-sonnet,colloquial,0,medqa_test_177,medqa_test_177__colloquial__wrong,111,4.206758499145508,67.13855701534224,gemma-2-2b-it
medqa-sonnet,clinical_note,0,medqa_test_296,medqa_test_296__clinical_note__wrong,48,4.5313005447387695,92.8792762214076,gemma-2-2b-it
medqa-sonnet,colloquial,0,medqa_test_296,medqa_test_296__colloquial__wrong,74,4.222648620605469,68.21391802254078,gemma-2-2b-it
medqa-sonnet,textbook,0,medqa_test_482,medqa_test_482__textbook__wrong,78,2.1978964805603027,9.006049161014568,gemma-2-2b-it
medqa-sonnet,textbook,1,medqa_test_482,medqa_test_482__textbook__correct,93,1.940616607666016,6.963043112979605,gemma-2-2b-it
medqa-sonnet,patient,1,medqa_test_482,medqa_test_482__patient__correct,71,2.386061191558838,10.870592327065506,gemma-2-2b-it
medqa-sonnet,clinical_note,1,medqa_test_482,medqa_test_482__clinical_note__correct,34,5.514892578125,248.36329616347925,gemma-2-2b-it
medqa-sonnet,clinical_note,0,medqa_test_482,medqa_test_482__clinical_note__wrong,28,4.760819435119629,116.84163081737547,gemma-2-2b-it
medqa-sonnet,patient,0,medqa_test_482,medqa_test_482__patient__wrong,81,2.656045913696289,14.23987195040115,gemma-2-2b-it
medqa-sonnet,colloquial,1,medqa_test_296,medqa_test_296__colloquial__correct,86,3.8970344066619873,49.25615855793363,gemma-2-2b-it
medqa-sonnet,colloquial,1,medqa_test_482,medqa_test_482__colloquial__correct,77,3.869676351547241,47.92687211241399,gemma-2-2b-it
medqa-sonnet,clinical_note,1,medqa_test_1255,medqa_test_1255__clinical_note__correct,74,3.9538004398345943,52.13311960751464,gemma-2-2b-it
medqa-sonnet,colloquial,0,medqa_test_482,medqa_test_482__colloquial__wrong,71,3.932173252105713,51.0177316702083,gemma-2-2b-it
medqa-sonnet,patient,0,medqa_test_1255,medqa_test_1255__patient__wrong,90,2.744328737258911,15.554169492646205,gemma-2-2b-it
medqa-sonnet,textbook,0,medqa_test_1255,medqa_test_1255__textbook__wrong,164,2.0627260208129883,7.867387266271703,gemma-2-2b-it
medqa-sonnet,textbook,1,medqa_test_1255,medqa_test_1255__textbook__correct,172,1.89241361618042,6.635364592625911,gemma-2-2b-it
medqa-sonnet,clinical_note,0,medqa_test_1255,medqa_test_1255__clinical_note__wrong,77,4.39999532699585,81.45048804561011,gemma-2-2b-it
medqa-sonnet,patient,1,medqa_test_1255,medqa_test_1255__patient__correct,145,2.6100854873657227,13.600213448557534,gemma-2-2b-it
medqa-sonnet,textbook,1,medqa_test_857,medqa_test_857__textbook__correct,147,2.2489006519317627,9.477311243472805,gemma-2-2b-it
medqa-sonnet,textbook,0,medqa_test_857,medqa_test_857__textbook__wrong,147,2.3055269718170166,10.029462103950872,gemma-2-2b-it
medqa-sonnet,patient,1,medqa_test_857,medqa_test_857__patient__correct,97,2.72027325630188,15.184470930473314,gemma-2-2b-it
medqa-sonnet,colloquial,1,medqa_test_1255,medqa_test_1255__colloquial__correct,147,3.512714385986328,33.539182626450945,gemma-2-2b-it
medqa-sonnet,colloquial,0,medqa_test_1255,medqa_test_1255__colloquial__wrong,147,3.3588757514953613,28.75684286145939,gemma-2-2b-it
medqa-sonnet,patient,0,medqa_test_857,medqa_test_857__patient__wrong,101,2.9054439067840576,18.273353517657835,gemma-2-2b-it
medqa-sonnet,clinical_note,1,medqa_test_857,medqa_test_857__clinical_note__correct,87,4.591512203216553,98.6434864293286,gemma-2-2b-it
medqa-sonnet,clinical_note,0,medqa_test_857,medqa_test_857__clinical_note__wrong,78,5.231740951538086,187.1182839794044,gemma-2-2b-it
medqa-sonnet,colloquial,1,medqa_test_857,medqa_test_857__colloquial__correct,89,4.252426624298096,70.27573841882848,gemma-2-2b-it
medqa-sonnet,clinical_note,1,medqa_test_1251,medqa_test_1251__clinical_note__correct,66,4.730474472045898,113.3493306806952,gemma-2-2b-it
medqa-sonnet,textbook,0,medqa_test_1251,medqa_test_1251__textbook__wrong,129,2.441556453704834,11.490911903774212,gemma-2-2b-it
medqa-sonnet,colloquial,0,medqa_test_857,medqa_test_857__colloquial__wrong,93,4.323323249816895,75.43891453874238,gemma-2-2b-it
medqa-sonnet,textbook,1,medqa_test_1251,medqa_test_1251__textbook__correct,136,2.268599510192871,9.66585439991522,gemma-2-2b-it
medqa-sonnet,clinical_note,0,medqa_test_1251,medqa_test_1251__clinical_note__wrong,65,5.207891941070557,182.7084916706761,gemma-2-2b-it
medqa-sonnet,patient,1,medqa_test_1251,medqa_test_1251__patient__correct,130,2.5284109115600586,12.533573346863172,gemma-2-2b-it
medqa-sonnet,patient,0,medqa_test_1251,medqa_test_1251__patient__wrong,129,2.6896307468414307,14.726237206770826,gemma-2-2b-it
medqa-sonnet,textbook,0,medqa_test_21,medqa_test_21__textbook__wrong,129,2.409489631652832,11.128280173535604,gemma-2-2b-it
medqa-sonnet,colloquial,1,medqa_test_1251,medqa_test_1251__colloquial__correct,121,3.9996516704559326,54.57913519634325,gemma-2-2b-it
medqa-sonnet,colloquial,0,medqa_test_1251,medqa_test_1251__colloquial__wrong,101,4.271382808685303,71.62060477007083,gemma-2-2b-it
medqa-sonnet,clinical_note,1,medqa_test_21,medqa_test_21__clinical_note__correct,70,3.999598979949951,54.57625946985613,gemma-2-2b-it
medqa-sonnet,textbook,1,medqa_test_21,medqa_test_21__textbook__correct,148,2.0082194805145264,7.45004058862735,gemma-2-2b-it
medqa-sonnet,patient,0,medqa_test_21,medqa_test_21__patient__wrong,116,2.4619741439819336,11.727941346514486,gemma-2-2b-it
medqa-sonnet,clinical_note,0,medqa_test_21,medqa_test_21__clinical_note__wrong,66,4.085895538330078,59.495194127918296,gemma-2-2b-it
medqa-sonnet,patient,1,medqa_test_21,medqa_test_21__patient__correct,151,2.217794179916382,9.187043533869875,gemma-2-2b-it
medqa-sonnet,textbook,0,medqa_test_56,medqa_test_56__textbook__wrong,78,2.296585321426392,9.940181911198168,gemma-2-2b-it
medqa-sonnet,textbook,1,medqa_test_56,medqa_test_56__textbook__correct,102,1.9071437120437624,6.733827553255136,gemma-2-2b-it
medqa-sonnet,colloquial,0,medqa_test_21,medqa_test_21__colloquial__wrong,103,4.425604820251465,83.56333273699289,gemma-2-2b-it
medqa-sonnet,patient,1,medqa_test_56,medqa_test_56__patient__correct,84,2.304931163787842,10.023488249712916,gemma-2-2b-it
medqa-sonnet,clinical_note,1,medqa_test_56,medqa_test_56__clinical_note__correct,44,4.210281848907471,67.37552685288601,gemma-2-2b-it
medqa-sonnet,colloquial,1,medqa_test_21,medqa_test_21__colloquial__correct,111,4.044563293457031,57.08625065064595,gemma-2-2b-it
medqa-sonnet,patient,0,medqa_test_56,medqa_test_56__patient__wrong,85,2.1084768772125244,8.235687763073733,gemma-2-2b-it
medqa-sonnet,clinical_note,0,medqa_test_56,medqa_test_56__clinical_note__wrong,35,4.181234836578369,65.44661921667927,gemma-2-2b-it
medqa-sonnet,colloquial,1,medqa_test_56,medqa_test_56__colloquial__correct,57,3.84528374671936,46.7719538566987,gemma-2-2b-it
medqa-sonnet,colloquial,0,medqa_test_56,medqa_test_56__colloquial__wrong,61,3.372972249984741,29.1650842805304,gemma-2-2b-it
medqa-sonnet,textbook,1,medqa_test_485,medqa_test_485__textbook__correct,163,1.9074385166168213,6.735813009058372,gemma-2-2b-it
medqa-sonnet,textbook,0,medqa_test_485,medqa_test_485__textbook__wrong,148,2.0391457080841064,7.684041979172856,gemma-2-2b-it
medqa-sonnet,patient,1,medqa_test_485,medqa_test_485__patient__correct,167,2.4127979278564453,11.165156786331517,gemma-2-2b-it
medqa-sonnet,clinical_note,1,medqa_test_485,medqa_test_485__clinical_note__correct,91,4.109077453613281,60.89051732319909,gemma-2-2b-it
medqa-sonnet,clinical_note,0,medqa_test_485,medqa_test_485__clinical_note__wrong,95,3.9430863857269287,51.577544090888175,gemma-2-2b-it
medqa-sonnet,colloquial,1,medqa_test_485,medqa_test_485__colloquial__correct,107,3.9571168422698975,52.30630102324705,gemma-2-2b-it
medqa-sonnet,patient,0,medqa_test_485,medqa_test_485__patient__wrong,150,2.633472442626953,13.922029513007304,gemma-2-2b-it
medqa-sonnet,colloquial,0,medqa_test_485,medqa_test_485__colloquial__wrong,120,3.817794799804688,45.5037527148224,gemma-2-2b-it
medqa-sonnet,clinical_note,1,medqa_test_887,medqa_test_887__clinical_note__correct,195,3.424912929534912,30.71996993298185,gemma-2-2b-it
medqa-sonnet,textbook,0,medqa_test_887,medqa_test_887__textbook__wrong,346,1.7333019971847534,5.6593101161758455,gemma-2-2b-it
medqa-sonnet,textbook,1,medqa_test_887,medqa_test_887__textbook__correct,358,1.670188307762146,5.313168213801349,gemma-2-2b-it
medqa-sonnet,clinical_note,0,medqa_test_887,medqa_test_887__clinical_note__wrong,205,3.3316805362701416,27.98533257366816,gemma-2-2b-it
medqa-sonnet,patient,0,medqa_test_887,medqa_test_887__patient__wrong,231,2.511184930801392,12.3195191929973,gemma-2-2b-it
medqa-sonnet,patient,1,medqa_test_887,medqa_test_887__patient__correct,253,2.397201538085937,10.992371564524426,gemma-2-2b-it
medqa-sonnet,colloquial,0,medqa_test_887,medqa_test_887__colloquial__wrong,187,3.4172611236572266,30.48580372620247,gemma-2-2b-it
medqa-sonnet,colloquial,1,medqa_test_887,medqa_test_887__colloquial__correct,228,3.407190322875977,30.180328044387583,gemma-2-2b-it
medqa-sonnet,clinical_note,1,medqa_test_90,medqa_test_90__clinical_note__correct,103,3.989401817321777,54.022564333936415,gemma-2-2b-it
medqa-sonnet,textbook,0,medqa_test_90,medqa_test_90__textbook__wrong,183,1.9124038219451904,6.769341548114889,gemma-2-2b-it
medqa-sonnet,textbook,1,medqa_test_90,medqa_test_90__textbook__correct,215,2.060818910598755,7.85239758968274,gemma-2-2b-it
medqa-sonnet,clinical_note,0,medqa_test_90,medqa_test_90__clinical_note__wrong,95,3.806532621383667,44.99415630206465,gemma-2-2b-it
medqa-sonnet,patient,1,medqa_test_90,medqa_test_90__patient__correct,155,2.730769395828247,15.344688618683548,gemma-2-2b-it
medqa-sonnet,patient,0,medqa_test_90,medqa_test_90__patient__wrong,148,2.9280478954315186,18.69110786322144,gemma-2-2b-it
medqa-sonnet,colloquial,0,medqa_test_90,medqa_test_90__colloquial__wrong,109,3.980089664459229,53.52183301856197,gemma-2-2b-it
medqa-sonnet,colloquial,1,medqa_test_90,medqa_test_90__colloquial__correct,137,3.7050838470458975,40.653455846157485,gemma-2-2b-it
medqa-sonnet,patient,1,medqa_test_886,medqa_test_886__patient__correct,116,2.5987701416015625,13.447189721831796,gemma-2-2b-it
medqa-sonnet,textbook,0,medqa_test_886,medqa_test_886__textbook__wrong,209,2.090950965881348,8.092607299679363,gemma-2-2b-it
medqa-sonnet,textbook,1,medqa_test_886,medqa_test_886__textbook__correct,216,2.1427574157714844,8.522906454036944,gemma-2-2b-it
medqa-sonnet,clinical_note,1,medqa_test_886,medqa_test_886__clinical_note__correct,122,3.756784915924072,42.81056491452181,gemma-2-2b-it
medqa-sonnet,clinical_note,0,medqa_test_886,medqa_test_886__clinical_note__wrong,129,3.707887887954712,40.76760977077604,gemma-2-2b-it
medqa-sonnet,patient,0,medqa_test_886,medqa_test_886__patient__wrong,130,2.4969475269317627,12.145363924033148,gemma-2-2b-it
medqa-sonnet,colloquial,1,medqa_test_886,medqa_test_886__colloquial__correct,115,4.33061408996582,75.99093751600398,gemma-2-2b-it
medqa-sonnet,colloquial,0,medqa_test_886,medqa_test_886__colloquial__wrong,152,3.73417592048645,41.85352071869352,gemma-2-2b-it
medqa-sonnet,textbook,1,medqa_test_1026,medqa_test_1026__textbook__correct,242,2.2872438430786133,9.847758275893415,gemma-2-2b-it
medqa-sonnet,clinical_note,1,medqa_test_1026,medqa_test_1026__clinical_note__correct,80,4.053077697753906,57.57438118994056,gemma-2-2b-it
medqa-sonnet,clinical_note,0,medqa_test_1026,medqa_test_1026__clinical_note__wrong,93,4.302726268768311,73.90099328284127,gemma-2-2b-it
medqa-sonnet,textbook,0,medqa_test_1026,medqa_test_1026__textbook__wrong,232,2.346176147460937,10.445551013898944,gemma-2-2b-it
medqa-sonnet,patient,1,medqa_test_1026,medqa_test_1026__patient__correct,226,2.3874425888061523,10.885619310109684,gemma-2-2b-it
medqa-sonnet,patient,0,medqa_test_1026,medqa_test_1026__patient__wrong,205,2.4821410179138184,11.966858267549949,gemma-2-2b-it
medqa-sonnet,colloquial,1,medqa_test_1026,medqa_test_1026__colloquial__correct,134,3.649618625640869,38.459995595570106,gemma-2-2b-it
medqa-sonnet,textbook,0,medqa_test_529,medqa_test_529__textbook__wrong,201,1.7452298402786257,5.727217669463207,gemma-2-2b-it
medqa-sonnet,clinical_note,1,medqa_test_529,medqa_test_529__clinical_note__correct,117,3.0648353099823,21.430932235922945,gemma-2-2b-it
medqa-sonnet,clinical_note,0,medqa_test_529,medqa_test_529__clinical_note__wrong,113,3.115590810775757,22.546747280466867,gemma-2-2b-it
medqa-sonnet,colloquial,0,medqa_test_1026,medqa_test_1026__colloquial__wrong,129,3.594878673553467,36.41128206841216,gemma-2-2b-it
medqa-sonnet,textbook,1,medqa_test_529,medqa_test_529__textbook__correct,264,1.6175490617752075,5.040720669166628,gemma-2-2b-it
medqa-sonnet,patient,0,medqa_test_529,medqa_test_529__patient__wrong,172,2.523552179336548,12.472823772634932,gemma-2-2b-it
medqa-sonnet,patient,1,medqa_test_529,medqa_test_529__patient__correct,167,2.536141872406006,12.630845430525316,gemma-2-2b-it
medqa-sonnet,clinical_note,0,medqa_test_55,medqa_test_55__clinical_note__wrong,95,3.454383373260498,31.63877335240196,gemma-2-2b-it
medqa-sonnet,clinical_note,1,medqa_test_55,medqa_test_55__clinical_note__correct,65,4.414463043212891,82.63745624785116,gemma-2-2b-it
medqa-sonnet,textbook,1,medqa_test_55,medqa_test_55__textbook__correct,181,2.2147634029388428,9.159241805536173,gemma-2-2b-it
medqa-sonnet,textbook,0,medqa_test_55,medqa_test_55__textbook__wrong,155,2.0714590549468994,7.936394309672455,gemma-2-2b-it
medqa-sonnet,colloquial,0,medqa_test_529,medqa_test_529__colloquial__wrong,144,3.825289011001587,45.84604846420367,gemma-2-2b-it
medqa-sonnet,patient,0,medqa_test_55,medqa_test_55__patient__wrong,117,2.785461664199829,16.20729847935045,gemma-2-2b-it
medqa-sonnet,patient,1,medqa_test_55,medqa_test_55__patient__correct,149,2.585934638977051,13.27569127179386,gemma-2-2b-it
medqa-sonnet,colloquial,1,medqa_test_529,medqa_test_529__colloquial__correct,178,3.782134771347046,43.90967887739509,gemma-2-2b-it
medqa-sonnet,colloquial,0,medqa_test_55,medqa_test_55__colloquial__wrong,87,4.069006443023682,58.49881180604032,gemma-2-2b-it
medqa-sonnet,colloquial,1,medqa_test_55,medqa_test_55__colloquial__correct,94,4.26212739944458,70.96078492435464,gemma-2-2b-it
medqa-sonnet,textbook,0,medqa_test_658,medqa_test_658__textbook__wrong,140,2.0858962535858154,8.051804707616531,gemma-2-2b-it
medqa-sonnet,patient,1,medqa_test_658,medqa_test_658__patient__correct,152,1.8288379907608032,6.226647031702652,gemma-2-2b-it
medqa-sonnet,clinical_note,0,medqa_test_658,medqa_test_658__clinical_note__wrong,65,4.474812984466553,87.7781829909294,gemma-2-2b-it
medqa-sonnet,textbook,1,medqa_test_658,medqa_test_658__textbook__correct,137,2.190426111221313,8.939021320573756,gemma-2-2b-it
medqa-sonnet,clinical_note,1,medqa_test_658,medqa_test_658__clinical_note__correct,67,4.161778450012207,64.18557198559185,gemma-2-2b-it
medqa-sonnet,patient,0,medqa_test_658,medqa_test_658__patient__wrong,127,2.715694665908813,15.115106374868096,gemma-2-2b-it
medqa-sonnet,colloquial,1,medqa_test_658,medqa_test_658__colloquial__correct,104,3.2576818466186523,25.98922025881391,gemma-2-2b-it
medqa-sonnet,colloquial,0,medqa_test_658,medqa_test_658__colloquial__wrong,97,3.437177419662476,31.09905458921372,gemma-2-2b-it
medqa-sonnet,clinical_note,1,medqa_test_706,medqa_test_706__clinical_note__correct,94,4.414947986602783,82.67754045451608,gemma-2-2b-it
medqa-sonnet,clinical_note,0,medqa_test_706,medqa_test_706__clinical_note__wrong,84,4.581647396087647,97.67517143408602,gemma-2-2b-it
medqa-sonnet,textbook,1,medqa_test_706,medqa_test_706__textbook__correct,242,1.880512237548828,6.5568626733830575,gemma-2-2b-it
medqa-sonnet,textbook,0,medqa_test_706,medqa_test_706__textbook__wrong,237,1.7893483638763428,5.985550794168433,gemma-2-2b-it
medqa-sonnet,patient,1,medqa_test_706,medqa_test_706__patient__correct,158,2.768867492675781,15.940570970086393,gemma-2-2b-it
medqa-sonnet,patient,0,medqa_test_706,medqa_test_706__patient__wrong,169,2.8112621307373047,16.630895342266243,gemma-2-2b-it
medqa-sonnet,colloquial,1,medqa_test_706,medqa_test_706__colloquial__correct,138,3.84850549697876,46.92288441089438,gemma-2-2b-it
medqa-sonnet,colloquial,0,medqa_test_706,medqa_test_706__colloquial__wrong,106,4.331684112548828,76.07229305361896,gemma-2-2b-it
medqa-sonnet,textbook,0,medqa_test_545,medqa_test_545__textbook__wrong,165,1.470731258392334,4.352416718895847,gemma-2-2b-it
medqa-sonnet,clinical_note,0,medqa_test_545,medqa_test_545__clinical_note__wrong,61,4.054183006286621,57.63805382720778,gemma-2-2b-it
medqa-sonnet,clinical_note,1,medqa_test_545,medqa_test_545__clinical_note__correct,98,3.025065898895264,20.59536187807296,gemma-2-2b-it
medqa-sonnet,textbook,1,medqa_test_545,medqa_test_545__textbook__correct,192,1.5479763746261597,4.701945572352956,gemma-2-2b-it
medqa-sonnet,patient,0,medqa_test_545,medqa_test_545__patient__wrong,138,2.334533929824829,10.324646797886473,gemma-2-2b-it
medqa-sonnet,patient,1,medqa_test_545,medqa_test_545__patient__correct,170,2.001312017440796,7.398757031908506,gemma-2-2b-it
medqa-sonnet,clinical_note,1,medqa_test_238,medqa_test_238__clinical_note__correct,39,4.592549800872803,98.74589179824984,gemma-2-2b-it
medqa-sonnet,textbook,1,medqa_test_238,medqa_test_238__textbook__correct,136,2.8354332447052,17.03778022969599,gemma-2-2b-it
medqa-sonnet,clinical_note,0,medqa_test_238,medqa_test_238__clinical_note__wrong,65,5.2421159744262695,189.06974618625568,gemma-2-2b-it
medqa-sonnet,colloquial,0,medqa_test_545,medqa_test_545__colloquial__wrong,126,3.394807815551758,29.808924112775248,gemma-2-2b-it
medqa-sonnet,textbook,0,medqa_test_238,medqa_test_238__textbook__wrong,132,2.821333169937134,16.799231980824764,gemma-2-2b-it
medqa-sonnet,colloquial,1,medqa_test_545,medqa_test_545__colloquial__correct,136,3.4615437984466557,31.866133448023948,gemma-2-2b-it
medqa-sonnet,patient,0,medqa_test_238,medqa_test_238__patient__wrong,130,2.5816171169281006,13.218496740185378,gemma-2-2b-it
medqa-sonnet,patient,1,medqa_test_238,medqa_test_238__patient__correct,124,2.356411457061768,10.55301348012392,gemma-2-2b-it
medqa-sonnet,colloquial,1,medqa_test_238,medqa_test_238__colloquial__correct,107,3.713428497314453,40.99411407754521,gemma-2-2b-it
medqa-sonnet,patient,1,medqa_test_878,medqa_test_878__patient__correct,120,2.537583351135254,12.649065654423511,gemma-2-2b-it
medqa-sonnet,colloquial,0,medqa_test_238,medqa_test_238__colloquial__wrong,128,3.817039012908936,45.46937456772598,gemma-2-2b-it
medqa-sonnet,textbook,0,medqa_test_878,medqa_test_878__textbook__wrong,158,2.10455060005188,8.203415566559494,gemma-2-2b-it
medqa-sonnet,patient,0,medqa_test_878,medqa_test_878__patient__wrong,158,2.762104034423828,15.83312135889854,gemma-2-2b-it
medqa-sonnet,textbook,1,medqa_test_878,medqa_test_878__textbook__correct,171,2.0142641067504883,7.495209677026339,gemma-2-2b-it
medqa-sonnet,clinical_note,1,medqa_test_878,medqa_test_878__clinical_note__correct,95,4.068208694458008,58.4521630722826,gemma-2-2b-it
medqa-sonnet,clinical_note,0,medqa_test_878,medqa_test_878__clinical_note__wrong,86,4.390928268432617,80.71530968977261,gemma-2-2b-it
medqa-sonnet,colloquial,1,medqa_test_878,medqa_test_878__colloquial__correct,97,3.633127450942993,37.83094622706904,gemma-2-2b-it
medqa-sonnet,colloquial,0,medqa_test_878,medqa_test_878__colloquial__wrong,73,4.374074935913086,79.36638658920849,gemma-2-2b-it
medqa-sonnet,clinical_note,1,medqa_test_192,medqa_test_192__clinical_note__correct,87,2.93414568901062,18.805430584675413,gemma-2-2b-it
medqa-sonnet,textbook,0,medqa_test_192,medqa_test_192__textbook__wrong,162,1.7285624742507937,5.632551148550924,gemma-2-2b-it
medqa-sonnet,clinical_note,0,medqa_test_192,medqa_test_192__clinical_note__wrong,95,3.193498373031616,24.373546224455136,gemma-2-2b-it
medqa-sonnet,patient,0,medqa_test_192,medqa_test_192__patient__wrong,132,2.484046220779419,11.989679292651754,gemma-2-2b-it
medqa-sonnet,patient,1,medqa_test_192,medqa_test_192__patient__correct,162,2.165244579315185,8.716733588890996,gemma-2-2b-it
medqa-sonnet,textbook,1,medqa_test_192,medqa_test_192__textbook__correct,237,1.513705849647522,4.543537299990265,gemma-2-2b-it
medqa-sonnet,colloquial,0,medqa_test_192,medqa_test_192__colloquial__wrong,128,3.199734926223755,24.526028128491166,gemma-2-2b-it
medqa-sonnet,textbook,0,medqa_test_738,medqa_test_738__textbook__wrong,103,2.3178720474243164,10.15404397604483,gemma-2-2b-it
medqa-sonnet,textbook,1,medqa_test_738,medqa_test_738__textbook__correct,155,2.015058279037476,7.501164529113261,gemma-2-2b-it
medqa-sonnet,patient,1,medqa_test_738,medqa_test_738__patient__correct,111,2.3351776599884038,10.331295224125192,gemma-2-2b-it
medqa-sonnet,colloquial,1,medqa_test_192,medqa_test_192__colloquial__correct,148,3.3099403381347656,27.38349167297612,gemma-2-2b-it
medqa-sonnet,patient,0,medqa_test_738,medqa_test_738__patient__wrong,96,2.6002562046051025,13.46718794861116,gemma-2-2b-it
medqa-sonnet,clinical_note,0,medqa_test_738,medqa_test_738__clinical_note__wrong,40,4.614219665527344,100.90905498741196,gemma-2-2b-it
medqa-sonnet,clinical_note,1,medqa_test_738,medqa_test_738__clinical_note__correct,59,3.158346176147461,23.53164653190076,gemma-2-2b-it
medqa-sonnet,colloquial,0,medqa_test_738,medqa_test_738__colloquial__wrong,64,3.622116088867188,37.41666108832601,gemma-2-2b-it
medqa-sonnet,colloquial,1,medqa_test_738,medqa_test_738__colloquial__correct,75,3.6367151737213135,37.96691694133925,gemma-2-2b-it
medqa-sonnet,textbook,0,medqa_test_1250,medqa_test_1250__textbook__wrong,135,2.217927932739258,9.188272409057346,gemma-2-2b-it
medqa-sonnet,textbook,1,medqa_test_1250,medqa_test_1250__textbook__correct,140,2.2189760208129883,9.197907576157318,gemma-2-2b-it
medqa-sonnet,patient,1,medqa_test_1250,medqa_test_1250__patient__correct,144,2.2789807319641118,9.766720428497816,gemma-2-2b-it
medqa-sonnet,clinical_note,1,medqa_test_1250,medqa_test_1250__clinical_note__correct,68,3.9221038818359375,50.50659298084128,gemma-2-2b-it
medqa-sonnet,clinical_note,0,medqa_test_1250,medqa_test_1250__clinical_note__wrong,66,4.154197692871094,63.70083640515369,gemma-2-2b-it
medqa-sonnet,patient,0,medqa_test_1250,medqa_test_1250__patient__wrong,133,2.404611825942993,11.07413075749448,gemma-2-2b-it
medqa-sonnet,colloquial,1,medqa_test_1250,medqa_test_1250__colloquial__correct,121,3.657624959945679,38.76915514355582,gemma-2-2b-it
medqa-sonnet,colloquial,0,medqa_test_1250,medqa_test_1250__colloquial__wrong,93,4.078780174255371,59.0733666686802,gemma-2-2b-it
medqa-sonnet,clinical_note,0,medqa_test_1233,medqa_test_1233__clinical_note__wrong,69,4.116374492645264,61.33646286704197,gemma-2-2b-it
medqa-sonnet,textbook,1,medqa_test_1233,medqa_test_1233__textbook__correct,229,1.8025352954864504,6.065004567495219,gemma-2-2b-it
medqa-sonnet,textbook,0,medqa_test_1233,medqa_test_1233__textbook__wrong,230,1.7403573989868164,5.699380011354487,gemma-2-2b-it
medqa-sonnet,clinical_note,1,medqa_test_1233,medqa_test_1233__clinical_note__correct,82,3.618972063064575,37.29920687670459,gemma-2-2b-it
medqa-sonnet,patient,1,medqa_test_1233,medqa_test_1233__patient__correct,156,2.5412380695343018,12.695379006981874,gemma-2-2b-it
medqa-sonnet,patient,0,medqa_test_1233,medqa_test_1233__patient__wrong,181,2.612900733947754,13.638555348611431,gemma-2-2b-it
medqa-sonnet,colloquial,1,medqa_test_1233,medqa_test_1233__colloquial__correct,139,3.6461164951324463,38.325539250899055,gemma-2-2b-it
medqa-sonnet,colloquial,0,medqa_test_1233,medqa_test_1233__colloquial__wrong,158,3.128234386444092,22.83362856668049,gemma-2-2b-it
medqa-sonnet,patient,0,medqa_test_531,medqa_test_531__patient__wrong,134,2.6062464714050293,13.548102104202632,gemma-2-2b-it
medqa-sonnet,clinical_note,1,medqa_test_531,medqa_test_531__clinical_note__correct,134,2.8843789100646973,17.892451322340523,gemma-2-2b-it
medqa-sonnet,clinical_note,0,medqa_test_531,medqa_test_531__clinical_note__wrong,136,2.6160709857940674,13.68186161349874,gemma-2-2b-it
medqa-sonnet,textbook,1,medqa_test_531,medqa_test_531__textbook__correct,302,1.5561703443527222,4.7406314510372285,gemma-2-2b-it
medqa-sonnet,textbook,0,medqa_test_531,medqa_test_531__textbook__wrong,292,1.6846954822540283,5.390809085344788,gemma-2-2b-it
medqa-sonnet,patient,1,medqa_test_531,medqa_test_531__patient__correct,206,2.282226324081421,9.798470715702344,gemma-2-2b-it
medqa-sonnet,colloquial,1,medqa_test_531,medqa_test_531__colloquial__correct,120,3.888750314712525,48.84980148493271,gemma-2-2b-it
medqa-sonnet,textbook,1,medqa_test_568,medqa_test_568__textbook__correct,165,1.797180414199829,6.032613989283316,gemma-2-2b-it
medqa-sonnet,textbook,0,medqa_test_568,medqa_test_568__textbook__wrong,166,1.879251837730408,6.548603610813967,gemma-2-2b-it
medqa-sonnet,colloquial,0,medqa_test_531,medqa_test_531__colloquial__wrong,206,3.225151538848877,25.15738618831929,gemma-2-2b-it
medqa-sonnet,clinical_note,1,medqa_test_568,medqa_test_568__clinical_note__correct,97,3.252678632736206,25.859515372431037,gemma-2-2b-it
medqa-sonnet,patient,0,medqa_test_568,medqa_test_568__patient__wrong,133,2.417694330215454,11.219959946028036,gemma-2-2b-it
medqa-sonnet,clinical_note,0,medqa_test_568,medqa_test_568__clinical_note__wrong,89,3.306013822555542,27.27618078312137,gemma-2-2b-it
medqa-sonnet,patient,1,medqa_test_568,medqa_test_568__patient__correct,206,2.341700315475464,10.398902954877654,gemma-2-2b-it
medqa-sonnet,textbook,1,medqa_test_286,medqa_test_286__textbook__correct,88,2.501732110977173,12.203613677788754,gemma-2-2b-it
medqa-sonnet,colloquial,1,medqa_test_568,medqa_test_568__colloquial__correct,123,4.33546781539917,76.36067323408614,gemma-2-2b-it
medqa-sonnet,textbook,0,medqa_test_286,medqa_test_286__textbook__wrong,99,2.3563294410705566,10.552147999755183,gemma-2-2b-it
medqa-sonnet,colloquial,0,medqa_test_568,medqa_test_568__colloquial__wrong,125,4.269371509552002,71.4766990769803,gemma-2-2b-it
medqa-sonnet,clinical_note,1,medqa_test_286,medqa_test_286__clinical_note__correct,49,4.061889171600342,58.08393802044669,gemma-2-2b-it
medqa-sonnet,clinical_note,0,medqa_test_286,medqa_test_286__clinical_note__wrong,41,4.635302543640137,103.05909315226025,gemma-2-2b-it
medqa-sonnet,patient,1,medqa_test_286,medqa_test_286__patient__correct,101,2.6637439727783203,14.34991433897378,gemma-2-2b-it
medqa-sonnet,patient,0,medqa_test_286,medqa_test_286__patient__wrong,96,2.886368751525879,17.928089909634043,gemma-2-2b-it
medqa-sonnet,colloquial,0,medqa_test_286,medqa_test_286__colloquial__wrong,63,3.937779188156128,51.304536966356,gemma-2-2b-it
medqa-sonnet,colloquial,1,medqa_test_286,medqa_test_286__colloquial__correct,81,4.54139518737793,93.82160757046248,gemma-2-2b-it
medqa-sonnet,clinical_note,0,medqa_test_757,medqa_test_757__clinical_note__wrong,160,2.6997759342193604,14.876398059662288,gemma-2-2b-it
medqa-sonnet,clinical_note,1,medqa_test_757,medqa_test_757__clinical_note__correct,142,2.824547052383423,16.85330959059198,gemma-2-2b-it
medqa-sonnet,textbook,0,medqa_test_757,medqa_test_757__textbook__wrong,299,1.5008002519607544,4.485276986230983,gemma-2-2b-it
medqa-sonnet,textbook,1,medqa_test_757,medqa_test_757__textbook__correct,286,1.5568000078201294,4.743617393445159,gemma-2-2b-it
medqa-sonnet,patient,0,medqa_test_757,medqa_test_757__patient__wrong,251,2.279329299926758,9.770125387734693,gemma-2-2b-it
medqa-sonnet,colloquial,0,medqa_test_757,medqa_test_757__colloquial__wrong,187,2.961428165435791,19.325552141734125,gemma-2-2b-it
medqa-sonnet,textbook,1,medqa_test_785,medqa_test_785__textbook__correct,181,2.3140411376953125,10.115219164844053,gemma-2-2b-it
medqa-sonnet,colloquial,1,medqa_test_757,medqa_test_757__colloquial__correct,203,3.177046537399292,23.9758371408142,gemma-2-2b-it
medqa-sonnet,textbook,0,medqa_test_785,medqa_test_785__textbook__wrong,188,2.274544239044189,9.723486417071378,gemma-2-2b-it
medqa-sonnet,patient,1,medqa_test_757,medqa_test_757__patient__correct,192,2.3583781719207764,10.573788671284698,gemma-2-2b-it
medqa-sonnet,clinical_note,1,medqa_test_785,medqa_test_785__clinical_note__correct,104,4.048933506011963,57.33627563318181,gemma-2-2b-it
medqa-sonnet,patient,0,medqa_test_785,medqa_test_785__patient__wrong,167,2.741920232772827,15.516752283491677,gemma-2-2b-it
medqa-sonnet,patient,1,medqa_test_785,medqa_test_785__patient__correct,188,2.621267557144165,13.753145438903465,gemma-2-2b-it
medqa-sonnet,clinical_note,0,medqa_test_785,medqa_test_785__clinical_note__wrong,105,3.878442049026489,48.34883125572545,gemma-2-2b-it
medqa-sonnet,textbook,1,medqa_test_67,medqa_test_67__textbook__correct,191,2.204324722290039,9.064128696700774,gemma-2-2b-it
medqa-sonnet,textbook,0,medqa_test_67,medqa_test_67__textbook__wrong,197,2.102137804031372,8.18364625737192,gemma-2-2b-it
medqa-sonnet,colloquial,1,medqa_test_785,medqa_test_785__colloquial__correct,174,3.606115579605103,36.8227396498412,gemma-2-2b-it
medqa-sonnet,clinical_note,1,medqa_test_67,medqa_test_67__clinical_note__correct,131,3.586148262023926,36.09478019774122,gemma-2-2b-it
medqa-sonnet,colloquial,0,medqa_test_785,medqa_test_785__colloquial__wrong,177,3.891841173171997,49.00102288868355,gemma-2-2b-it
medqa-sonnet,clinical_note,0,medqa_test_67,medqa_test_67__clinical_note__wrong,131,3.452350616455078,31.57452474357661,gemma-2-2b-it
medqa-sonnet,patient,1,medqa_test_67,medqa_test_67__patient__correct,238,2.116065740585327,8.298425023446729,gemma-2-2b-it
medqa-sonnet,patient,0,medqa_test_67,medqa_test_67__patient__wrong,199,2.163803100585937,8.70417765456434,gemma-2-2b-it
medqa-sonnet,textbook,0,medqa_test_1108,medqa_test_1108__textbook__wrong,109,2.2430269718170166,9.421807713444176,gemma-2-2b-it
medqa-sonnet,colloquial,0,medqa_test_67,medqa_test_67__colloquial__wrong,163,3.4364912509918213,31.07772271173761,gemma-2-2b-it
medqa-sonnet,clinical_note,0,medqa_test_1108,medqa_test_1108__clinical_note__wrong,59,4.124738693237305,61.85164488543853,gemma-2-2b-it
medqa-sonnet,textbook,1,medqa_test_1108,medqa_test_1108__textbook__correct,115,2.2992680072784424,9.96688409735246,gemma-2-2b-it
medqa-sonnet,clinical_note,1,medqa_test_1108,medqa_test_1108__clinical_note__correct,62,4.023800373077393,55.913193560755566,gemma-2-2b-it
medqa-sonnet,patient,1,medqa_test_1108,medqa_test_1108__patient__correct,113,2.907266616821289,18.306690915503523,gemma-2-2b-it
medqa-sonnet,colloquial,1,medqa_test_67,medqa_test_67__colloquial__correct,188,3.532327890396118,34.203497003177326,gemma-2-2b-it
medqa-sonnet,patient,0,medqa_test_1108,medqa_test_1108__patient__wrong,111,2.9662415981292725,19.418798624029325,gemma-2-2b-it
medqa-sonnet,colloquial,1,medqa_test_1108,medqa_test_1108__colloquial__correct,82,3.710960865020752,40.89308038606366,gemma-2-2b-it
medqa-sonnet,colloquial,0,medqa_test_1108,medqa_test_1108__colloquial__wrong,78,3.674192428588867,39.4168121098995,gemma-2-2b-it
medqa-sonnet,patient,0,medqa_test_571,medqa_test_571__patient__wrong,138,2.231043815612793,9.30957849299682,gemma-2-2b-it
medqa-sonnet,textbook,0,medqa_test_571,medqa_test_571__textbook__wrong,228,1.6935181617736816,5.438580894057495,gemma-2-2b-it
medqa-sonnet,clinical_note,1,medqa_test_571,medqa_test_571__clinical_note__correct,119,3.792872428894043,44.38370639023098,gemma-2-2b-it
medqa-sonnet,clinical_note,0,medqa_test_571,medqa_test_571__clinical_note__wrong,119,3.7385876178741455,42.03857368541745,gemma-2-2b-it
medqa-sonnet,textbook,1,medqa_test_571,medqa_test_571__textbook__correct,230,1.6736564636230469,5.3316270999269335,gemma-2-2b-it
medqa-sonnet,patient,1,medqa_test_571,medqa_test_571__patient__correct,170,2.155323982238769,8.630685915004747,gemma-2-2b-it
medqa-sonnet,colloquial,1,medqa_test_571,medqa_test_571__colloquial__correct,122,4.0969767570495605,60.15813972562625,gemma-2-2b-it
medqa-sonnet,clinical_note,1,medqa_test_212,medqa_test_212__clinical_note__correct,77,4.73606538772583,113.98483209292046,gemma-2-2b-it
medqa-sonnet,textbook,0,medqa_test_212,medqa_test_212__textbook__wrong,178,2.285680055618286,9.83237050972294,gemma-2-2b-it
medqa-sonnet,colloquial,0,medqa_test_571,medqa_test_571__colloquial__wrong,107,4.129997253417969,62.17775215822945,gemma-2-2b-it
medqa-sonnet,clinical_note,0,medqa_test_212,medqa_test_212__clinical_note__wrong,83,4.894484043121338,133.55108223553987,gemma-2-2b-it
medqa-sonnet,patient,0,medqa_test_212,medqa_test_212__patient__wrong,123,2.9751546382904053,19.592652789680404,gemma-2-2b-it
medqa-sonnet,patient,1,medqa_test_212,medqa_test_212__patient__correct,146,2.851065158843994,17.30620588481306,gemma-2-2b-it
medqa-sonnet,textbook,1,medqa_test_212,medqa_test_212__textbook__correct,164,2.646252155303955,14.101090788859672,gemma-2-2b-it
medqa-sonnet,colloquial,1,medqa_test_212,medqa_test_212__colloquial__correct,110,3.6152358055114746,37.16010745074185,gemma-2-2b-it
medqa-sonnet,colloquial,0,medqa_test_212,medqa_test_212__colloquial__wrong,137,4.165417194366455,64.41955231240799,gemma-2-2b-it
medqa-sonnet,clinical_note,1,medqa_test_220,medqa_test_220__clinical_note__correct,116,3.145636796951294,23.234466400744708,gemma-2-2b-it
medqa-sonnet,patient,0,medqa_test_220,medqa_test_220__patient__wrong,161,2.20480751991272,9.068505893052183,gemma-2-2b-it
medqa-sonnet,patient,1,medqa_test_220,medqa_test_220__patient__correct,182,2.106722116470337,8.221248773693064,gemma-2-2b-it
medqa-sonnet,textbook,1,medqa_test_220,medqa_test_220__textbook__correct,232,1.6856790781021118,5.396114071332343,gemma-2-2b-it
medqa-sonnet,clinical_note,0,medqa_test_220,medqa_test_220__clinical_note__wrong,106,3.907665729522705,49.78261016242282,gemma-2-2b-it
medqa-sonnet,textbook,0,medqa_test_220,medqa_test_220__textbook__wrong,218,1.6607874631881714,5.263453989204945,gemma-2-2b-it
medqa-sonnet,colloquial,1,medqa_test_220,medqa_test_220__colloquial__correct,166,3.305448293685913,27.260759676386837,gemma-2-2b-it
medqa-sonnet,colloquial,0,medqa_test_220,medqa_test_220__colloquial__wrong,128,3.840314149856568,46.54009270695424,gemma-2-2b-it
medqa-sonnet,clinical_note,1,medqa_test_1132,medqa_test_1132__clinical_note__correct,187,3.11829137802124,22.60771857915514,gemma-2-2b-it
medqa-sonnet,clinical_note,0,medqa_test_1132,medqa_test_1132__clinical_note__wrong,205,3.005919933319092,20.204794612948675,gemma-2-2b-it
medqa-sonnet,textbook,1,medqa_test_1132,medqa_test_1132__textbook__correct,327,1.8942792415618896,6.6477552517954726,gemma-2-2b-it
medqa-sonnet,textbook,0,medqa_test_1132,medqa_test_1132__textbook__wrong,355,1.9442274570465088,6.988231060465554,gemma-2-2b-it
medqa-sonnet,patient,0,medqa_test_1132,medqa_test_1132__patient__wrong,268,2.291611671447754,9.89086566817549,gemma-2-2b-it
medqa-sonnet,patient,1,medqa_test_1132,medqa_test_1132__patient__correct,321,2.296283483505249,9.937182040114513,gemma-2-2b-it
medqa-sonnet,textbook,1,medqa_test_1020,medqa_test_1020__textbook__correct,203,1.914325714111328,6.782364002474244,gemma-2-2b-it
medqa-sonnet,colloquial,0,medqa_test_1132,medqa_test_1132__colloquial__wrong,243,3.4235615730285645,30.678484338965102,gemma-2-2b-it
medqa-sonnet,colloquial,1,medqa_test_1132,medqa_test_1132__colloquial__correct,246,3.3796474933624268,29.36041954612661,gemma-2-2b-it
medqa-sonnet,clinical_note,1,medqa_test_1020,medqa_test_1020__clinical_note__correct,96,4.4543232917785645,85.99793563993191,gemma-2-2b-it
medqa-sonnet,textbook,0,medqa_test_1020,medqa_test_1020__textbook__wrong,239,1.821022629737854,6.178173204149664,gemma-2-2b-it
medqa-sonnet,clinical_note,0,medqa_test_1020,medqa_test_1020__clinical_note__wrong,111,3.587000131607056,36.1255413434834,gemma-2-2b-it
medqa-sonnet,patient,0,medqa_test_1020,medqa_test_1020__patient__wrong,222,2.4347288608551025,11.412723857629922,gemma-2-2b-it
medqa-sonnet,patient,1,medqa_test_1020,medqa_test_1020__patient__correct,229,2.5840017795562744,13.250056009511953,gemma-2-2b-it
medqa-sonnet,textbook,1,medqa_test_492,medqa_test_492__textbook__correct,186,1.9861013889312744,7.287068864247074,gemma-2-2b-it
medqa-sonnet,textbook,0,medqa_test_492,medqa_test_492__textbook__wrong,165,1.9504953622817995,7.03217018981268,gemma-2-2b-it
medqa-sonnet,colloquial,1,medqa_test_1020,medqa_test_1020__colloquial__correct,218,3.548008918762207,34.744070305586554,gemma-2-2b-it
medqa-sonnet,patient,0,medqa_test_492,medqa_test_492__patient__wrong,182,2.5631353855133057,12.976439739958808,gemma-2-2b-it
medqa-sonnet,clinical_note,1,medqa_test_492,medqa_test_492__clinical_note__correct,126,3.3846445083618164,29.507501181501844,gemma-2-2b-it
medqa-sonnet,clinical_note,0,medqa_test_492,medqa_test_492__clinical_note__wrong,117,3.3831379413604736,29.463079624357917,gemma-2-2b-it
medqa-sonnet,colloquial,0,medqa_test_1020,medqa_test_1020__colloquial__wrong,205,3.5416247844696045,34.522966025557146,gemma-2-2b-it
medqa-sonnet,patient,1,medqa_test_492,medqa_test_492__patient__correct,215,2.494783878326416,12.11911403232874,gemma-2-2b-it
medqa-sonnet,textbook,1,medqa_test_988,medqa_test_988__textbook__correct,85,2.056071519851685,7.815207537725653,gemma-2-2b-it
medqa-sonnet,textbook,0,medqa_test_988,medqa_test_988__textbook__wrong,86,2.2100625038146973,9.116286177895248,gemma-2-2b-it
medqa-sonnet,clinical_note,1,medqa_test_988,medqa_test_988__clinical_note__correct,47,3.9224071502685542,50.5219123589559,gemma-2-2b-it
medqa-sonnet,patient,0,medqa_test_988,medqa_test_988__patient__wrong,85,2.369321823120117,10.690140019426009,gemma-2-2b-it
medqa-sonnet,patient,1,medqa_test_988,medqa_test_988__patient__correct,98,2.377981424331665,10.78311434819364,gemma-2-2b-it
medqa-sonnet,colloquial,1,medqa_test_492,medqa_test_492__colloquial__correct,142,4.124928951263428,61.86341377683442,gemma-2-2b-it
medqa-sonnet,colloquial,0,medqa_test_492,medqa_test_492__colloquial__wrong,159,3.5118446350097656,33.51002457156992,gemma-2-2b-it
medqa-sonnet,clinical_note,0,medqa_test_988,medqa_test_988__clinical_note__wrong,56,4.122848987579346,61.73487384833819,gemma-2-2b-it
medqa-sonnet,colloquial,1,medqa_test_988,medqa_test_988__colloquial__correct,83,3.9643499851226807,52.68601156546166,gemma-2-2b-it
medqa-sonnet,colloquial,0,medqa_test_988,medqa_test_988__colloquial__wrong,85,4.017185211181641,55.54453943098764,gemma-2-2b-it
medqa-sonnet,textbook,0,medqa_test_420,medqa_test_420__textbook__wrong,90,2.7793428897857666,16.108432454003946,gemma-2-2b-it
medqa-sonnet,clinical_note,1,medqa_test_420,medqa_test_420__clinical_note__correct,46,5.045738697052002,155.3590200712867,gemma-2-2b-it
medqa-sonnet,clinical_note,0,medqa_test_420,medqa_test_420__clinical_note__wrong,47,5.087003231048584,161.9039456101704,gemma-2-2b-it
medqa-sonnet,textbook,1,medqa_test_420,medqa_test_420__textbook__correct,88,2.8695223331451416,17.62859559258503,gemma-2-2b-it
medqa-sonnet,patient,0,medqa_test_420,medqa_test_420__patient__wrong,107,2.935459613800049,18.8301557460406,gemma-2-2b-it
medqa-sonnet,patient,1,medqa_test_420,medqa_test_420__patient__correct,109,2.951766014099121,19.139724923319044,gemma-2-2b-it
medqa-sonnet,colloquial,1,medqa_test_420,medqa_test_420__colloquial__correct,72,5.263240814208984,193.1062999467256,gemma-2-2b-it
medqa-sonnet,colloquial,0,medqa_test_420,medqa_test_420__colloquial__wrong,75,4.604258060455322,99.90882903272762,gemma-2-2b-it
medqa-sonnet,textbook,0,medqa_test_978,medqa_test_978__textbook__wrong,150,1.9109079837799072,6.759223278207192,gemma-2-2b-it
medqa-sonnet,textbook,1,medqa_test_978,medqa_test_978__textbook__correct,159,1.904125690460205,6.713535352911314,gemma-2-2b-it
medqa-sonnet,clinical_note,0,medqa_test_978,medqa_test_978__clinical_note__wrong,99,3.756251573562622,42.78773831447277,gemma-2-2b-it
medqa-sonnet,clinical_note,1,medqa_test_978,medqa_test_978__clinical_note__correct,101,3.7753303050994873,43.61191117358287,gemma-2-2b-it
medqa-sonnet,patient,1,medqa_test_978,medqa_test_978__patient__correct,241,2.2120823860168457,9.13471861150105,gemma-2-2b-it
medqa-sonnet,patient,0,medqa_test_978,medqa_test_978__patient__wrong,219,2.455559253692627,11.652948681483789,gemma-2-2b-it
medqa-sonnet,colloquial,1,medqa_test_978,medqa_test_978__colloquial__correct,166,3.5739786624908447,35.65818317127568,gemma-2-2b-it
medqa-sonnet,colloquial,0,medqa_test_978,medqa_test_978__colloquial__wrong,156,3.467823982238769,32.06688835184229,gemma-2-2b-it
medqa-sonnet,patient,1,medqa_test_699,medqa_test_699__patient__correct,128,2.642283201217652,14.045235124558053,gemma-2-2b-it
medqa-sonnet,textbook,1,medqa_test_699,medqa_test_699__textbook__correct,223,2.122635126113892,8.353120036313522,gemma-2-2b-it
medqa-sonnet,textbook,0,medqa_test_699,medqa_test_699__textbook__wrong,226,2.068817615509033,7.915458467301081,gemma-2-2b-it
medqa-sonnet,patient,0,medqa_test_699,medqa_test_699__patient__wrong,134,2.694608688354492,14.799726314780017,gemma-2-2b-it
medqa-sonnet,clinical_note,1,medqa_test_699,medqa_test_699__clinical_note__correct,103,3.956423044204712,52.27002359885873,gemma-2-2b-it
medqa-sonnet,clinical_note,0,medqa_test_699,medqa_test_699__clinical_note__wrong,123,3.2550837993621826,25.92178667217563,gemma-2-2b-it
medqa-sonnet,colloquial,1,medqa_test_699,medqa_test_699__colloquial__correct,148,3.965247392654419,52.73331361048898,gemma-2-2b-it
medqa-sonnet,colloquial,0,medqa_test_699,medqa_test_699__colloquial__wrong,143,4.053102493286133,57.57580879506382,gemma-2-2b-it
medqa-sonnet,textbook,1,medqa_test_730,medqa_test_730__textbook__correct,196,1.9238566160202024,6.847315077988342,gemma-2-2b-it
medqa-sonnet,textbook,0,medqa_test_730,medqa_test_730__textbook__wrong,198,2.083217144012451,8.030261911183091,gemma-2-2b-it
medqa-sonnet,patient,1,medqa_test_730,medqa_test_730__patient__correct,124,3.005411386489868,20.194522140951065,gemma-2-2b-it
medqa-sonnet,clinical_note,1,medqa_test_730,medqa_test_730__clinical_note__correct,99,3.990084171295166,54.05943942486395,gemma-2-2b-it
medqa-sonnet,patient,0,medqa_test_730,medqa_test_730__patient__wrong,148,2.778787136077881,16.099482620121446,gemma-2-2b-it
medqa-sonnet,clinical_note,0,medqa_test_730,medqa_test_730__clinical_note__wrong,114,3.945589065551758,51.706787830289386,gemma-2-2b-it
medqa-sonnet,textbook,0,medqa_test_969,medqa_test_969__textbook__wrong,170,1.7954840660095217,6.022389250270421,gemma-2-2b-it
medqa-sonnet,clinical_note,1,medqa_test_969,medqa_test_969__clinical_note__correct,77,4.2752790451049805,71.90019990945464,gemma-2-2b-it
medqa-sonnet,textbook,1,medqa_test_969,medqa_test_969__textbook__correct,202,2.00473952293396,7.424159821509518,gemma-2-2b-it
medqa-sonnet,colloquial,1,medqa_test_730,medqa_test_730__colloquial__correct,134,3.674656391143799,39.43510427786563,gemma-2-2b-it
medqa-sonnet,colloquial,0,medqa_test_730,medqa_test_730__colloquial__wrong,147,3.833493232727051,46.22372677089013,gemma-2-2b-it
medqa-sonnet,clinical_note,0,medqa_test_969,medqa_test_969__clinical_note__wrong,72,4.642689228057861,103.82317669753388,gemma-2-2b-it
medqa-sonnet,patient,0,medqa_test_969,medqa_test_969__patient__wrong,130,2.650228500366211,14.157273217926068,gemma-2-2b-it
medqa-sonnet,patient,1,medqa_test_969,medqa_test_969__patient__correct,129,2.744085788726806,15.550391088997255,gemma-2-2b-it
medqa-sonnet,textbook,0,medqa_test_719,medqa_test_719__textbook__wrong,76,2.857981443405152,17.42631540641523,gemma-2-2b-it
medqa-sonnet,clinical_note,0,medqa_test_719,medqa_test_719__clinical_note__wrong,27,5.03702974319458,154.01188013848213,gemma-2-2b-it
medqa-sonnet,clinical_note,1,medqa_test_719,medqa_test_719__clinical_note__correct,30,4.438970565795898,84.68771635328544,gemma-2-2b-it
medqa-sonnet,textbook,1,medqa_test_719,medqa_test_719__textbook__correct,111,2.295111656188965,9.9255441988549,gemma-2-2b-it
medqa-sonnet,colloquial,0,medqa_test_969,medqa_test_969__colloquial__wrong,119,4.157740116119385,63.92689188467092,gemma-2-2b-it
medqa-sonnet,patient,1,medqa_test_719,medqa_test_719__patient__correct,86,2.972273588180542,19.53628661108941,gemma-2-2b-it
medqa-sonnet,patient,0,medqa_test_719,medqa_test_719__patient__wrong,68,3.137596368789673,23.048400370457014,gemma-2-2b-it
medqa-sonnet,colloquial,1,medqa_test_969,medqa_test_969__colloquial__correct,133,3.850109100341797,46.9981904705266,gemma-2-2b-it
medqa-sonnet,colloquial,1,medqa_test_719,medqa_test_719__colloquial__correct,62,4.055773735046387,57.72981329995462,gemma-2-2b-it
medqa-sonnet,colloquial,0,medqa_test_719,medqa_test_719__colloquial__wrong,48,4.544912815093994,94.15221819926718,gemma-2-2b-it
medqa-sonnet,textbook,0,medqa_test_32,medqa_test_32__textbook__wrong,228,1.4641056060791016,4.323674442306827,gemma-2-2b-it
medqa-sonnet,clinical_note,1,medqa_test_32,medqa_test_32__clinical_note__correct,138,2.9469165802001958,19.04713278364768,gemma-2-2b-it
medqa-sonnet,clinical_note,0,medqa_test_32,medqa_test_32__clinical_note__wrong,140,3.017309188842773,20.43622760464705,gemma-2-2b-it
medqa-sonnet,textbook,1,medqa_test_32,medqa_test_32__textbook__correct,270,1.532370686531067,4.629138059585637,gemma-2-2b-it
medqa-sonnet,patient,1,medqa_test_32,medqa_test_32__patient__correct,167,2.55492901802063,12.870386059620266,gemma-2-2b-it
medqa-sonnet,colloquial,0,medqa_test_32,medqa_test_32__colloquial__wrong,167,2.942138910293579,18.956348910915278,gemma-2-2b-it
medqa-sonnet,patient,0,medqa_test_32,medqa_test_32__patient__wrong,242,2.2784383296966557,9.76142437361772,gemma-2-2b-it
medqa-sonnet,textbook,1,medqa_test_876,medqa_test_876__textbook__correct,146,2.345999956130981,10.44371076049679,gemma-2-2b-it
medqa-sonnet,colloquial,1,medqa_test_32,medqa_test_32__colloquial__correct,172,3.2414891719818115,25.571774176642627,gemma-2-2b-it
medqa-sonnet,clinical_note,1,medqa_test_876,medqa_test_876__clinical_note__correct,79,3.895479917526245,49.17964987595092,gemma-2-2b-it
medqa-sonnet,textbook,0,medqa_test_876,medqa_test_876__textbook__wrong,142,2.418539524078369,11.229446995949996,gemma-2-2b-it
medqa-sonnet,patient,0,medqa_test_876,medqa_test_876__patient__wrong,162,2.242653608322144,9.418290611007947,gemma-2-2b-it
medqa-sonnet,patient,1,medqa_test_876,medqa_test_876__patient__correct,163,2.236511468887329,9.360619450300565,gemma-2-2b-it
medqa-sonnet,clinical_note,0,medqa_test_876,medqa_test_876__clinical_note__wrong,78,3.918225049972534,50.31106585225108,gemma-2-2b-it
medqa-sonnet,colloquial,1,medqa_test_876,medqa_test_876__colloquial__correct,130,3.5573525428771973,35.07022720962564,gemma-2-2b-it
medqa-sonnet,colloquial,0,medqa_test_876,medqa_test_876__colloquial__wrong,138,3.4732494354248047,32.241338561219656,gemma-2-2b-it
medqa-sonnet,textbook,1,medqa_test_126,medqa_test_126__textbook__correct,235,1.8061102628707888,6.08672556380299,gemma-2-2b-it
medqa-sonnet,textbook,0,medqa_test_126,medqa_test_126__textbook__wrong,230,1.7648025751113892,5.840419200148672,gemma-2-2b-it
medqa-sonnet,clinical_note,0,medqa_test_126,medqa_test_126__clinical_note__wrong,95,3.3875906467437744,29.594562547732227,gemma-2-2b-it
medqa-sonnet,patient,1,medqa_test_126,medqa_test_126__patient__correct,197,2.388180732727051,10.893657430108393,gemma-2-2b-it
medqa-sonnet,patient,0,medqa_test_126,medqa_test_126__patient__wrong,176,2.42957067489624,11.354006473458895,gemma-2-2b-it
medqa-sonnet,clinical_note,1,medqa_test_126,medqa_test_126__clinical_note__correct,193,2.6221494674682617,13.76527982979066,gemma-2-2b-it
medqa-sonnet,colloquial,0,medqa_test_126,medqa_test_126__colloquial__wrong,102,3.883862018585205,48.61159188339333,gemma-2-2b-it
medqa-sonnet,colloquial,1,medqa_test_126,medqa_test_126__colloquial__correct,125,3.795897483825684,44.51817282176079,gemma-2-2b-it
medqa-sonnet,textbook,1,medqa_test_179,medqa_test_179__textbook__correct,200,1.8561564683914185,6.3990943234531485,gemma-2-2b-it
medqa-sonnet,textbook,0,medqa_test_179,medqa_test_179__textbook__wrong,190,1.8585416078567505,6.414375272219081,gemma-2-2b-it
medqa-sonnet,clinical_note,1,medqa_test_179,medqa_test_179__clinical_note__correct,117,3.5403568744659424,34.479221749340226,gemma-2-2b-it
medqa-sonnet,patient,0,medqa_test_179,medqa_test_179__patient__wrong,158,2.286421060562134,9.839659044967208,gemma-2-2b-it
medqa-sonnet,clinical_note,0,medqa_test_179,medqa_test_179__clinical_note__wrong,101,3.839691400527954,46.51111891810754,gemma-2-2b-it
medqa-sonnet,patient,1,medqa_test_179,medqa_test_179__patient__correct,199,2.214730978012085,9.158944822606324,gemma-2-2b-it
medqa-sonnet,colloquial,1,medqa_test_179,medqa_test_179__colloquial__correct,135,4.042266368865967,56.95527831209007,gemma-2-2b-it
medqa-sonnet,textbook,1,medqa_test_367,medqa_test_367__textbook__correct,269,1.7573317289352417,5.796948908815757,gemma-2-2b-it
medqa-sonnet,colloquial,0,medqa_test_179,medqa_test_179__colloquial__wrong,124,4.068706512451172,58.48126885488939,gemma-2-2b-it
medqa-sonnet,patient,1,medqa_test_367,medqa_test_367__patient__correct,184,2.57937240600586,13.18885831347215,gemma-2-2b-it
medqa-sonnet,clinical_note,0,medqa_test_367,medqa_test_367__clinical_note__wrong,168,3.115406990051269,22.54260310195156,gemma-2-2b-it
medqa-sonnet,patient,0,medqa_test_367,medqa_test_367__patient__wrong,162,2.59187388420105,13.354773469591771,gemma-2-2b-it
medqa-sonnet,textbook,0,medqa_test_367,medqa_test_367__textbook__wrong,295,1.767952561378479,5.8588454463984405,gemma-2-2b-it
medqa-sonnet,clinical_note,1,medqa_test_367,medqa_test_367__clinical_note__correct,179,2.7715418338775635,15.983258550947625,gemma-2-2b-it
medqa-sonnet,colloquial,1,medqa_test_367,medqa_test_367__colloquial__correct,150,3.551403760910034,34.86222137849431,gemma-2-2b-it
medqa-sonnet,clinical_note,0,medqa_test_480,medqa_test_480__clinical_note__wrong,59,5.446460723876953,231.9358265899945,gemma-2-2b-it
medqa-sonnet,clinical_note,1,medqa_test_480,medqa_test_480__clinical_note__correct,65,5.078150749206543,160.47701911054853,gemma-2-2b-it
medqa-sonnet,textbook,1,medqa_test_480,medqa_test_480__textbook__correct,163,2.145068645477295,8.54262762991827,gemma-2-2b-it
medqa-sonnet,textbook,0,medqa_test_480,medqa_test_480__textbook__wrong,133,2.298044443130493,9.954696433019258,gemma-2-2b-it
medqa-sonnet,colloquial,0,medqa_test_367,medqa_test_367__colloquial__wrong,173,3.5868377685546875,36.11967636646309,gemma-2-2b-it
medqa-sonnet,patient,0,medqa_test_480,medqa_test_480__patient__wrong,125,2.4777581691741943,11.914524108002825,gemma-2-2b-it
medqa-sonnet,patient,1,medqa_test_480,medqa_test_480__patient__correct,131,2.546189308166504,12.758392727224216,gemma-2-2b-it
medqa-sonnet,textbook,0,medqa_test_121,medqa_test_121__textbook__wrong,190,1.5153766870498655,4.551135157674855,gemma-2-2b-it
medqa-sonnet,textbook,1,medqa_test_121,medqa_test_121__textbook__correct,177,1.5205928087234497,4.574936453672871,gemma-2-2b-it
medqa-sonnet,colloquial,1,medqa_test_480,medqa_test_480__colloquial__correct,95,4.550105094909668,94.64235422195054,gemma-2-2b-it
medqa-sonnet,clinical_note,1,medqa_test_121,medqa_test_121__clinical_note__correct,80,3.408172607421875,30.209988279226,gemma-2-2b-it
medqa-sonnet,colloquial,0,medqa_test_480,medqa_test_480__colloquial__wrong,101,4.713594436645508,111.45204811469792,gemma-2-2b-it
medqa-sonnet,clinical_note,0,medqa_test_121,medqa_test_121__clinical_note__wrong,72,3.4638941287994385,31.9411174727894,gemma-2-2b-it
medqa-sonnet,patient,0,medqa_test_121,medqa_test_121__patient__wrong,139,2.4294798374176025,11.352975150980487,gemma-2-2b-it
medqa-sonnet,patient,1,medqa_test_121,medqa_test_121__patient__correct,198,2.1408257484436035,8.506458924792803,gemma-2-2b-it
medqa-sonnet,textbook,0,medqa_test_81,medqa_test_81__textbook__wrong,110,2.647624254226685,14.120452160161165,gemma-2-2b-it
medqa-sonnet,textbook,1,medqa_test_81,medqa_test_81__textbook__correct,130,2.671853542327881,14.466759107365345,gemma-2-2b-it
medqa-sonnet,colloquial,1,medqa_test_121,medqa_test_121__colloquial__correct,122,3.4763195514678955,32.34047531478727,gemma-2-2b-it
medqa-sonnet,patient,1,medqa_test_81,medqa_test_81__patient__correct,133,2.664907455444336,14.366619932015428,gemma-2-2b-it
medqa-sonnet,colloquial,0,medqa_test_121,medqa_test_121__colloquial__wrong,115,3.617746353149414,37.25351687607182,gemma-2-2b-it
medqa-sonnet,patient,0,medqa_test_81,medqa_test_81__patient__wrong,125,2.753040075302124,15.690259021400228,gemma-2-2b-it
medqa-sonnet,clinical_note,1,medqa_test_81,medqa_test_81__clinical_note__correct,86,4.38788652420044,80.47016738118585,gemma-2-2b-it
medqa-sonnet,clinical_note,0,medqa_test_81,medqa_test_81__clinical_note__wrong,61,5.142547130584717,171.1511579378157,gemma-2-2b-it
medqa-sonnet,textbook,1,medqa_test_11,medqa_test_11__textbook__correct,232,1.8063957691192627,6.0884636100839336,gemma-2-2b-it
medqa-sonnet,colloquial,1,medqa_test_81,medqa_test_81__colloquial__correct,128,3.960557699203491,52.486589517374014,gemma-2-2b-it
medqa-sonnet,clinical_note,1,medqa_test_11,medqa_test_11__clinical_note__correct,126,3.397778987884521,29.89762326835507,gemma-2-2b-it
medqa-sonnet,clinical_note,0,medqa_test_11,medqa_test_11__clinical_note__wrong,135,3.592933893203736,36.340538934761966,gemma-2-2b-it
medqa-sonnet,colloquial,0,medqa_test_81,medqa_test_81__colloquial__wrong,91,4.263618469238281,71.06667132968494,gemma-2-2b-it
medqa-sonnet,textbook,0,medqa_test_11,medqa_test_11__textbook__wrong,234,1.7456856966018677,5.729829053015047,gemma-2-2b-it
medqa-sonnet,patient,1,medqa_test_11,medqa_test_11__patient__correct,230,2.258444309234619,9.568192433803162,gemma-2-2b-it
medqa-sonnet,patient,0,medqa_test_11,medqa_test_11__patient__wrong,239,2.2622954845428467,9.605112266992052,gemma-2-2b-it
medqa-sonnet,textbook,1,medqa_test_829,medqa_test_829__textbook__correct,199,1.634087324142456,5.124778600262036,gemma-2-2b-it
medqa-sonnet,clinical_note,1,medqa_test_829,medqa_test_829__clinical_note__correct,113,2.9379961490631104,18.87797972806612,gemma-2-2b-it
medqa-sonnet,textbook,0,medqa_test_829,medqa_test_829__textbook__wrong,208,1.618780255317688,5.046930593929152,gemma-2-2b-it
medqa-sonnet,clinical_note,0,medqa_test_829,medqa_test_829__clinical_note__wrong,108,3.026522397994995,20.625380860110344,gemma-2-2b-it
medqa-sonnet,patient,1,medqa_test_829,medqa_test_829__patient__correct,156,2.3725781440734863,10.7250072850596,gemma-2-2b-it
medqa-sonnet,patient,0,medqa_test_829,medqa_test_829__patient__wrong,156,2.3006222248077397,9.980390569796302,gemma-2-2b-it
medqa-sonnet,colloquial,0,medqa_test_11,medqa_test_11__colloquial__wrong,203,3.4977970123291016,33.04257932454022,gemma-2-2b-it
medqa-sonnet,colloquial,1,medqa_test_11,medqa_test_11__colloquial__correct,202,3.4175052642822266,30.493247457999505,gemma-2-2b-it
medqa-sonnet,colloquial,0,medqa_test_829,medqa_test_829__colloquial__wrong,143,3.630750179290772,37.74111860566016,gemma-2-2b-it
medqa-sonnet,clinical_note,1,medqa_test_1171,medqa_test_1171__clinical_note__correct,196,3.706194877624512,40.69864817911204,gemma-2-2b-it
medqa-sonnet,clinical_note,0,medqa_test_1171,medqa_test_1171__clinical_note__wrong,188,3.697157144546509,40.3324818095766,gemma-2-2b-it
medqa-sonnet,textbook,1,medqa_test_1171,medqa_test_1171__textbook__correct,305,2.029198408126831,7.6079854145934895,gemma-2-2b-it
medqa-sonnet,textbook,0,medqa_test_1171,medqa_test_1171__textbook__wrong,266,2.104015827178955,8.199029775254798,gemma-2-2b-it
medqa-sonnet,patient,0,medqa_test_1171,medqa_test_1171__patient__wrong,199,2.710610628128052,15.038455615777693,gemma-2-2b-it
medqa-sonnet,patient,1,medqa_test_1171,medqa_test_1171__patient__correct,170,2.5534627437591557,12.85152837245507,gemma-2-2b-it
medqa-sonnet,textbook,1,medqa_test_1068,medqa_test_1068__textbook__correct,169,2.1119961738586426,8.264722652623997,gemma-2-2b-it
medqa-sonnet,colloquial,0,medqa_test_1171,medqa_test_1171__colloquial__wrong,129,4.147009372711182,63.24457623536018,gemma-2-2b-it
medqa-sonnet,colloquial,1,medqa_test_1171,medqa_test_1171__colloquial__correct,169,3.831961154937744,46.15296264767802,gemma-2-2b-it
medqa-sonnet,patient,1,medqa_test_1068,medqa_test_1068__patient__correct,136,2.239320516586304,9.386950842582324,gemma-2-2b-it
medqa-sonnet,patient,0,medqa_test_1068,medqa_test_1068__patient__wrong,141,2.485612154006958,12.008469037747144,gemma-2-2b-it
medqa-sonnet,clinical_note,1,medqa_test_1068,medqa_test_1068__clinical_note__correct,81,4.16192102432251,64.19472385164407,gemma-2-2b-it
medqa-sonnet,textbook,0,medqa_test_1068,medqa_test_1068__textbook__wrong,159,2.163748264312744,8.703700362987117,gemma-2-2b-it
medqa-sonnet,clinical_note,0,medqa_test_1068,medqa_test_1068__clinical_note__wrong,91,4.4621686935424805,86.67527753131485,gemma-2-2b-it
medqa-sonnet,colloquial,1,medqa_test_829,medqa_test_829__colloquial__correct,134,3.75745153427124,42.83911273674032,gemma-2-2b-it
medqa-sonnet,colloquial,0,medqa_test_1068,medqa_test_1068__colloquial__wrong,121,4.062124252319336,58.09759403942904,gemma-2-2b-it
medqa-sonnet,textbook,0,medqa_test_1203,medqa_test_1203__textbook__wrong,140,2.7719082832336426,15.989116679039745,gemma-2-2b-it
medqa-sonnet,clinical_note,0,medqa_test_1203,medqa_test_1203__clinical_note__wrong,93,3.637839794158936,38.00963933081832,gemma-2-2b-it
medqa-sonnet,patient,0,medqa_test_1203,medqa_test_1203__patient__wrong,166,2.36050033569336,10.596251809340371,gemma-2-2b-it
medqa-sonnet,patient,1,medqa_test_1203,medqa_test_1203__patient__correct,191,2.3551597595214844,10.539812562609804,gemma-2-2b-it
medqa-sonnet,colloquial,0,medqa_test_1203,medqa_test_1203__colloquial__wrong,124,3.391453742980957,29.709110302998077,gemma-2-2b-it
medqa-sonnet,clinical_note,1,medqa_test_1203,medqa_test_1203__clinical_note__correct,89,4.232484340667725,68.88816142363883,gemma-2-2b-it
medqa-sonnet,colloquial,1,medqa_test_1203,medqa_test_1203__colloquial__correct,146,3.682248830795288,39.735652430340224,gemma-2-2b-it
medqa-sonnet,textbook,1,medqa_test_820,medqa_test_820__textbook__correct,145,2.00939679145813,7.458816768074991,gemma-2-2b-it
medqa-sonnet,textbook,1,medqa_test_1203,medqa_test_1203__textbook__correct,134,2.4616212844848637,11.723803761065374,gemma-2-2b-it
medqa-sonnet,textbook,0,medqa_test_820,medqa_test_820__textbook__wrong,140,2.102820873260498,8.189238163924609,gemma-2-2b-it
medqa-sonnet,clinical_note,0,medqa_test_820,medqa_test_820__clinical_note__wrong,67,4.130870342254639,62.23206256498296,gemma-2-2b-it
medqa-sonnet,clinical_note,1,medqa_test_820,medqa_test_820__clinical_note__correct,77,3.492732524871826,32.87565863663955,gemma-2-2b-it
medqa-sonnet,patient,0,medqa_test_820,medqa_test_820__patient__wrong,144,2.69755220413208,14.843353720169585,gemma-2-2b-it
medqa-sonnet,patient,1,medqa_test_820,medqa_test_820__patient__correct,192,2.5344955921173096,12.610068625578204,gemma-2-2b-it
medqa-sonnet,colloquial,0,medqa_test_820,medqa_test_820__colloquial__wrong,113,3.726834774017334,41.54739293213875,gemma-2-2b-it
medqa-sonnet,textbook,1,medqa_test_1180,medqa_test_1180__textbook__correct,102,2.262331008911133,9.60545348859846,gemma-2-2b-it
medqa-sonnet,colloquial,1,medqa_test_1068,medqa_test_1068__colloquial__correct,133,3.932546615600586,51.03678338519131,gemma-2-2b-it
medqa-sonnet,patient,1,medqa_test_1180,medqa_test_1180__patient__correct,134,2.182770252227783,8.87084673430109,gemma-2-2b-it
medqa-sonnet,clinical_note,1,medqa_test_1180,medqa_test_1180__clinical_note__correct,64,4.273117065429688,71.74492105394883,gemma-2-2b-it
medqa-sonnet,colloquial,1,medqa_test_820,medqa_test_820__colloquial__correct,131,3.722628355026245,41.37299424360672,gemma-2-2b-it
medqa-sonnet,textbook,0,medqa_test_1180,medqa_test_1180__textbook__wrong,126,1.951235294342041,7.037375443518758,gemma-2-2b-it
medqa-sonnet,patient,0,medqa_test_1180,medqa_test_1180__patient__wrong,122,2.626181125640869,13.820888755481018,gemma-2-2b-it
medqa-sonnet,clinical_note,0,medqa_test_1180,medqa_test_1180__clinical_note__wrong,56,4.518278121948242,91.67760433955326,gemma-2-2b-it
medqa-sonnet,colloquial,0,medqa_test_1180,medqa_test_1180__colloquial__wrong,75,4.1256842613220215,61.91015748629373,gemma-2-2b-it
medqa-sonnet,colloquial,1,medqa_test_1180,medqa_test_1180__colloquial__correct,91,4.080832958221436,59.19475607908966,gemma-2-2b-it
medqa-sonnet,patient,0,medqa_test_901,medqa_test_901__patient__wrong,121,2.6860456466674805,14.673536695950832,gemma-2-2b-it
medqa-sonnet,clinical_note,0,medqa_test_901,medqa_test_901__clinical_note__wrong,130,3.477490901947021,32.37837954127542,gemma-2-2b-it
medqa-sonnet,textbook,1,medqa_test_901,medqa_test_901__textbook__correct,271,2.057825326919556,7.82892593013268,gemma-2-2b-it
medqa-sonnet,clinical_note,1,medqa_test_901,medqa_test_901__clinical_note__correct,144,3.310455322265625,27.39759736842813,gemma-2-2b-it
medqa-sonnet,textbook,0,medqa_test_901,medqa_test_901__textbook__wrong,275,1.9995070695877075,7.3854147060117405,gemma-2-2b-it
medqa-sonnet,patient,1,medqa_test_901,medqa_test_901__patient__correct,205,2.426278829574585,11.316692290322257,gemma-2-2b-it
medqa-sonnet,colloquial,1,medqa_test_901,medqa_test_901__colloquial__correct,162,3.5858407020568848,36.08368059531743,gemma-2-2b-it
medqa-sonnet,clinical_note,1,medqa_test_1100,medqa_test_1100__clinical_note__correct,91,4.029007434844971,56.20509633158623,gemma-2-2b-it
medqa-sonnet,clinical_note,0,medqa_test_1100,medqa_test_1100__clinical_note__wrong,82,4.2840094566345215,72.53066635497079,gemma-2-2b-it
medqa-sonnet,textbook,0,medqa_test_1100,medqa_test_1100__textbook__wrong,158,2.5156311988830566,12.374417032782022,gemma-2-2b-it
medqa-sonnet,textbook,1,medqa_test_1100,medqa_test_1100__textbook__correct,170,2.603178024291992,13.506594184409876,gemma-2-2b-it
medqa-sonnet,patient,1,medqa_test_1100,medqa_test_1100__patient__correct,184,2.805009365081787,16.527230684204973,gemma-2-2b-it
medqa-sonnet,patient,0,medqa_test_1100,medqa_test_1100__patient__wrong,209,2.6039650440216064,13.51722832460307,gemma-2-2b-it
medqa-sonnet,textbook,0,medqa_test_1163,medqa_test_1163__textbook__wrong,131,2.64833664894104,14.1305150796041,gemma-2-2b-it
medqa-sonnet,textbook,1,medqa_test_1163,medqa_test_1163__textbook__correct,130,2.484596014022827,11.99627294972545,gemma-2-2b-it
medqa-sonnet,patient,1,medqa_test_1163,medqa_test_1163__patient__correct,145,3.0321266651153564,20.741295508851664,gemma-2-2b-it
medqa-sonnet,colloquial,0,medqa_test_1100,medqa_test_1100__colloquial__wrong,174,3.615595579147339,37.173479082944645,gemma-2-2b-it
medqa-sonnet,clinical_note,1,medqa_test_1163,medqa_test_1163__clinical_note__correct,67,4.698872089385986,109.82323177947364,gemma-2-2b-it
medqa-sonnet,colloquial,0,medqa_test_901,medqa_test_901__colloquial__wrong,175,3.3727734088897705,29.15928563976029,gemma-2-2b-it
medqa-sonnet,patient,0,medqa_test_1163,medqa_test_1163__patient__wrong,153,3.0256621837615967,20.60764624280392,gemma-2-2b-it
medqa-sonnet,clinical_note,0,medqa_test_1163,medqa_test_1163__clinical_note__wrong,85,4.1609649658203125,64.13337926928692,gemma-2-2b-it
medqa-sonnet,colloquial,1,medqa_test_1163,medqa_test_1163__colloquial__correct,94,4.471249103546143,87.46590878390651,gemma-2-2b-it
medqa-sonnet,colloquial,0,medqa_test_1163,medqa_test_1163__colloquial__wrong,93,4.452657222747803,85.85477643232886,gemma-2-2b-it
medqa-sonnet,textbook,0,medqa_test_426,medqa_test_426__textbook__wrong,210,1.9540449380874636,7.057175764316101,gemma-2-2b-it
medqa-sonnet,textbook,1,medqa_test_426,medqa_test_426__textbook__correct,184,1.9957962036132808,7.358059209554308,gemma-2-2b-it
medqa-sonnet,colloquial,1,medqa_test_1100,medqa_test_1100__colloquial__correct,180,3.512787103652954,33.54162160622947,gemma-2-2b-it
medqa-sonnet,patient,1,medqa_test_426,medqa_test_426__patient__correct,164,2.6201395988464355,13.737641210091365,gemma-2-2b-it
medqa-sonnet,patient,0,medqa_test_426,medqa_test_426__patient__wrong,120,2.7734665870666504,16.0140520042076,gemma-2-2b-it
medqa-sonnet,colloquial,1,medqa_test_426,medqa_test_426__colloquial__correct,127,3.793321132659912,44.40362599509815,gemma-2-2b-it
medqa-sonnet,colloquial,0,medqa_test_426,medqa_test_426__colloquial__wrong,91,4.198294639587402,66.57270372720596,gemma-2-2b-it
medqa-sonnet,textbook,1,medqa_test_1044,medqa_test_1044__textbook__correct,131,2.430680751800537,11.366617292010536,gemma-2-2b-it
medqa-sonnet,textbook,0,medqa_test_1044,medqa_test_1044__textbook__wrong,103,2.5065574645996094,12.2626427327516,gemma-2-2b-it
medqa-sonnet,clinical_note,1,medqa_test_426,medqa_test_426__clinical_note__correct,136,3.1543831825256348,23.438575308924683,gemma-2-2b-it
medqa-sonnet,patient,1,medqa_test_1044,medqa_test_1044__patient__correct,102,3.026883840560913,20.63283709811118,gemma-2-2b-it
medqa-sonnet,clinical_note,1,medqa_test_1044,medqa_test_1044__clinical_note__correct,60,4.938305377960205,139.533592393451,gemma-2-2b-it
medqa-sonnet,clinical_note,0,medqa_test_1044,medqa_test_1044__clinical_note__wrong,37,5.955124855041504,385.7250673909519,gemma-2-2b-it
medqa-sonnet,patient,0,medqa_test_1044,medqa_test_1044__patient__wrong,108,3.086944580078125,21.910031253996426,gemma-2-2b-it
medqa-sonnet,clinical_note,0,medqa_test_426,medqa_test_426__clinical_note__wrong,131,3.20438814163208,24.64041895666273,gemma-2-2b-it
medqa-sonnet,colloquial,1,medqa_test_1044,medqa_test_1044__colloquial__correct,78,4.436514854431152,84.48000291229607,gemma-2-2b-it
medqa-sonnet,textbook,1,medqa_test_1212,medqa_test_1212__textbook__correct,140,2.0651021003723145,7.88610303060755,gemma-2-2b-it
medqa-sonnet,textbook,0,medqa_test_1212,medqa_test_1212__textbook__wrong,135,2.1692073345184326,8.751344402073348,gemma-2-2b-it
medqa-sonnet,colloquial,0,medqa_test_1044,medqa_test_1044__colloquial__wrong,76,4.565291404724121,96.09059118929244,gemma-2-2b-it
medqa-sonnet,patient,0,medqa_test_1212,medqa_test_1212__patient__wrong,98,2.430315494537353,11.362466310621,gemma-2-2b-it
medqa-sonnet,patient,1,medqa_test_1212,medqa_test_1212__patient__correct,121,2.2911059856414795,9.885865262219044,gemma-2-2b-it
medqa-sonnet,clinical_note,0,medqa_test_1212,medqa_test_1212__clinical_note__wrong,63,4.784212589263916,119.60714604406508,gemma-2-2b-it
medqa-sonnet,clinical_note,1,medqa_test_1212,medqa_test_1212__clinical_note__correct,62,4.617339134216309,101.22432911309676,gemma-2-2b-it
medqa-sonnet,colloquial,0,medqa_test_1212,medqa_test_1212__colloquial__wrong,67,3.5869832038879395,36.12492982564243,gemma-2-2b-it
medqa-sonnet,textbook,1,medqa_test_888,medqa_test_888__textbook__correct,102,2.566805124282837,13.02414736768876,gemma-2-2b-it
medqa-sonnet,colloquial,1,medqa_test_1212,medqa_test_1212__colloquial__correct,82,3.522555351257324,33.87086994273624,gemma-2-2b-it
medqa-sonnet,clinical_note,1,medqa_test_888,medqa_test_888__clinical_note__correct,47,4.355441093444824,77.9011794591855,gemma-2-2b-it
medqa-sonnet,clinical_note,0,medqa_test_888,medqa_test_888__clinical_note__wrong,49,3.9996705055236816,54.580163207733655,gemma-2-2b-it
medqa-sonnet,textbook,0,medqa_test_888,medqa_test_888__textbook__wrong,104,2.628971576690674,13.859509128087458,gemma-2-2b-it
medqa-sonnet,patient,0,medqa_test_888,medqa_test_888__patient__wrong,118,2.1027464866638184,8.188629017024658,gemma-2-2b-it
medqa-sonnet,patient,1,medqa_test_888,medqa_test_888__patient__correct,125,2.245161771774292,9.44194287276998,gemma-2-2b-it
medqa-sonnet,colloquial,1,medqa_test_888,medqa_test_888__colloquial__correct,70,3.804828405380249,44.9175418431708,gemma-2-2b-it
medqa-sonnet,colloquial,0,medqa_test_888,medqa_test_888__colloquial__wrong,74,3.6426243782043457,38.19193540240646,gemma-2-2b-it
medqa-sonnet,textbook,1,medqa_test_813,medqa_test_813__textbook__correct,188,2.1402716636657715,8.50174693093191,gemma-2-2b-it
medqa-sonnet,clinical_note,0,medqa_test_813,medqa_test_813__clinical_note__wrong,73,3.783357381820679,43.96339614163811,gemma-2-2b-it
medqa-sonnet,textbook,0,medqa_test_813,medqa_test_813__textbook__wrong,192,1.866914749145508,6.468309225853015,gemma-2-2b-it
medqa-sonnet,clinical_note,1,medqa_test_813,medqa_test_813__clinical_note__correct,83,4.111343383789063,61.02864742129767,gemma-2-2b-it
medqa-sonnet,patient,1,medqa_test_813,medqa_test_813__patient__correct,155,2.6534013748168945,14.202263805409505,gemma-2-2b-it
medqa-sonnet,patient,0,medqa_test_813,medqa_test_813__patient__wrong,178,2.330836534500122,10.286542982929266,gemma-2-2b-it
medqa-sonnet,colloquial,1,medqa_test_813,medqa_test_813__colloquial__correct,134,3.8816792964935294,48.5056020031849,gemma-2-2b-it
medqa-sonnet,colloquial,0,medqa_test_813,medqa_test_813__colloquial__wrong,141,3.821520328521729,45.673594430945954,gemma-2-2b-it
medqa-sonnet,textbook,0,medqa_test_1107,medqa_test_1107__textbook__wrong,153,1.8126896619796755,6.126904592545772,gemma-2-2b-it
medqa-sonnet,textbook,1,medqa_test_1107,medqa_test_1107__textbook__correct,172,2.0183329582214355,7.525768699848132,gemma-2-2b-it
medqa-sonnet,clinical_note,0,medqa_test_1107,medqa_test_1107__clinical_note__wrong,77,3.482283115386963,32.5339160312436,gemma-2-2b-it
medqa-sonnet,clinical_note,1,medqa_test_1107,medqa_test_1107__clinical_note__correct,80,3.3706958293914795,29.09876779281731,gemma-2-2b-it
medqa-sonnet,patient,1,medqa_test_1107,medqa_test_1107__patient__correct,107,2.6605186462402344,14.303705738407835,gemma-2-2b-it
medqa-sonnet,patient,0,medqa_test_1107,medqa_test_1107__patient__wrong,117,2.4938552379608154,12.10786495782374,gemma-2-2b-it
medqa-sonnet,colloquial,1,medqa_test_1107,medqa_test_1107__colloquial__correct,61,4.165313243865967,64.41285621574121,gemma-2-2b-it
medqa-sonnet,colloquial,0,medqa_test_1107,medqa_test_1107__colloquial__wrong,65,4.143664836883545,63.03340581460088,gemma-2-2b-it
medqa-sonnet,textbook,0,medqa_test_875,medqa_test_875__textbook__wrong,115,2.7363877296447754,15.43114283857222,gemma-2-2b-it
medqa-sonnet,patient,1,medqa_test_875,medqa_test_875__patient__correct,119,2.912149429321289,18.396297643131756,gemma-2-2b-it
medqa-sonnet,clinical_note,1,medqa_test_875,medqa_test_875__clinical_note__correct,67,3.947911500930786,51.827013057304406,gemma-2-2b-it
medqa-sonnet,patient,0,medqa_test_875,medqa_test_875__patient__wrong,105,2.811851978302002,16.640707929063325,gemma-2-2b-it
medqa-sonnet,clinical_note,0,medqa_test_875,medqa_test_875__clinical_note__wrong,53,4.164664268493652,64.37106741981314,gemma-2-2b-it
medqa-sonnet,textbook,1,medqa_test_875,medqa_test_875__textbook__correct,148,2.267532587051392,9.655547175659567,gemma-2-2b-it
medqa-sonnet,colloquial,1,medqa_test_875,medqa_test_875__colloquial__correct,98,4.091013431549072,59.80046468323611,gemma-2-2b-it
medqa-sonnet,clinical_note,1,medqa_test_659,medqa_test_659__clinical_note__correct,104,4.766473770141602,117.50416386926923,gemma-2-2b-it
medqa-sonnet,patient,0,medqa_test_659,medqa_test_659__patient__wrong,176,3.032456159591675,20.748130777183256,gemma-2-2b-it
medqa-sonnet,textbook,1,medqa_test_659,medqa_test_659__textbook__correct,194,2.6825385093688965,14.62216472503628,gemma-2-2b-it
medqa-sonnet,patient,1,medqa_test_659,medqa_test_659__patient__correct,199,2.6470601558685303,14.112489082471903,gemma-2-2b-it
medqa-sonnet,clinical_note,0,medqa_test_659,medqa_test_659__clinical_note__wrong,108,4.534502029418945,93.17710429295798,gemma-2-2b-it
medqa-sonnet,textbook,0,medqa_test_659,medqa_test_659__textbook__wrong,185,2.5852866172790527,13.2670911226364,gemma-2-2b-it
medqa-sonnet,colloquial,1,medqa_test_659,medqa_test_659__colloquial__correct,120,4.190313816070557,66.043513224556,gemma-2-2b-it
medqa-sonnet,colloquial,0,medqa_test_875,medqa_test_875__colloquial__wrong,83,4.436088562011719,84.44399740244404,gemma-2-2b-it
medqa-sonnet,textbook,1,medqa_test_125,medqa_test_125__textbook__correct,167,1.729406476020813,5.6373070383974335,gemma-2-2b-it
medqa-sonnet,textbook,0,medqa_test_125,medqa_test_125__textbook__wrong,169,1.5394328832626345,4.661945653746726,gemma-2-2b-it
medqa-sonnet,clinical_note,1,medqa_test_125,medqa_test_125__clinical_note__correct,65,3.7408447265625,42.133566479530586,gemma-2-2b-it
medqa-sonnet,patient,0,medqa_test_125,medqa_test_125__patient__wrong,122,2.4463865756988525,11.546548668104032,gemma-2-2b-it
medqa-sonnet,colloquial,0,medqa_test_659,medqa_test_659__colloquial__wrong,161,4.038239479064941,56.72638685238841,gemma-2-2b-it
medqa-sonnet,clinical_note,0,medqa_test_125,medqa_test_125__clinical_note__wrong,75,2.833477258682251,17.004487140727583,gemma-2-2b-it
medqa-sonnet,textbook,0,medqa_test_269,medqa_test_269__textbook__wrong,120,2.207897663116455,9.096572217052076,gemma-2-2b-it
medqa-sonnet,textbook,1,medqa_test_269,medqa_test_269__textbook__correct,136,2.028805494308472,7.604996719182531,gemma-2-2b-it
medqa-sonnet,colloquial,0,medqa_test_125,medqa_test_125__colloquial__wrong,97,3.889434099197388,48.8832156440166,gemma-2-2b-it
medqa-sonnet,colloquial,1,medqa_test_125,medqa_test_125__colloquial__correct,83,3.9769999980926514,53.356723609046696,gemma-2-2b-it
medqa-sonnet,patient,0,medqa_test_269,medqa_test_269__patient__wrong,137,2.4561829566955566,11.660218927570892,gemma-2-2b-it
medqa-sonnet,patient,1,medqa_test_269,medqa_test_269__patient__correct,132,2.430919647216797,11.369333049158026,gemma-2-2b-it
medqa-sonnet,clinical_note,1,medqa_test_269,medqa_test_269__clinical_note__correct,71,4.622563362121582,101.75453182195372,gemma-2-2b-it
medqa-sonnet,patient,1,medqa_test_125,medqa_test_125__patient__correct,117,2.5111398696899414,12.31896407427716,gemma-2-2b-it
medqa-sonnet,clinical_note,0,medqa_test_269,medqa_test_269__clinical_note__wrong,69,4.118186473846436,61.44770413781283,gemma-2-2b-it
medqa-sonnet,clinical_note,1,medqa_test_148,medqa_test_148__clinical_note__correct,73,4.4159016609191895,82.75642551073842,gemma-2-2b-it
medqa-sonnet,colloquial,0,medqa_test_269,medqa_test_269__colloquial__wrong,98,3.826254606246948,45.89033857033601,gemma-2-2b-it
medqa-sonnet,colloquial,1,medqa_test_269,medqa_test_269__colloquial__correct,114,4.11250638961792,61.0996653831229,gemma-2-2b-it
medqa-sonnet,textbook,0,medqa_test_148,medqa_test_148__textbook__wrong,176,2.0708703994750977,7.931723882506808,gemma-2-2b-it
medqa-sonnet,textbook,1,medqa_test_148,medqa_test_148__textbook__correct,205,2.073679685592652,7.9540376925614,gemma-2-2b-it
medqa-sonnet,clinical_note,0,medqa_test_148,medqa_test_148__clinical_note__wrong,95,3.9140820503234863,50.10305830919869,gemma-2-2b-it
medqa-sonnet,patient,1,medqa_test_148,medqa_test_148__patient__correct,145,2.4548492431640625,11.644677901748912,gemma-2-2b-it
medqa-sonnet,patient,0,medqa_test_148,medqa_test_148__patient__wrong,135,2.492154359817505,12.08728845897403,gemma-2-2b-it
medqa-sonnet,textbook,1,medqa_test_462,medqa_test_462__textbook__correct,181,1.7063504457473757,5.508820008798108,gemma-2-2b-it
medqa-sonnet,textbook,0,medqa_test_462,medqa_test_462__textbook__wrong,173,1.8330614566802976,6.253000675918928,gemma-2-2b-it
medqa-sonnet,colloquial,0,medqa_test_148,medqa_test_148__colloquial__wrong,109,4.1248931884765625,61.86120140831324,gemma-2-2b-it
medqa-sonnet,colloquial,1,medqa_test_148,medqa_test_148__colloquial__correct,119,3.5651204586029053,35.343710601867095,gemma-2-2b-it
medqa-sonnet,patient,1,medqa_test_462,medqa_test_462__patient__correct,181,2.2298316955566406,9.298301002408168,gemma-2-2b-it
medqa-sonnet,patient,0,medqa_test_462,medqa_test_462__patient__wrong,176,2.261694431304932,9.5993408178113,gemma-2-2b-it
medqa-sonnet,clinical_note,1,medqa_test_462,medqa_test_462__clinical_note__correct,112,2.9041683673858643,18.2500599943705,gemma-2-2b-it
medqa-sonnet,clinical_note,0,medqa_test_462,medqa_test_462__clinical_note__wrong,104,2.991339445114136,19.91233611836944,gemma-2-2b-it
medqa-sonnet,colloquial,1,medqa_test_462,medqa_test_462__colloquial__correct,122,3.849025249481201,46.947279036523405,gemma-2-2b-it
medqa-sonnet,colloquial,0,medqa_test_462,medqa_test_462__colloquial__wrong,113,3.880285024642944,48.43801913311118,gemma-2-2b-it
medqa-sonnet,patient,1,medqa_test_960,medqa_test_960__patient__correct,154,2.3470582962036133,10.454769609080673,gemma-2-2b-it
medqa-sonnet,textbook,1,medqa_test_960,medqa_test_960__textbook__correct,311,1.8484493494033811,6.349965306862033,gemma-2-2b-it
medqa-sonnet,clinical_note,1,medqa_test_960,medqa_test_960__clinical_note__correct,188,2.9733211994171143,19.556763768641467,gemma-2-2b-it
medqa-sonnet,patient,0,medqa_test_960,medqa_test_960__patient__wrong,172,2.5277695655822754,12.525537567142855,gemma-2-2b-it
medqa-sonnet,clinical_note,0,medqa_test_960,medqa_test_960__clinical_note__wrong,188,3.0025951862335205,20.137730328613703,gemma-2-2b-it
medqa-sonnet,textbook,1,medqa_test_314,medqa_test_314__textbook__correct,165,2.52957820892334,12.54821229632478,gemma-2-2b-it
medqa-sonnet,colloquial,1,medqa_test_960,medqa_test_960__colloquial__correct,206,3.4911084175109863,32.82230837246064,gemma-2-2b-it
medqa-sonnet,textbook,0,medqa_test_314,medqa_test_314__textbook__wrong,148,2.4605603218078613,11.711371838911251,gemma-2-2b-it
medqa-sonnet,colloquial,0,medqa_test_960,medqa_test_960__colloquial__wrong,212,3.5063343048095703,33.3258810828177,gemma-2-2b-it
medqa-sonnet,patient,1,medqa_test_314,medqa_test_314__patient__correct,146,2.7092463970184326,15.017953674658688,gemma-2-2b-it
medqa-sonnet,clinical_note,1,medqa_test_314,medqa_test_314__clinical_note__correct,56,4.717245578765869,111.85971916155223,gemma-2-2b-it
medqa-sonnet,patient,0,medqa_test_314,medqa_test_314__patient__wrong,146,2.696355104446411,14.82559537747084,gemma-2-2b-it
medqa-sonnet,textbook,0,medqa_test_960,medqa_test_960__textbook__wrong,322,1.901890516281128,6.6985461899756364,gemma-2-2b-it
medqa-sonnet,clinical_note,0,medqa_test_314,medqa_test_314__clinical_note__wrong,64,3.96297025680542,52.61336930819475,gemma-2-2b-it
medqa-sonnet,colloquial,0,medqa_test_314,medqa_test_314__colloquial__wrong,116,3.901500940322876,49.47665490875158,gemma-2-2b-it
medqa-sonnet,textbook,0,medqa_test_300,medqa_test_300__textbook__wrong,122,2.726057767868042,15.272560209296444,gemma-2-2b-it
medqa-sonnet,textbook,1,medqa_test_300,medqa_test_300__textbook__correct,165,2.5159389972686768,12.37822644460303,gemma-2-2b-it
medqa-sonnet,clinical_note,1,medqa_test_300,medqa_test_300__clinical_note__correct,63,5.176263809204102,177.02019271529477,gemma-2-2b-it
medqa-sonnet,patient,0,medqa_test_300,medqa_test_300__patient__wrong,118,2.7628042697906494,15.8442121530712,gemma-2-2b-it
medqa-sonnet,patient,1,medqa_test_300,medqa_test_300__patient__correct,131,2.629222631454468,13.86298906068646,gemma-2-2b-it
medqa-sonnet,colloquial,1,medqa_test_314,medqa_test_314__colloquial__correct,101,3.844567060470581,46.73844504962597,gemma-2-2b-it
medqa-sonnet,clinical_note,0,medqa_test_300,medqa_test_300__clinical_note__wrong,64,4.451623916625977,85.76610798496749,gemma-2-2b-it
medqa-sonnet,colloquial,1,medqa_test_300,medqa_test_300__colloquial__correct,91,4.704294204711914,110.42032329433452,gemma-2-2b-it
medqa-sonnet,colloquial,0,medqa_test_300,medqa_test_300__colloquial__wrong,90,4.533202171325684,93.05606596320486,gemma-2-2b-it
medqa-sonnet,textbook,1,medqa_test_241,medqa_test_241__textbook__correct,169,2.46776819229126,11.796090845335575,gemma-2-2b-it
medqa-sonnet,clinical_note,1,medqa_test_241,medqa_test_241__clinical_note__correct,100,4.251962184906006,70.24310717580248,gemma-2-2b-it
medqa-sonnet,textbook,0,medqa_test_241,medqa_test_241__textbook__wrong,219,2.277885913848877,9.756033497236707,gemma-2-2b-it
medqa-sonnet,patient,0,medqa_test_241,medqa_test_241__patient__wrong,270,2.39080023765564,10.922230827175383,gemma-2-2b-it
medqa-sonnet,patient,1,medqa_test_241,medqa_test_241__patient__correct,282,2.358269214630127,10.572636642681273,gemma-2-2b-it
medqa-sonnet,clinical_note,0,medqa_test_241,medqa_test_241__clinical_note__wrong,136,4.342815399169922,76.92380597647958,gemma-2-2b-it
medqa-sonnet,textbook,0,medqa_test_1031,medqa_test_1031__textbook__wrong,128,1.8189969062805176,6.16567060144974,gemma-2-2b-it
medqa-sonnet,textbook,1,medqa_test_1031,medqa_test_1031__textbook__correct,186,1.7861346006393433,5.966345528191586,gemma-2-2b-it
medqa-sonnet,clinical_note,1,medqa_test_1031,medqa_test_1031__clinical_note__correct,70,3.476209878921509,32.336928646997734,gemma-2-2b-it
medqa-sonnet,patient,1,medqa_test_1031,medqa_test_1031__patient__correct,142,2.839842796325684,17.113075087394535,gemma-2-2b-it
medqa-sonnet,colloquial,1,medqa_test_241,medqa_test_241__colloquial__correct,205,3.528554677963257,34.074683116944456,gemma-2-2b-it
medqa-sonnet,colloquial,0,medqa_test_241,medqa_test_241__colloquial__wrong,180,3.729865789413452,41.6735147618311,gemma-2-2b-it
medqa-sonnet,patient,0,medqa_test_1031,medqa_test_1031__patient__wrong,137,2.7740283012390137,16.023049851047784,gemma-2-2b-it
medqa-sonnet,clinical_note,0,medqa_test_1031,medqa_test_1031__clinical_note__wrong,68,3.538334369659424,34.409557829180685,gemma-2-2b-it
medqa-sonnet,colloquial,1,medqa_test_1031,medqa_test_1031__colloquial__correct,105,3.83178186416626,46.14468858915196,gemma-2-2b-it
medqa-sonnet,colloquial,0,medqa_test_1031,medqa_test_1031__colloquial__wrong,112,3.895081043243408,49.160037290114566,gemma-2-2b-it
medqa-sonnet,clinical_note,1,medqa_test_87,medqa_test_87__clinical_note__correct,89,3.0817837715148926,21.797249051078875,gemma-2-2b-it
medqa-sonnet,patient,0,medqa_test_87,medqa_test_87__patient__wrong,171,2.090164422988892,8.086244619514815,gemma-2-2b-it
medqa-sonnet,clinical_note,0,medqa_test_87,medqa_test_87__clinical_note__wrong,170,2.824268579483032,16.84861705399157,gemma-2-2b-it
medqa-sonnet,patient,1,medqa_test_87,medqa_test_87__patient__correct,226,2.012237310409546,7.480033797881593,gemma-2-2b-it
medqa-sonnet,textbook,0,medqa_test_87,medqa_test_87__textbook__wrong,319,1.6126079559326172,5.015875367000029,gemma-2-2b-it
medqa-sonnet,textbook,1,medqa_test_87,medqa_test_87__textbook__correct,317,1.6239739656448364,5.073211077007935,gemma-2-2b-it
medqa-sonnet,colloquial,1,medqa_test_87,medqa_test_87__colloquial__correct,207,2.6453990936279297,14.08906681804106,gemma-2-2b-it
medqa-sonnet,textbook,1,medqa_test_726,medqa_test_726__textbook__correct,162,1.762201905250549,5.825249931639643,gemma-2-2b-it
medqa-sonnet,colloquial,0,medqa_test_87,medqa_test_87__colloquial__wrong,194,2.6211845874786377,13.75200439236323,gemma-2-2b-it
medqa-sonnet,textbook,0,medqa_test_726,medqa_test_726__textbook__wrong,153,1.970708966255188,7.175762058539534,gemma-2-2b-it
medqa-sonnet,clinical_note,0,medqa_test_726,medqa_test_726__clinical_note__wrong,86,4.751689434051514,115.77972159582258,gemma-2-2b-it
medqa-sonnet,clinical_note,1,medqa_test_726,medqa_test_726__clinical_note__correct,89,4.538572311401367,93.55713427165428,gemma-2-2b-it
medqa-sonnet,patient,1,medqa_test_726,medqa_test_726__patient__correct,138,2.6714556217193604,14.4610036309653,gemma-2-2b-it
medqa-sonnet,patient,0,medqa_test_726,medqa_test_726__patient__wrong,147,2.4547102451324463,11.643059426926776,gemma-2-2b-it
medqa-sonnet,colloquial,1,medqa_test_726,medqa_test_726__colloquial__correct,118,3.9401943683624263,51.428596421196126,gemma-2-2b-it
medqa-sonnet,colloquial,0,medqa_test_726,medqa_test_726__colloquial__wrong,108,4.026174545288086,56.04609881867479,gemma-2-2b-it
medqa-sonnet,textbook,1,medqa_test_771,medqa_test_771__textbook__correct,137,2.7075839042663574,14.993007177954311,gemma-2-2b-it
medqa-sonnet,textbook,0,medqa_test_771,medqa_test_771__textbook__wrong,137,2.5796539783477783,13.192572454069806,gemma-2-2b-it
medqa-sonnet,clinical_note,1,medqa_test_771,medqa_test_771__clinical_note__correct,69,4.693119049072266,109.193228255126,gemma-2-2b-it
medqa-sonnet,clinical_note,0,medqa_test_771,medqa_test_771__clinical_note__wrong,72,4.78956413269043,120.24894465510424,gemma-2-2b-it
medqa-sonnet,patient,0,medqa_test_771,medqa_test_771__patient__wrong,119,2.663426399230957,14.34535790931185,gemma-2-2b-it
medqa-sonnet,patient,1,medqa_test_771,medqa_test_771__patient__correct,150,2.829761266708374,16.941415861753107,gemma-2-2b-it
medqa-sonnet,colloquial,0,medqa_test_771,medqa_test_771__colloquial__wrong,103,3.973181962966919,53.153394170583454,gemma-2-2b-it
medqa-sonnet,colloquial,1,medqa_test_771,medqa_test_771__colloquial__correct,116,4.12837553024292,62.076998775711374,gemma-2-2b-it
medqa-sonnet,clinical_note,1,medqa_test_17,medqa_test_17__clinical_note__correct,55,4.836596012115479,126.03958346702431,gemma-2-2b-it
medqa-sonnet,textbook,1,medqa_test_17,medqa_test_17__textbook__correct,215,2.2553067207336426,9.538218430881004,gemma-2-2b-it
medqa-sonnet,textbook,0,medqa_test_17,medqa_test_17__textbook__wrong,181,2.36834979057312,10.679753904034042,gemma-2-2b-it
medqa-sonnet,patient,1,medqa_test_17,medqa_test_17__patient__correct,199,2.3851046562194824,10.86019919283747,gemma-2-2b-it
medqa-sonnet,clinical_note,0,medqa_test_17,medqa_test_17__clinical_note__wrong,110,4.215034484863281,67.69650033523848,gemma-2-2b-it
medqa-sonnet,patient,0,medqa_test_17,medqa_test_17__patient__wrong,188,2.499230146408081,12.17311883317013,gemma-2-2b-it
medqa-sonnet,colloquial,1,medqa_test_17,medqa_test_17__colloquial__correct,150,3.769277334213257,43.348726871969056,gemma-2-2b-it
medqa-sonnet,patient,1,medqa_test_34,medqa_test_34__patient__correct,132,2.810540676116944,16.618901233103795,gemma-2-2b-it
medqa-sonnet,colloquial,0,medqa_test_17,medqa_test_17__colloquial__wrong,127,3.9496920108795166,51.91937376984942,gemma-2-2b-it
medqa-sonnet,textbook,1,medqa_test_34,medqa_test_34__textbook__correct,299,1.4370338916778564,4.20819532408129,gemma-2-2b-it
medqa-sonnet,clinical_note,1,medqa_test_34,medqa_test_34__clinical_note__correct,165,2.118979454040528,8.322639516009714,gemma-2-2b-it
medqa-sonnet,textbook,0,medqa_test_34,medqa_test_34__textbook__wrong,284,1.3447717428207395,3.837310546946436,gemma-2-2b-it
medqa-sonnet,clinical_note,0,medqa_test_34,medqa_test_34__clinical_note__wrong,154,2.119926691055298,8.330526763176358,gemma-2-2b-it
medqa-sonnet,patient,0,medqa_test_34,medqa_test_34__patient__wrong,138,2.7786214351654053,16.096815142168776,gemma-2-2b-it
medqa-sonnet,textbook,0,medqa_test_1041,medqa_test_1041__textbook__wrong,96,2.567951440811157,13.039085723489896,gemma-2-2b-it
medqa-sonnet,clinical_note,0,medqa_test_1041,medqa_test_1041__clinical_note__wrong,53,4.514947891235352,91.37280457436393,gemma-2-2b-it
medqa-sonnet,colloquial,1,medqa_test_34,medqa_test_34__colloquial__correct,199,2.9104599952697754,18.36524454993414,gemma-2-2b-it
medqa-sonnet,clinical_note,1,medqa_test_1041,medqa_test_1041__clinical_note__correct,67,4.551448345184326,94.7695680111042,gemma-2-2b-it
medqa-sonnet,textbook,1,medqa_test_1041,medqa_test_1041__textbook__correct,117,2.7023184299468994,14.914269361580908,gemma-2-2b-it
medqa-sonnet,patient,1,medqa_test_1041,medqa_test_1041__patient__correct,141,2.6930949687957764,14.777340626695084,gemma-2-2b-it
medqa-sonnet,colloquial,0,medqa_test_34,medqa_test_34__colloquial__wrong,221,2.524528980255127,12.485013190701498,gemma-2-2b-it
medqa-sonnet,patient,0,medqa_test_1041,medqa_test_1041__patient__wrong,142,2.648793935775757,14.13697825576783,gemma-2-2b-it
medqa-sonnet,textbook,1,medqa_test_1006,medqa_test_1006__textbook__correct,113,2.2273521423339844,9.275273930415592,gemma-2-2b-it
medqa-sonnet,textbook,0,medqa_test_1006,medqa_test_1006__textbook__wrong,114,2.2248778343200684,9.252352414937192,gemma-2-2b-it
medqa-sonnet,colloquial,1,medqa_test_1041,medqa_test_1041__colloquial__correct,97,4.44140100479126,84.89379501089856,gemma-2-2b-it
medqa-sonnet,colloquial,0,medqa_test_1041,medqa_test_1041__colloquial__wrong,86,4.96605110168457,143.45926132439374,gemma-2-2b-it
medqa-sonnet,clinical_note,0,medqa_test_1006,medqa_test_1006__clinical_note__wrong,56,4.138095855712891,62.683349597444895,gemma-2-2b-it
medqa-sonnet,patient,1,medqa_test_1006,medqa_test_1006__patient__correct,125,2.8238062858581543,16.840829845866523,gemma-2-2b-it
medqa-sonnet,clinical_note,1,medqa_test_1006,medqa_test_1006__clinical_note__correct,49,4.139161109924316,62.75015887770569,gemma-2-2b-it
medqa-sonnet,patient,0,medqa_test_1006,medqa_test_1006__patient__wrong,122,2.942962408065796,18.97196585138807,gemma-2-2b-it
medqa-sonnet,colloquial,0,medqa_test_1006,medqa_test_1006__colloquial__wrong,87,4.320485591888428,75.22514814617855,gemma-2-2b-it
medqa-sonnet,colloquial,1,medqa_test_1006,medqa_test_1006__colloquial__correct,84,4.371114253997803,79.13175546920026,gemma-2-2b-it
medqa-sonnet,textbook,1,medqa_test_153,medqa_test_153__textbook__correct,176,2.459880352020264,11.70341116670449,gemma-2-2b-it
medqa-sonnet,patient,0,medqa_test_153,medqa_test_153__patient__wrong,176,2.4048800468444824,11.077101469215142,gemma-2-2b-it
medqa-sonnet,textbook,0,medqa_test_153,medqa_test_153__textbook__wrong,179,2.630905866622925,13.886343381306132,gemma-2-2b-it
medqa-sonnet,patient,1,medqa_test_153,medqa_test_153__patient__correct,177,2.657623529434204,14.26235472642358,gemma-2-2b-it
medqa-sonnet,clinical_note,1,medqa_test_153,medqa_test_153__clinical_note__correct,123,3.563361644744873,35.281602228410854,gemma-2-2b-it
medqa-sonnet,colloquial,1,medqa_test_153,medqa_test_153__colloquial__correct,105,4.024257183074951,55.93874110131125,gemma-2-2b-it
medqa-sonnet,colloquial,0,medqa_test_153,medqa_test_153__colloquial__wrong,130,3.792262554168701,44.356646142006056,gemma-2-2b-it
medqa-sonnet,textbook,1,medqa_test_298,medqa_test_298__textbook__correct,173,2.6342813968658447,13.933296354360934,gemma-2-2b-it
medqa-sonnet,textbook,0,medqa_test_298,medqa_test_298__textbook__wrong,160,2.4252922534942627,11.30553301804095,gemma-2-2b-it
medqa-sonnet,clinical_note,1,medqa_test_298,medqa_test_298__clinical_note__correct,108,3.777639865875244,43.71275193709686,gemma-2-2b-it
medqa-sonnet,clinical_note,0,medqa_test_153,medqa_test_153__clinical_note__wrong,125,3.6091208457946777,36.93356823560571,gemma-2-2b-it
medqa-sonnet,patient,0,medqa_test_298,medqa_test_298__patient__wrong,162,2.51749849319458,12.397545298234732,gemma-2-2b-it
medqa-sonnet,patient,1,medqa_test_298,medqa_test_298__patient__correct,184,2.6510231494903564,14.168527753800278,gemma-2-2b-it
medqa-sonnet,clinical_note,0,medqa_test_298,medqa_test_298__clinical_note__wrong,90,3.931108713150024,50.96345020490787,gemma-2-2b-it
medqa-sonnet,colloquial,1,medqa_test_298,medqa_test_298__colloquial__correct,150,3.867099285125733,47.8035203906629,gemma-2-2b-it
medqa-sonnet,colloquial,0,medqa_test_298,medqa_test_298__colloquial__wrong,129,4.194516181945801,66.32163620877971,gemma-2-2b-it
medqa-sonnet,textbook,1,medqa_test_428,medqa_test_428__textbook__correct,202,2.286700963973999,9.84241358459002,gemma-2-2b-it
medqa-sonnet,patient,0,medqa_test_428,medqa_test_428__patient__wrong,115,2.7991676330566406,16.4309644858605,gemma-2-2b-it
medqa-sonnet,clinical_note,1,medqa_test_428,medqa_test_428__clinical_note__correct,104,4.450324535369873,85.65473748388341,gemma-2-2b-it
medqa-sonnet,patient,1,medqa_test_428,medqa_test_428__patient__correct,143,2.64695405960083,14.110991879477524,gemma-2-2b-it
medqa-sonnet,clinical_note,0,medqa_test_428,medqa_test_428__clinical_note__wrong,101,4.275326728820801,71.90362845989691,gemma-2-2b-it
medqa-sonnet,textbook,1,medqa_test_893,medqa_test_893__textbook__correct,135,2.1000900268554688,8.166905120259823,gemma-2-2b-it
medqa-sonnet,colloquial,1,medqa_test_428,medqa_test_428__colloquial__correct,128,3.723994255065918,41.42954423010782,gemma-2-2b-it
medqa-sonnet,textbook,0,medqa_test_893,medqa_test_893__textbook__wrong,128,2.266753911972046,9.648031568184308,gemma-2-2b-it
medqa-sonnet,patient,1,medqa_test_893,medqa_test_893__patient__correct,95,2.5516598224639893,12.828378952838388,gemma-2-2b-it
medqa-sonnet,colloquial,0,medqa_test_428,medqa_test_428__colloquial__wrong,160,4.048936367034912,57.33643967381689,gemma-2-2b-it
medqa-sonnet,patient,0,medqa_test_893,medqa_test_893__patient__wrong,86,2.941380500793457,18.94197768613915,gemma-2-2b-it
medqa-sonnet,clinical_note,1,medqa_test_893,medqa_test_893__clinical_note__correct,72,3.4829914569854736,32.55696932116919,gemma-2-2b-it
medqa-sonnet,clinical_note,0,medqa_test_893,medqa_test_893__clinical_note__wrong,69,3.7780933380126953,43.73257894731024,gemma-2-2b-it
medqa-sonnet,colloquial,1,medqa_test_893,medqa_test_893__colloquial__correct,94,4.009462833404541,55.11725546158686,gemma-2-2b-it
medqa-sonnet,textbook,0,medqa_test_428,medqa_test_428__textbook__wrong,208,2.2890336513519287,9.865399657765447,gemma-2-2b-it
medqa-sonnet,textbook,1,medqa_test_294,medqa_test_294__textbook__correct,67,2.438727855682373,11.458454658976924,gemma-2-2b-it
medqa-sonnet,textbook,0,medqa_test_294,medqa_test_294__textbook__wrong,71,2.2892394065856934,9.867429724219448,gemma-2-2b-it
medqa-sonnet,colloquial,0,medqa_test_893,medqa_test_893__colloquial__wrong,83,4.140299320220947,62.82162241720854,gemma-2-2b-it
medqa-sonnet,patient,1,medqa_test_294,medqa_test_294__patient__correct,107,2.51259994506836,12.336963827710344,gemma-2-2b-it
medqa-sonnet,patient,0,medqa_test_294,medqa_test_294__patient__wrong,69,3.098037004470825,22.154419542602277,gemma-2-2b-it
medqa-sonnet,clinical_note,1,medqa_test_294,medqa_test_294__clinical_note__correct,24,5.698860168457031,298.5269365491757,gemma-2-2b-it
medqa-sonnet,clinical_note,0,medqa_test_294,medqa_test_294__clinical_note__wrong,21,4.736390590667725,114.02190632364614,gemma-2-2b-it
medqa-sonnet,colloquial,0,medqa_test_294,medqa_test_294__colloquial__wrong,53,4.644711017608643,104.03329764990804,gemma-2-2b-it
medqa-sonnet,colloquial,1,medqa_test_294,medqa_test_294__colloquial__correct,75,3.844002723693848,46.71207626733376,gemma-2-2b-it
medqa-sonnet,textbook,1,medqa_test_599,medqa_test_599__textbook__correct,169,2.746556043624878,15.588852003324892,gemma-2-2b-it
medqa-sonnet,patient,0,medqa_test_599,medqa_test_599__patient__wrong,98,3.23331618309021,25.36362809679707,gemma-2-2b-it
medqa-sonnet,clinical_note,0,medqa_test_599,medqa_test_599__clinical_note__wrong,77,4.60242223739624,99.72558235628604,gemma-2-2b-it
medqa-sonnet,textbook,0,medqa_test_599,medqa_test_599__textbook__wrong,164,2.6883463859558105,14.7073355445862,gemma-2-2b-it
medqa-sonnet,clinical_note,1,medqa_test_599,medqa_test_599__clinical_note__correct,82,4.935617446899414,139.15903932835295,gemma-2-2b-it
medqa-sonnet,patient,1,medqa_test_599,medqa_test_599__patient__correct,120,2.967614889144897,19.445484605329128,gemma-2-2b-it
medqa-sonnet,textbook,1,medqa_test_1014,medqa_test_1014__textbook__correct,111,2.2557966709136963,9.542892827735884,gemma-2-2b-it
medqa-sonnet,colloquial,0,medqa_test_599,medqa_test_599__colloquial__wrong,84,5.196299076080322,180.6026069974133,gemma-2-2b-it
medqa-sonnet,clinical_note,1,medqa_test_1014,medqa_test_1014__clinical_note__correct,62,4.644481182098389,104.00938985139506,gemma-2-2b-it
medqa-sonnet,textbook,0,medqa_test_1014,medqa_test_1014__textbook__wrong,117,2.3237433433532715,10.21383673182046,gemma-2-2b-it
medqa-sonnet,colloquial,1,medqa_test_599,medqa_test_599__colloquial__correct,134,4.482404708862305,88.44710669361115,gemma-2-2b-it
medqa-sonnet,clinical_note,0,medqa_test_1014,medqa_test_1014__clinical_note__wrong,67,4.196065425872803,66.42446423318422,gemma-2-2b-it
medqa-sonnet,patient,0,medqa_test_1014,medqa_test_1014__patient__wrong,110,2.4956471920013428,12.129581146752251,gemma-2-2b-it
medqa-sonnet,patient,1,medqa_test_1014,medqa_test_1014__patient__correct,126,2.4130427837371826,11.167890975357476,gemma-2-2b-it
medqa-sonnet,colloquial,0,medqa_test_1014,medqa_test_1014__colloquial__wrong,93,4.067553043365479,58.41385140861807,gemma-2-2b-it
medqa-sonnet,textbook,0,medqa_test_1033,medqa_test_1033__textbook__wrong,144,2.2725095748901367,9.703722501090157,gemma-2-2b-it
medqa-sonnet,colloquial,1,medqa_test_1014,medqa_test_1014__colloquial__correct,104,4.045958042144775,57.16592717527687,gemma-2-2b-it
medqa-sonnet,clinical_note,0,medqa_test_1033,medqa_test_1033__clinical_note__wrong,73,4.226222038269043,68.45811088379811,gemma-2-2b-it
medqa-sonnet,textbook,1,medqa_test_1033,medqa_test_1033__textbook__correct,182,2.233525037765503,9.332706306141734,gemma-2-2b-it
medqa-sonnet,clinical_note,1,medqa_test_1033,medqa_test_1033__clinical_note__correct,99,3.6061601638793945,36.82438140156382,gemma-2-2b-it
medqa-sonnet,patient,1,medqa_test_1033,medqa_test_1033__patient__correct,154,2.7447938919067383,15.561406269858592,gemma-2-2b-it
medqa-sonnet,patient,0,medqa_test_1033,medqa_test_1033__patient__wrong,142,2.777595281600952,16.080305809938036,gemma-2-2b-it
medqa-sonnet,colloquial,1,medqa_test_1033,medqa_test_1033__colloquial__correct,124,4.042938709259033,56.993584522260825,gemma-2-2b-it
medqa-sonnet,textbook,1,medqa_test_587,medqa_test_587__textbook__correct,120,2.1057722568511963,8.21344344903223,gemma-2-2b-it
medqa-sonnet,textbook,0,medqa_test_587,medqa_test_587__textbook__wrong,113,2.138683319091797,8.488253945916345,gemma-2-2b-it
medqa-sonnet,colloquial,0,medqa_test_1033,medqa_test_1033__colloquial__wrong,119,4.226071834564209,68.44782899412573,gemma-2-2b-it
medqa-sonnet,clinical_note,0,medqa_test_587,medqa_test_587__clinical_note__wrong,62,3.674682855606079,39.43614792050497,gemma-2-2b-it
medqa-sonnet,patient,1,medqa_test_587,medqa_test_587__patient__correct,127,2.2426066398620605,9.417848258789718,gemma-2-2b-it
medqa-sonnet,clinical_note,1,medqa_test_587,medqa_test_587__clinical_note__correct,69,4.161773204803467,64.18523531975161,gemma-2-2b-it
medqa-sonnet,patient,0,medqa_test_587,medqa_test_587__patient__wrong,139,2.1924755573272705,8.957360148811393,gemma-2-2b-it
medqa-sonnet,textbook,1,medqa_test_677,medqa_test_677__textbook__correct,153,1.8423272371292116,6.3112088630166765,gemma-2-2b-it
medqa-sonnet,colloquial,0,medqa_test_587,medqa_test_587__colloquial__wrong,88,4.467834949493408,87.16779588820943,gemma-2-2b-it
medqa-sonnet,textbook,0,medqa_test_677,medqa_test_677__textbook__wrong,148,2.141425848007202,8.51156517905858,gemma-2-2b-it
medqa-sonnet,colloquial,1,medqa_test_587,medqa_test_587__colloquial__correct,102,3.569325685501098,35.49265187079832,gemma-2-2b-it
medqa-sonnet,clinical_note,0,medqa_test_677,medqa_test_677__clinical_note__wrong,78,3.802921772003174,44.83198215007897,gemma-2-2b-it
medqa-sonnet,patient,1,medqa_test_677,medqa_test_677__patient__correct,153,2.039680957794189,7.688155961320131,gemma-2-2b-it
medqa-sonnet,clinical_note,1,medqa_test_677,medqa_test_677__clinical_note__correct,78,4.080609321594238,59.18151944364578,gemma-2-2b-it
medqa-sonnet,patient,0,medqa_test_677,medqa_test_677__patient__wrong,140,2.6378719806671143,13.98341494620592,gemma-2-2b-it
medqa-sonnet,colloquial,1,medqa_test_677,medqa_test_677__colloquial__correct,114,3.3914120197296143,29.707870768180623,gemma-2-2b-it
medqa-sonnet,textbook,1,medqa_test_1037,medqa_test_1037__textbook__correct,144,2.320553779602051,10.181310947525631,gemma-2-2b-it
medqa-sonnet,colloquial,0,medqa_test_677,medqa_test_677__colloquial__wrong,91,3.789673089981079,44.2419347799184,gemma-2-2b-it
medqa-sonnet,clinical_note,1,medqa_test_1037,medqa_test_1037__clinical_note__correct,78,4.102095603942871,60.466869528437606,gemma-2-2b-it
medqa-sonnet,patient,0,medqa_test_1037,medqa_test_1037__patient__wrong,110,2.590859889984131,13.341238669789398,gemma-2-2b-it
medqa-sonnet,clinical_note,0,medqa_test_1037,medqa_test_1037__clinical_note__wrong,81,4.137958526611328,62.67474194041618,gemma-2-2b-it
medqa-sonnet,textbook,0,medqa_test_1037,medqa_test_1037__textbook__wrong,150,2.212300062179565,9.136707238426414,gemma-2-2b-it
medqa-sonnet,patient,1,medqa_test_1037,medqa_test_1037__patient__correct,115,2.4144976139068604,11.184150184406269,gemma-2-2b-it
medqa-sonnet,textbook,0,medqa_test_834,medqa_test_834__textbook__wrong,78,2.2937307357788086,9.911847271648565,gemma-2-2b-it
medqa-sonnet,colloquial,1,medqa_test_1037,medqa_test_1037__colloquial__correct,71,4.249722003936768,70.08592602672981,gemma-2-2b-it
medqa-sonnet,clinical_note,1,medqa_test_834,medqa_test_834__clinical_note__correct,35,6.0106072425842285,407.7308366419682,gemma-2-2b-it
medqa-sonnet,colloquial,0,medqa_test_1037,medqa_test_1037__colloquial__wrong,64,4.945230960845947,140.5032978648403,gemma-2-2b-it
medqa-sonnet,textbook,1,medqa_test_834,medqa_test_834__textbook__correct,115,2.222037076950073,9.226106024089267,gemma-2-2b-it
medqa-sonnet,clinical_note,0,medqa_test_834,medqa_test_834__clinical_note__wrong,41,4.740968704223633,114.54510828382922,gemma-2-2b-it
medqa-sonnet,patient,0,medqa_test_834,medqa_test_834__patient__wrong,89,2.9187073707580566,18.51733593295012,gemma-2-2b-it
medqa-sonnet,patient,1,medqa_test_834,medqa_test_834__patient__correct,93,3.3171753883361816,27.58233104898494,gemma-2-2b-it
medqa-sonnet,colloquial,1,medqa_test_834,medqa_test_834__colloquial__correct,77,4.4906535148620605,89.17970710328325,gemma-2-2b-it
medqa-sonnet,colloquial,0,medqa_test_834,medqa_test_834__colloquial__wrong,74,4.542582035064697,93.93302563343278,gemma-2-2b-it
medqa-sonnet,textbook,0,medqa_test_1065,medqa_test_1065__textbook__wrong,159,2.060650587081909,7.851075957738763,gemma-2-2b-it
medqa-sonnet,textbook,1,medqa_test_1065,medqa_test_1065__textbook__correct,160,2.048602104187012,7.757049976016385,gemma-2-2b-it
medqa-sonnet,patient,0,medqa_test_1065,medqa_test_1065__patient__wrong,90,2.592159986495972,13.358594847556022,gemma-2-2b-it
medqa-sonnet,clinical_note,1,medqa_test_1065,medqa_test_1065__clinical_note__correct,58,4.385274887084961,80.2602826959771,gemma-2-2b-it
medqa-sonnet,clinical_note,0,medqa_test_1065,medqa_test_1065__clinical_note__wrong,87,3.615925073623657,37.18572955708896,gemma-2-2b-it
medqa-sonnet,patient,1,medqa_test_1065,medqa_test_1065__patient__correct,95,2.4167206287384038,11.209040371521782,gemma-2-2b-it
medqa-sonnet,colloquial,0,medqa_test_1065,medqa_test_1065__colloquial__wrong,100,3.775588274002075,43.62316314171461,gemma-2-2b-it
medqa-sonnet,colloquial,1,medqa_test_1065,medqa_test_1065__colloquial__correct,96,3.856786012649536,47.31304321931,gemma-2-2b-it
medqa-sonnet,textbook,0,medqa_test_1058,medqa_test_1058__textbook__wrong,204,1.8157671689987185,6.145789228329152,gemma-2-2b-it
medqa-sonnet,textbook,1,medqa_test_1058,medqa_test_1058__textbook__correct,191,1.753900170326233,5.777090431133863,gemma-2-2b-it
medqa-sonnet,clinical_note,1,medqa_test_1058,medqa_test_1058__clinical_note__correct,101,3.0917234420776367,22.014986854185203,gemma-2-2b-it
medqa-sonnet,clinical_note,0,medqa_test_1058,medqa_test_1058__clinical_note__wrong,93,2.8699183464050293,17.63557813269087,gemma-2-2b-it
medqa-sonnet,patient,0,medqa_test_1058,medqa_test_1058__patient__wrong,190,2.134087085723877,8.44932947140348,gemma-2-2b-it
medqa-sonnet,colloquial,0,medqa_test_1058,medqa_test_1058__colloquial__wrong,107,3.7289650440216064,41.63599443611443,gemma-2-2b-it
medqa-sonnet,patient,1,medqa_test_1058,medqa_test_1058__patient__correct,234,2.059035539627075,7.838406331273428,gemma-2-2b-it
medqa-sonnet,colloquial,1,medqa_test_1058,medqa_test_1058__colloquial__correct,165,3.5436043739318848,34.591375013824205,gemma-2-2b-it
medqa-sonnet,patient,0,medqa_test_837,medqa_test_837__patient__wrong,130,3.091507196426392,22.010226723713075,gemma-2-2b-it
medqa-sonnet,textbook,0,medqa_test_837,medqa_test_837__textbook__wrong,239,2.044630289077759,7.7263015117481135,gemma-2-2b-it
medqa-sonnet,textbook,1,medqa_test_837,medqa_test_837__textbook__correct,274,2.242837429046631,9.420022047143544,gemma-2-2b-it
medqa-sonnet,clinical_note,1,medqa_test_837,medqa_test_837__clinical_note__correct,141,3.875698328018189,48.216357370478654,gemma-2-2b-it
medqa-sonnet,patient,1,medqa_test_837,medqa_test_837__patient__correct,155,2.779269933700561,16.107257288701565,gemma-2-2b-it
medqa-sonnet,clinical_note,0,medqa_test_837,medqa_test_837__clinical_note__wrong,132,4.129478454589844,62.145502779467606,gemma-2-2b-it
medqa-sonnet,colloquial,1,medqa_test_837,medqa_test_837__colloquial__correct,160,4.093167304992676,59.92940612796082,gemma-2-2b-it
medqa-sonnet,colloquial,0,medqa_test_837,medqa_test_837__colloquial__wrong,132,4.170110702514648,64.72261666724802,gemma-2-2b-it
medqa-sonnet,clinical_note,1,medqa_test_1029,medqa_test_1029__clinical_note__correct,144,3.80116868019104,44.75345642076778,gemma-2-2b-it
medqa-sonnet,patient,1,medqa_test_1029,medqa_test_1029__patient__correct,191,2.370192766189575,10.699454578423971,gemma-2-2b-it
medqa-sonnet,clinical_note,0,medqa_test_1029,medqa_test_1029__clinical_note__wrong,138,4.135665893554688,62.53121634385693,gemma-2-2b-it
medqa-sonnet,textbook,1,medqa_test_1029,medqa_test_1029__textbook__correct,272,2.238043069839477,9.37496716864814,gemma-2-2b-it
medqa-sonnet,patient,0,medqa_test_1029,medqa_test_1029__patient__wrong,228,2.4276132583618164,11.331803690592064,gemma-2-2b-it
medqa-sonnet,textbook,0,medqa_test_1029,medqa_test_1029__textbook__wrong,271,2.120396375656128,8.334440402329902,gemma-2-2b-it
medqa-sonnet,textbook,0,medqa_test_790,medqa_test_790__textbook__wrong,138,2.174243688583374,8.795530445909472,gemma-2-2b-it
medqa-sonnet,textbook,1,medqa_test_790,medqa_test_790__textbook__correct,208,1.715538740158081,5.559669923137596,gemma-2-2b-it
medqa-sonnet,colloquial,1,medqa_test_1029,medqa_test_1029__colloquial__correct,196,3.590378522872925,36.24779394912281,gemma-2-2b-it
medqa-sonnet,colloquial,0,medqa_test_1029,medqa_test_1029__colloquial__wrong,177,3.620847225189209,37.36921455407758,gemma-2-2b-it
medqa-sonnet,clinical_note,1,medqa_test_790,medqa_test_790__clinical_note__correct,65,4.009034156799316,55.09363304717624,gemma-2-2b-it
medqa-sonnet,clinical_note,0,medqa_test_790,medqa_test_790__clinical_note__wrong,65,3.891247272491455,48.97192978790402,gemma-2-2b-it
medqa-sonnet,patient,0,medqa_test_790,medqa_test_790__patient__wrong,116,2.942518472671509,18.96354539345538,gemma-2-2b-it
medqa-sonnet,patient,1,medqa_test_790,medqa_test_790__patient__correct,131,2.702565908432007,14.917960779123367,gemma-2-2b-it
medqa-sonnet,colloquial,1,medqa_test_790,medqa_test_790__colloquial__correct,99,3.775546550750733,43.621343079484205,gemma-2-2b-it
medqa-sonnet,patient,1,medqa_test_259,medqa_test_259__patient__correct,107,2.4044055938720703,11.071847152059124,gemma-2-2b-it
medqa-sonnet,colloquial,0,medqa_test_790,medqa_test_790__colloquial__wrong,97,4.021766662597656,55.79959786258888,gemma-2-2b-it
medqa-sonnet,textbook,0,medqa_test_259,medqa_test_259__textbook__wrong,169,1.8807443380355835,6.558384701025983,gemma-2-2b-it
medqa-sonnet,clinical_note,1,medqa_test_259,medqa_test_259__clinical_note__correct,40,4.849727630615234,127.70560201242225,gemma-2-2b-it
medqa-sonnet,textbook,1,medqa_test_259,medqa_test_259__textbook__correct,189,1.785223364830017,5.960911256822849,gemma-2-2b-it
medqa-sonnet,patient,0,medqa_test_259,medqa_test_259__patient__wrong,94,2.883784532546997,17.881819611475937,gemma-2-2b-it
medqa-sonnet,clinical_note,0,medqa_test_259,medqa_test_259__clinical_note__wrong,55,4.315170764923096,74.82640007746623,gemma-2-2b-it
medqa-sonnet,colloquial,0,medqa_test_259,medqa_test_259__colloquial__wrong,81,4.061707496643066,58.07338658198353,gemma-2-2b-it
medqa-sonnet,clinical_note,0,medqa_test_714,medqa_test_714__clinical_note__wrong,73,4.079801082611084,59.13370595751368,gemma-2-2b-it
medqa-sonnet,clinical_note,1,medqa_test_714,medqa_test_714__clinical_note__correct,103,3.84497332572937,46.75743711374616,gemma-2-2b-it
medqa-sonnet,colloquial,1,medqa_test_259,medqa_test_259__colloquial__correct,100,3.936427593231201,51.23524085525183,gemma-2-2b-it
medqa-sonnet,textbook,1,medqa_test_714,medqa_test_714__textbook__correct,216,2.1990010738372803,9.01600267865224,gemma-2-2b-it
medqa-sonnet,textbook,0,medqa_test_714,medqa_test_714__textbook__wrong,209,1.983561992645264,7.268587584215665,gemma-2-2b-it
medqa-sonnet,patient,1,medqa_test_714,medqa_test_714__patient__correct,167,2.474869966506958,11.880162193667992,gemma-2-2b-it
medqa-sonnet,patient,0,medqa_test_714,medqa_test_714__patient__wrong,195,2.400702953338623,11.030927883433792,gemma-2-2b-it
medqa-sonnet,colloquial,1,medqa_test_714,medqa_test_714__colloquial__correct,143,3.946307897567749,51.74396968697932,gemma-2-2b-it
medqa-sonnet,textbook,0,medqa_test_954,medqa_test_954__textbook__wrong,361,1.2307429313659668,3.4237722194249303,gemma-2-2b-it
medqa-sonnet,clinical_note,0,medqa_test_954,medqa_test_954__clinical_note__wrong,100,3.382788896560669,29.452797484196967,gemma-2-2b-it
medqa-sonnet,clinical_note,1,medqa_test_954,medqa_test_954__clinical_note__correct,164,2.7567126750946045,15.747989008106346,gemma-2-2b-it
medqa-sonnet,textbook,1,medqa_test_954,medqa_test_954__textbook__correct,382,1.3148455619812012,3.724175786505956,gemma-2-2b-it
medqa-sonnet,colloquial,0,medqa_test_714,medqa_test_714__colloquial__wrong,171,3.921750783920288,50.48876235629664,gemma-2-2b-it
medqa-sonnet,patient,1,medqa_test_954,medqa_test_954__patient__correct,193,2.405790090560913,11.087186704109758,gemma-2-2b-it
medqa-sonnet,colloquial,1,medqa_test_954,medqa_test_954__colloquial__correct,162,3.546193122863769,34.681039408171486,gemma-2-2b-it
medqa-sonnet,patient,0,medqa_test_602,medqa_test_602__patient__wrong,106,2.539886474609375,12.678231587938717,gemma-2-2b-it
medqa-sonnet,clinical_note,1,medqa_test_602,medqa_test_602__clinical_note__correct,68,4.381713390350342,79.97494437858728,gemma-2-2b-it
medqa-sonnet,patient,1,medqa_test_602,medqa_test_602__patient__correct,136,2.4674458503723145,11.79228908354295,gemma-2-2b-it
medqa-sonnet,textbook,0,medqa_test_602,medqa_test_602__textbook__wrong,122,2.524821281433105,12.488663108175816,gemma-2-2b-it
medqa-sonnet,textbook,1,medqa_test_602,medqa_test_602__textbook__correct,142,2.509734869003296,12.301668074584992,gemma-2-2b-it
medqa-sonnet,colloquial,0,medqa_test_954,medqa_test_954__colloquial__wrong,162,3.468413591384888,32.085800857447325,gemma-2-2b-it
medqa-sonnet,patient,0,medqa_test_954,medqa_test_954__patient__wrong,176,2.6741836071014404,14.500506895146106,gemma-2-2b-it
medqa-sonnet,clinical_note,0,medqa_test_602,medqa_test_602__clinical_note__wrong,60,4.376579284667969,79.56539679210759,gemma-2-2b-it
medqa-sonnet,colloquial,0,medqa_test_602,medqa_test_602__colloquial__wrong,108,4.013157367706299,55.321264679982704,gemma-2-2b-it
medqa-sonnet,textbook,0,medqa_test_728,medqa_test_728__textbook__wrong,116,2.034092903137207,7.645313938861717,gemma-2-2b-it
medqa-sonnet,colloquial,1,medqa_test_602,medqa_test_602__colloquial__correct,105,3.937413930892944,51.28580103352085,gemma-2-2b-it
medqa-sonnet,clinical_note,1,medqa_test_728,medqa_test_728__clinical_note__correct,73,3.69709038734436,40.32978941580463,gemma-2-2b-it
medqa-sonnet,textbook,1,medqa_test_728,medqa_test_728__textbook__correct,147,2.29762601852417,9.950532014391577,gemma-2-2b-it
medqa-sonnet,clinical_note,0,medqa_test_728,medqa_test_728__clinical_note__wrong,59,4.063941955566406,58.20329426147671,gemma-2-2b-it
medqa-sonnet,patient,0,medqa_test_728,medqa_test_728__patient__wrong,134,2.2676644325256348,9.656820299782003,gemma-2-2b-it
medqa-sonnet,patient,1,medqa_test_728,medqa_test_728__patient__correct,143,2.1398956775665283,8.498550993118341,gemma-2-2b-it
medqa-sonnet,colloquial,1,medqa_test_728,medqa_test_728__colloquial__correct,91,3.2218191623687744,25.073691834283206,gemma-2-2b-it
medqa-sonnet,colloquial,0,medqa_test_728,medqa_test_728__colloquial__wrong,85,3.648143529891968,38.40330524169374,gemma-2-2b-it
medqa-sonnet,clinical_note,1,medqa_test_57,medqa_test_57__clinical_note__correct,84,4.554645538330078,95.07304951034308,gemma-2-2b-it
medqa-sonnet,clinical_note,0,medqa_test_57,medqa_test_57__clinical_note__wrong,85,4.128125190734863,62.06146039539262,gemma-2-2b-it
medqa-sonnet,textbook,0,medqa_test_57,medqa_test_57__textbook__wrong,176,2.5065042972564697,12.261990777949135,gemma-2-2b-it
medqa-sonnet,patient,1,medqa_test_57,medqa_test_57__patient__correct,191,2.6522703170776367,14.18620930601184,gemma-2-2b-it
medqa-sonnet,textbook,1,medqa_test_57,medqa_test_57__textbook__correct,217,2.399432182312012,11.01691900280789,gemma-2-2b-it
medqa-sonnet,patient,0,medqa_test_57,medqa_test_57__patient__wrong,202,2.380049228668213,10.80543478800227,gemma-2-2b-it
medqa-sonnet,colloquial,0,medqa_test_57,medqa_test_57__colloquial__wrong,100,4.144213199615479,63.06798046407469,gemma-2-2b-it
medqa-sonnet,colloquial,1,medqa_test_57,medqa_test_57__colloquial__correct,143,3.87509560585022,48.18730505914829,gemma-2-2b-it
medqa-sonnet,textbook,1,medqa_test_580,medqa_test_580__textbook__correct,234,2.02909517288208,7.607200042896869,gemma-2-2b-it
medqa-sonnet,textbook,0,medqa_test_580,medqa_test_580__textbook__wrong,190,1.868802547454834,6.480531622153485,gemma-2-2b-it
medqa-sonnet,clinical_note,1,medqa_test_580,medqa_test_580__clinical_note__correct,84,4.452512264251709,85.84233195504291,gemma-2-2b-it
medqa-sonnet,patient,1,medqa_test_580,medqa_test_580__patient__correct,149,2.5312390327453613,12.569069981906468,gemma-2-2b-it
medqa-sonnet,patient,0,medqa_test_580,medqa_test_580__patient__wrong,126,2.7624313831329346,15.83830515914537,gemma-2-2b-it
medqa-sonnet,colloquial,0,medqa_test_580,medqa_test_580__colloquial__wrong,105,3.936017036437988,51.21421019650212,gemma-2-2b-it
medqa-sonnet,colloquial,1,medqa_test_580,medqa_test_580__colloquial__correct,119,3.572032928466797,35.588869286103794,gemma-2-2b-it
medqa-sonnet,clinical_note,0,medqa_test_580,medqa_test_580__clinical_note__wrong,102,3.4311842918396,30.91323136724388,gemma-2-2b-it
medqa-sonnet,textbook,1,medqa_test_1195,medqa_test_1195__textbook__correct,177,2.1795241832733154,8.842098039483556,gemma-2-2b-it
medqa-sonnet,patient,1,medqa_test_1195,medqa_test_1195__patient__correct,128,2.5289745330810547,12.54063952967574,gemma-2-2b-it
medqa-sonnet,textbook,0,medqa_test_1195,medqa_test_1195__textbook__wrong,181,2.184800148010254,8.888871917105906,gemma-2-2b-it
medqa-sonnet,clinical_note,1,medqa_test_1195,medqa_test_1195__clinical_note__correct,99,4.312300682067871,74.61195000143778,gemma-2-2b-it
medqa-sonnet,patient,0,medqa_test_1195,medqa_test_1195__patient__wrong,134,2.516813039779663,12.389050270279045,gemma-2-2b-it
medqa-sonnet,clinical_note,0,medqa_test_1195,medqa_test_1195__clinical_note__wrong,85,4.503786563873291,90.35863306897171,gemma-2-2b-it
medqa-sonnet,colloquial,1,medqa_test_1195,medqa_test_1195__colloquial__correct,109,3.9535372257232666,52.11939924054269,gemma-2-2b-it
medqa-sonnet,colloquial,0,medqa_test_1195,medqa_test_1195__colloquial__wrong,130,4.320869445800781,75.25402915629158,gemma-2-2b-it
medqa-sonnet,patient,1,medqa_test_605,medqa_test_605__patient__correct,121,2.685964107513428,14.67234027695984,gemma-2-2b-it
medqa-sonnet,clinical_note,1,medqa_test_605,medqa_test_605__clinical_note__correct,112,3.093395948410034,22.05183786729265,gemma-2-2b-it
medqa-sonnet,clinical_note,0,medqa_test_605,medqa_test_605__clinical_note__wrong,103,3.233741283416748,25.374412475442245,gemma-2-2b-it
medqa-sonnet,textbook,0,medqa_test_605,medqa_test_605__textbook__wrong,241,2.025440454483032,7.579448611657603,gemma-2-2b-it
medqa-sonnet,textbook,1,medqa_test_605,medqa_test_605__textbook__correct,261,2.1176490783691406,8.31157464072831,gemma-2-2b-it
medqa-sonnet,patient,0,medqa_test_605,medqa_test_605__patient__wrong,145,2.6997599601745605,14.87616042531122,gemma-2-2b-it
medqa-sonnet,textbook,1,medqa_test_889,medqa_test_889__textbook__correct,180,1.951725959777832,7.040829287679259,gemma-2-2b-it
medqa-sonnet,colloquial,0,medqa_test_605,medqa_test_605__colloquial__wrong,95,4.375325202941895,79.46567782290046,gemma-2-2b-it
medqa-sonnet,textbook,0,medqa_test_889,medqa_test_889__textbook__wrong,141,2.224672555923462,9.250453301798736,gemma-2-2b-it
medqa-sonnet,clinical_note,1,medqa_test_889,medqa_test_889__clinical_note__correct,80,4.104147911071777,60.591093545148745,gemma-2-2b-it
medqa-sonnet,patient,1,medqa_test_889,medqa_test_889__patient__correct,193,2.346680164337158,10.450817074871695,gemma-2-2b-it
medqa-sonnet,clinical_note,0,medqa_test_889,medqa_test_889__clinical_note__wrong,91,3.899754762649536,49.39033526524887,gemma-2-2b-it
medqa-sonnet,patient,0,medqa_test_889,medqa_test_889__patient__wrong,180,2.4077301025390625,11.108716856744053,gemma-2-2b-it
medqa-sonnet,colloquial,1,medqa_test_605,medqa_test_605__colloquial__correct,159,4.059752941131592,57.95998978044213,gemma-2-2b-it
medqa-sonnet,colloquial,1,medqa_test_889,medqa_test_889__colloquial__correct,138,3.71523380279541,41.06818781912424,gemma-2-2b-it
medqa-sonnet,colloquial,0,medqa_test_889,medqa_test_889__colloquial__wrong,132,3.770286321640015,43.39248726547971,gemma-2-2b-it
medqa-sonnet,patient,1,medqa_test_768,medqa_test_768__patient__correct,142,2.8035922050476074,16.503825541737026,gemma-2-2b-it
medqa-sonnet,clinical_note,0,medqa_test_768,medqa_test_768__clinical_note__wrong,143,4.1025004386901855,60.49135357394584,gemma-2-2b-it
medqa-sonnet,clinical_note,1,medqa_test_768,medqa_test_768__clinical_note__correct,152,3.874958753585816,48.18071096855382,gemma-2-2b-it
medqa-sonnet,textbook,0,medqa_test_768,medqa_test_768__textbook__wrong,237,2.311478853225708,10.0893342722623,gemma-2-2b-it
medqa-sonnet,patient,0,medqa_test_768,medqa_test_768__patient__wrong,130,2.680317640304565,14.58972684521946,gemma-2-2b-it
medqa-sonnet,textbook,1,medqa_test_768,medqa_test_768__textbook__correct,295,2.3497912883758545,10.4833814928029,gemma-2-2b-it
medqa-sonnet,colloquial,0,medqa_test_768,medqa_test_768__colloquial__wrong,123,4.3197855949401855,75.17250919774621,gemma-2-2b-it
medqa-sonnet,colloquial,1,medqa_test_768,medqa_test_768__colloquial__correct,143,3.895903825759888,49.20050195383249,gemma-2-2b-it
medqa-sonnet,patient,1,medqa_test_645,medqa_test_645__patient__correct,128,2.3056530952453613,10.030727133869156,gemma-2-2b-it
medqa-sonnet,textbook,1,medqa_test_645,medqa_test_645__textbook__correct,189,2.127208948135376,8.39141322704595,gemma-2-2b-it
medqa-sonnet,clinical_note,0,medqa_test_645,medqa_test_645__clinical_note__wrong,114,4.016965866088867,55.53235734492234,gemma-2-2b-it
medqa-sonnet,clinical_note,1,medqa_test_645,medqa_test_645__clinical_note__correct,106,3.9998655319213863,54.59080881840403,gemma-2-2b-it
medqa-sonnet,textbook,0,medqa_test_645,medqa_test_645__textbook__wrong,192,2.231557607650757,9.31436290929557,gemma-2-2b-it
medqa-sonnet,patient,0,medqa_test_645,medqa_test_645__patient__wrong,227,2.34879994392395,10.472994000365016,gemma-2-2b-it
medqa-sonnet,textbook,0,medqa_test_858,medqa_test_858__textbook__wrong,92,1.9259445667266848,6.8616268703019685,gemma-2-2b-it
medqa-sonnet,textbook,1,medqa_test_858,medqa_test_858__textbook__correct,105,2.045862913131714,7.73583100877667,gemma-2-2b-it
medqa-sonnet,colloquial,1,medqa_test_645,medqa_test_645__colloquial__correct,175,3.618973970413208,37.29927801936368,gemma-2-2b-it
medqa-sonnet,clinical_note,1,medqa_test_858,medqa_test_858__clinical_note__correct,40,4.395330429077148,81.07141469012876,gemma-2-2b-it
medqa-sonnet,colloquial,0,medqa_test_645,medqa_test_645__colloquial__wrong,152,3.846423387527466,46.825287468796624,gemma-2-2b-it
medqa-sonnet,patient,1,medqa_test_858,medqa_test_858__patient__correct,114,2.548295497894287,12.78529264114643,gemma-2-2b-it
medqa-sonnet,patient,0,medqa_test_858,medqa_test_858__patient__wrong,117,2.5045182704925537,12.23766230258341,gemma-2-2b-it
medqa-sonnet,clinical_note,0,medqa_test_858,medqa_test_858__clinical_note__wrong,38,4.149644374847412,63.41144558283778,gemma-2-2b-it
medqa-sonnet,colloquial,1,medqa_test_858,medqa_test_858__colloquial__correct,80,4.585602760314941,98.06227738089216,gemma-2-2b-it
medqa-sonnet,colloquial,0,medqa_test_858,medqa_test_858__colloquial__wrong,87,4.216605186462402,67.80291488744562,gemma-2-2b-it
medqa-sonnet,textbook,1,medqa_test_1118,medqa_test_1118__textbook__correct,139,2.253709316253662,9.52299420089238,gemma-2-2b-it
medqa-sonnet,textbook,0,medqa_test_1118,medqa_test_1118__textbook__wrong,129,2.433257818222046,11.39594759659892,gemma-2-2b-it
medqa-sonnet,clinical_note,0,medqa_test_1118,medqa_test_1118__clinical_note__wrong,71,4.419220447540283,83.03153268703063,gemma-2-2b-it
medqa-sonnet,patient,0,medqa_test_1118,medqa_test_1118__patient__wrong,94,2.8155345916748047,16.702102198911472,gemma-2-2b-it
medqa-sonnet,colloquial,1,medqa_test_1118,medqa_test_1118__colloquial__correct,79,4.718986988067627,112.05468242314188,gemma-2-2b-it
medqa-sonnet,colloquial,0,medqa_test_1118,medqa_test_1118__colloquial__wrong,92,4.21952486038208,68.00116656401248,gemma-2-2b-it
medqa-sonnet,clinical_note,1,medqa_test_1118,medqa_test_1118__clinical_note__correct,80,3.8167648315429688,45.45690942143086,gemma-2-2b-it
medqa-sonnet,patient,1,medqa_test_434,medqa_test_434__patient__correct,215,2.276540994644165,9.742921239864302,gemma-2-2b-it
medqa-sonnet,textbook,1,medqa_test_434,medqa_test_434__textbook__correct,188,2.6957719326019287,14.81695202819294,gemma-2-2b-it
medqa-sonnet,textbook,0,medqa_test_434,medqa_test_434__textbook__wrong,200,2.771043300628662,15.975292351006948,gemma-2-2b-it
medqa-sonnet,patient,1,medqa_test_1118,medqa_test_1118__patient__correct,122,2.7777464389801025,16.08273665053532,gemma-2-2b-it
medqa-sonnet,patient,0,medqa_test_434,medqa_test_434__patient__wrong,231,2.3434078693389893,10.41667481067702,gemma-2-2b-it
medqa-sonnet,clinical_note,0,medqa_test_434,medqa_test_434__clinical_note__wrong,90,3.970170736312866,52.9935779954277,gemma-2-2b-it
medqa-sonnet,clinical_note,1,medqa_test_434,medqa_test_434__clinical_note__correct,130,3.709494352340698,40.83315411720769,gemma-2-2b-it
medqa-sonnet,textbook,0,medqa_test_562,medqa_test_562__textbook__wrong,141,1.7403805255889893,5.699511820172781,gemma-2-2b-it
medqa-sonnet,patient,0,medqa_test_562,medqa_test_562__patient__wrong,86,3.0181784629821777,20.454000012238787,gemma-2-2b-it
medqa-sonnet,patient,1,medqa_test_562,medqa_test_562__patient__correct,102,2.812666416168213,16.654266272185886,gemma-2-2b-it
medqa-sonnet,clinical_note,0,medqa_test_562,medqa_test_562__clinical_note__wrong,77,3.2775418758392334,26.51052637554603,gemma-2-2b-it
medqa-sonnet,clinical_note,1,medqa_test_562,medqa_test_562__clinical_note__correct,53,3.981206178665161,53.58162427813877,gemma-2-2b-it
medqa-sonnet,textbook,1,medqa_test_562,medqa_test_562__textbook__correct,164,1.6097570657730105,5.001596021368776,gemma-2-2b-it
medqa-sonnet,colloquial,0,medqa_test_434,medqa_test_434__colloquial__wrong,123,4.07270622253418,58.71564538221852,gemma-2-2b-it
medqa-sonnet,colloquial,1,medqa_test_434,medqa_test_434__colloquial__correct,185,3.862534523010254,47.58580597709439,gemma-2-2b-it
medqa-sonnet,colloquial,1,medqa_test_562,medqa_test_562__colloquial__correct,92,4.40372896194458,81.75516285269097,gemma-2-2b-it
medqa-sonnet,colloquial,0,medqa_test_562,medqa_test_562__colloquial__wrong,75,4.4364519119262695,84.47468569664146,gemma-2-2b-it
medqa-sonnet,clinical_note,1,medqa_test_1021,medqa_test_1021__clinical_note__correct,126,3.3901755809783936,29.671161504601297,gemma-2-2b-it
medqa-sonnet,patient,1,medqa_test_1021,medqa_test_1021__patient__correct,98,2.372366428375244,10.722736873003008,gemma-2-2b-it
medqa-sonnet,patient,0,medqa_test_1021,medqa_test_1021__patient__wrong,107,2.377053737640381,10.773115635075849,gemma-2-2b-it
medqa-sonnet,clinical_note,0,medqa_test_1021,medqa_test_1021__clinical_note__wrong,125,3.2897560596466064,26.83631639685506,gemma-2-2b-it
medqa-sonnet,textbook,1,medqa_test_1021,medqa_test_1021__textbook__correct,227,1.7739925384521484,5.894339823277403,gemma-2-2b-it
medqa-sonnet,textbook,0,medqa_test_1021,medqa_test_1021__textbook__wrong,228,1.780747890472412,5.934292960526309,gemma-2-2b-it
medqa-sonnet,colloquial,1,medqa_test_1021,medqa_test_1021__colloquial__correct,127,3.695712804794312,40.27427005169195,gemma-2-2b-it
medqa-sonnet,colloquial,0,medqa_test_1021,medqa_test_1021__colloquial__wrong,121,3.627507925033569,37.61895046030551,gemma-2-2b-it
medqa-sonnet,clinical_note,1,medqa_test_261,medqa_test_261__clinical_note__correct,112,3.097218990325928,22.136304324306977,gemma-2-2b-it
medqa-sonnet,patient,0,medqa_test_261,medqa_test_261__patient__wrong,125,2.653062582015991,14.19745299565557,gemma-2-2b-it
medqa-sonnet,textbook,0,medqa_test_261,medqa_test_261__textbook__wrong,168,1.7368927001953125,5.679667544915409,gemma-2-2b-it
medqa-sonnet,textbook,1,medqa_test_261,medqa_test_261__textbook__correct,211,1.685746669769287,5.396478816005403,gemma-2-2b-it
medqa-sonnet,patient,1,medqa_test_261,medqa_test_261__patient__correct,162,2.4782814979553223,11.92076095319994,gemma-2-2b-it
medqa-sonnet,colloquial,1,medqa_test_261,medqa_test_261__colloquial__correct,116,3.7737605571746826,43.54350517065859,gemma-2-2b-it
medqa-sonnet,textbook,0,medqa_test_410,medqa_test_410__textbook__wrong,123,2.224114894866944,9.2452961223499,gemma-2-2b-it
medqa-sonnet,textbook,1,medqa_test_410,medqa_test_410__textbook__correct,150,2.041849136352539,7.704843340300085,gemma-2-2b-it
medqa-sonnet,clinical_note,1,medqa_test_410,medqa_test_410__clinical_note__correct,65,4.984862804412842,146.18351791674175,gemma-2-2b-it
medqa-sonnet,colloquial,0,medqa_test_261,medqa_test_261__colloquial__wrong,115,4.063090801239014,58.153775352803805,gemma-2-2b-it
medqa-sonnet,patient,0,medqa_test_410,medqa_test_410__patient__wrong,144,2.296303987503052,9.937385794162108,gemma-2-2b-it
medqa-sonnet,patient,1,medqa_test_410,medqa_test_410__patient__correct,176,2.305198907852173,10.026172338504054,gemma-2-2b-it
medqa-sonnet,clinical_note,0,medqa_test_261,medqa_test_261__clinical_note__wrong,103,3.0493087768554688,21.1007540509532,gemma-2-2b-it
medqa-sonnet,clinical_note,0,medqa_test_410,medqa_test_410__clinical_note__wrong,57,4.735146999359131,113.8801978039574,gemma-2-2b-it
medqa-sonnet,colloquial,0,medqa_test_410,medqa_test_410__colloquial__wrong,96,4.106794834136963,60.75168595230963,gemma-2-2b-it
medqa-sonnet,colloquial,1,medqa_test_410,medqa_test_410__colloquial__correct,148,3.279917001724243,26.57356704809688,gemma-2-2b-it
medqa-sonnet,textbook,1,medqa_test_880,medqa_test_880__textbook__correct,164,2.317401885986328,10.149271058236527,gemma-2-2b-it
medqa-sonnet,clinical_note,1,medqa_test_880,medqa_test_880__clinical_note__correct,87,3.9920499324798575,54.165811889729,gemma-2-2b-it
medqa-sonnet,textbook,0,medqa_test_880,medqa_test_880__textbook__wrong,168,2.177306652069092,8.82251213537301,gemma-2-2b-it
medqa-sonnet,clinical_note,0,medqa_test_880,medqa_test_880__clinical_note__wrong,85,3.886178493499756,48.72432994357853,gemma-2-2b-it
medqa-sonnet,patient,0,medqa_test_880,medqa_test_880__patient__wrong,154,2.607379198074341,13.563457095636975,gemma-2-2b-it
medqa-sonnet,patient,1,medqa_test_880,medqa_test_880__patient__correct,177,2.436979293823242,11.438436348922826,gemma-2-2b-it
medqa-sonnet,textbook,0,medqa_test_458,medqa_test_458__textbook__wrong,151,1.8687485456466677,6.480181671177087,gemma-2-2b-it
medqa-sonnet,colloquial,1,medqa_test_880,medqa_test_880__colloquial__correct,118,4.0764007568359375,58.93297356414119,gemma-2-2b-it
medqa-sonnet,colloquial,0,medqa_test_880,medqa_test_880__colloquial__wrong,113,4.2073516845703125,67.1783944431288,gemma-2-2b-it
medqa-sonnet,clinical_note,0,medqa_test_458,medqa_test_458__clinical_note__wrong,90,3.031821727752685,20.7349716771361,gemma-2-2b-it
medqa-sonnet,patient,1,medqa_test_458,medqa_test_458__patient__correct,158,1.96271288394928,7.11861286384103,gemma-2-2b-it
medqa-sonnet,textbook,1,medqa_test_458,medqa_test_458__textbook__correct,178,1.8816850185394287,6.564556948252129,gemma-2-2b-it
medqa-sonnet,clinical_note,1,medqa_test_458,medqa_test_458__clinical_note__correct,99,2.840462684631348,17.123686571142702,gemma-2-2b-it
medqa-sonnet,colloquial,1,medqa_test_458,medqa_test_458__colloquial__correct,119,3.234119176864624,25.38400311166558,gemma-2-2b-it
medqa-sonnet,colloquial,0,medqa_test_458,medqa_test_458__colloquial__wrong,119,3.3358895778656006,28.103372245211045,gemma-2-2b-it
medqa-sonnet,textbook,1,medqa_test_275,medqa_test_275__textbook__correct,187,1.7626398801803589,5.827801803856811,gemma-2-2b-it
medqa-sonnet,patient,1,medqa_test_275,medqa_test_275__patient__correct,136,2.328169822692871,10.259148280423654,gemma-2-2b-it
medqa-sonnet,clinical_note,1,medqa_test_275,medqa_test_275__clinical_note__correct,89,4.233409881591797,68.95194975102068,gemma-2-2b-it
medqa-sonnet,patient,0,medqa_test_458,medqa_test_458__patient__wrong,122,2.230794668197632,9.307259324498464,gemma-2-2b-it
medqa-sonnet,textbook,0,medqa_test_275,medqa_test_275__textbook__wrong,168,2.0348031520843506,7.650745943846937,gemma-2-2b-it
medqa-sonnet,patient,0,medqa_test_275,medqa_test_275__patient__wrong,159,2.3048012256622314,10.022185901051872,gemma-2-2b-it
medqa-sonnet,clinical_note,0,medqa_test_275,medqa_test_275__clinical_note__wrong,123,2.941035509109497,18.93544398846016,gemma-2-2b-it
medqa-sonnet,colloquial,1,medqa_test_275,medqa_test_275__colloquial__correct,103,3.87374758720398,48.12239143563378,gemma-2-2b-it
medqa-sonnet,textbook,1,medqa_test_575,medqa_test_575__textbook__correct,124,2.5974411964416504,13.429331013386973,gemma-2-2b-it
medqa-sonnet,colloquial,0,medqa_test_275,medqa_test_275__colloquial__wrong,101,4.250110149383545,70.11313483994714,gemma-2-2b-it
medqa-sonnet,textbook,0,medqa_test_575,medqa_test_575__textbook__wrong,112,2.713430643081665,15.080924138283514,gemma-2-2b-it
medqa-sonnet,clinical_note,1,medqa_test_575,medqa_test_575__clinical_note__correct,67,4.563934326171875,95.96027715210882,gemma-2-2b-it
medqa-sonnet,patient,0,medqa_test_575,medqa_test_575__patient__wrong,138,2.5617125034332275,12.957988926168708,gemma-2-2b-it
medqa-sonnet,patient,1,medqa_test_575,medqa_test_575__patient__correct,169,2.5613667964935303,12.953510033709122,gemma-2-2b-it
medqa-sonnet,clinical_note,0,medqa_test_575,medqa_test_575__clinical_note__wrong,62,4.9888596534729,146.76896055649487,gemma-2-2b-it
medqa-sonnet,colloquial,0,medqa_test_575,medqa_test_575__colloquial__wrong,90,4.195174217224121,66.36529254725113,gemma-2-2b-it
medqa-sonnet,colloquial,1,medqa_test_575,medqa_test_575__colloquial__correct,103,4.263216972351074,71.03814400956024,gemma-2-2b-it
medqa-sonnet,textbook,0,medqa_test_112,medqa_test_112__textbook__wrong,206,1.975953459739685,7.213494152277571,gemma-2-2b-it
medqa-sonnet,patient,1,medqa_test_112,medqa_test_112__patient__correct,137,2.313897132873535,10.113762629387564,gemma-2-2b-it
medqa-sonnet,clinical_note,1,medqa_test_112,medqa_test_112__clinical_note__correct,116,3.532102584838867,34.19579163328902,gemma-2-2b-it
medqa-sonnet,clinical_note,0,medqa_test_112,medqa_test_112__clinical_note__wrong,114,3.798163652420044,44.619172905272414,gemma-2-2b-it
medqa-sonnet,patient,0,medqa_test_112,medqa_test_112__patient__wrong,147,2.5667238235473637,13.02308853797125,gemma-2-2b-it
medqa-sonnet,colloquial,1,medqa_test_112,medqa_test_112__colloquial__correct,122,4.350679397583008,77.53111949105377,gemma-2-2b-it
medqa-sonnet,textbook,1,medqa_test_73,medqa_test_73__textbook__correct,139,2.4486982822418213,11.573271776300166,gemma-2-2b-it
medqa-sonnet,textbook,0,medqa_test_73,medqa_test_73__textbook__wrong,133,2.507928371429444,12.279465201809948,gemma-2-2b-it
medqa-sonnet,colloquial,0,medqa_test_112,medqa_test_112__colloquial__wrong,132,4.004034519195557,54.81887227215233,gemma-2-2b-it
medqa-sonnet,clinical_note,1,medqa_test_73,medqa_test_73__clinical_note__correct,61,4.696144104003906,109.5240438842128,gemma-2-2b-it
medqa-sonnet,textbook,1,medqa_test_112,medqa_test_112__textbook__correct,199,2.0196611881256104,7.535771292287828,gemma-2-2b-it
medqa-sonnet,patient,1,medqa_test_73,medqa_test_73__patient__correct,166,2.686607360839844,14.681781344822916,gemma-2-2b-it
medqa-sonnet,clinical_note,0,medqa_test_73,medqa_test_73__clinical_note__wrong,61,4.587073802947998,98.20663732539802,gemma-2-2b-it
medqa-sonnet,patient,0,medqa_test_73,medqa_test_73__patient__wrong,168,2.452284812927246,11.61485419439228,gemma-2-2b-it
medqa-sonnet,textbook,1,medqa_test_963,medqa_test_963__textbook__correct,114,1.5963424444198608,4.934949522780495,gemma-2-2b-it
medqa-sonnet,textbook,0,medqa_test_963,medqa_test_963__textbook__wrong,114,1.5956367254257202,4.931468063777508,gemma-2-2b-it
medqa-sonnet,colloquial,0,medqa_test_73,medqa_test_73__colloquial__wrong,79,4.3446245193481445,77.06309634457463,gemma-2-2b-it
medqa-sonnet,colloquial,1,medqa_test_73,medqa_test_73__colloquial__correct,115,3.820919990539551,45.64618306629141,gemma-2-2b-it
medqa-sonnet,clinical_note,1,medqa_test_963,medqa_test_963__clinical_note__correct,62,3.7035768032073975,40.59223544850918,gemma-2-2b-it
medqa-sonnet,patient,1,medqa_test_963,medqa_test_963__patient__correct,135,1.9209725856781008,6.827595662905438,gemma-2-2b-it
medqa-sonnet,patient,0,medqa_test_963,medqa_test_963__patient__wrong,125,2.090012311935425,8.085014705871252,gemma-2-2b-it
medqa-sonnet,clinical_note,0,medqa_test_963,medqa_test_963__clinical_note__wrong,62,3.710417032241821,40.87084743457012,gemma-2-2b-it
medqa-sonnet,colloquial,1,medqa_test_963,medqa_test_963__colloquial__correct,95,3.685022354125977,39.84601316270371,gemma-2-2b-it
medqa-sonnet,colloquial,0,medqa_test_963,medqa_test_963__colloquial__wrong,95,3.71419358253479,41.02549006947009,gemma-2-2b-it
medqa-sonnet,textbook,1,medqa_test_383,medqa_test_383__textbook__correct,240,1.8585776090621948,6.414606201617897,gemma-2-2b-it
medqa-sonnet,textbook,0,medqa_test_383,medqa_test_383__textbook__wrong,242,1.8732863664627075,6.509654394851043,gemma-2-2b-it
medqa-sonnet,patient,0,medqa_test_383,medqa_test_383__patient__wrong,153,2.679364919662476,14.575833530566284,gemma-2-2b-it
medqa-sonnet,clinical_note,0,medqa_test_383,medqa_test_383__clinical_note__wrong,114,3.918687582015991,50.334341714849415,gemma-2-2b-it
medqa-sonnet,patient,1,medqa_test_383,medqa_test_383__patient__correct,172,2.471791982650757,11.843651464769064,gemma-2-2b-it
medqa-sonnet,clinical_note,1,medqa_test_383,medqa_test_383__clinical_note__correct,148,3.268941640853882,26.283507227410468,gemma-2-2b-it
medqa-sonnet,textbook,1,medqa_test_668,medqa_test_668__textbook__correct,146,1.82473623752594,6.201159170291787,gemma-2-2b-it
medqa-sonnet,textbook,0,medqa_test_668,medqa_test_668__textbook__wrong,116,1.7667458057403564,5.851779515906326,gemma-2-2b-it
medqa-sonnet,clinical_note,1,medqa_test_668,medqa_test_668__clinical_note__correct,43,4.270657539367676,71.56867937514521,gemma-2-2b-it
medqa-sonnet,clinical_note,0,medqa_test_668,medqa_test_668__clinical_note__wrong,46,4.210887908935547,67.41637284289278,gemma-2-2b-it
medqa-sonnet,colloquial,1,medqa_test_383,medqa_test_383__colloquial__correct,213,3.373746156692505,29.187664071086303,gemma-2-2b-it
medqa-sonnet,colloquial,0,medqa_test_383,medqa_test_383__colloquial__wrong,194,3.830138921737671,46.06893776657429,gemma-2-2b-it
medqa-sonnet,patient,0,medqa_test_668,medqa_test_668__patient__wrong,113,2.357346773147583,10.562888500798648,gemma-2-2b-it
medqa-sonnet,patient,1,medqa_test_668,medqa_test_668__patient__correct,127,2.0887513160705566,8.074825961092369,gemma-2-2b-it
medqa-sonnet,colloquial,1,medqa_test_668,medqa_test_668__colloquial__correct,75,4.149322032928467,63.39100870979291,gemma-2-2b-it
medqa-sonnet,colloquial,0,medqa_test_668,medqa_test_668__colloquial__wrong,87,3.530692338943481,34.1476011467034,gemma-2-2b-it
medqa-sonnet,clinical_note,0,medqa_test_68,medqa_test_68__clinical_note__wrong,126,3.5810179710388184,35.910077666261685,gemma-2-2b-it
medqa-sonnet,textbook,1,medqa_test_68,medqa_test_68__textbook__correct,218,2.060967445373535,7.85356403041657,gemma-2-2b-it
medqa-sonnet,textbook,0,medqa_test_68,medqa_test_68__textbook__wrong,215,1.93010675907135,6.890245798559732,gemma-2-2b-it
medqa-sonnet,clinical_note,1,medqa_test_68,medqa_test_68__clinical_note__correct,144,3.506086826324463,33.31763466470007,gemma-2-2b-it
medqa-sonnet,patient,0,medqa_test_68,medqa_test_68__patient__wrong,183,2.9315760135650635,18.757168766620257,gemma-2-2b-it
medqa-sonnet,patient,1,medqa_test_68,medqa_test_68__patient__correct,178,2.8586585521698,17.438118912990355,gemma-2-2b-it
medqa-sonnet,colloquial,1,medqa_test_68,medqa_test_68__colloquial__correct,156,3.582963228225708,35.979999989325485,gemma-2-2b-it
medqa-sonnet,textbook,1,medqa_test_396,medqa_test_396__textbook__correct,140,2.5076346397399902,12.275858863424505,gemma-2-2b-it
medqa-sonnet,colloquial,0,medqa_test_68,medqa_test_68__colloquial__wrong,156,3.605361461639404,36.794981428127365,gemma-2-2b-it
medqa-sonnet,textbook,0,medqa_test_396,medqa_test_396__textbook__wrong,132,2.1890077590942383,8.926351627836564,gemma-2-2b-it
medqa-sonnet,clinical_note,0,medqa_test_396,medqa_test_396__clinical_note__wrong,64,4.62266206741333,101.76457602840392,gemma-2-2b-it
medqa-sonnet,clinical_note,1,medqa_test_396,medqa_test_396__clinical_note__correct,70,4.387587547302246,80.44611225628762,gemma-2-2b-it
medqa-sonnet,patient,0,medqa_test_396,medqa_test_396__patient__wrong,132,2.826557874679565,16.887232696519003,gemma-2-2b-it
medqa-sonnet,patient,1,medqa_test_396,medqa_test_396__patient__correct,168,2.5252277851104736,12.4937408276406,gemma-2-2b-it
medqa-sonnet,colloquial,1,medqa_test_396,medqa_test_396__colloquial__correct,124,3.942281484603882,51.53604597090754,gemma-2-2b-it
medqa-sonnet,colloquial,0,medqa_test_396,medqa_test_396__colloquial__wrong,105,4.220080852508545,68.03898518966732,gemma-2-2b-it
medqa-sonnet,textbook,1,medqa_test_1013,medqa_test_1013__textbook__correct,189,2.1371443271636963,8.47520063865356,gemma-2-2b-it
medqa-sonnet,textbook,0,medqa_test_1013,medqa_test_1013__textbook__wrong,187,2.370866298675537,10.706663436092008,gemma-2-2b-it
medqa-sonnet,clinical_note,1,medqa_test_1013,medqa_test_1013__clinical_note__correct,88,3.4212303161621094,30.60704821203134,gemma-2-2b-it
medqa-sonnet,patient,0,medqa_test_1013,medqa_test_1013__patient__wrong,208,2.2754526138305664,9.73232299982519,gemma-2-2b-it
medqa-sonnet,clinical_note,0,medqa_test_1013,medqa_test_1013__clinical_note__wrong,118,4.061258792877197,58.047334679957785,gemma-2-2b-it
medqa-sonnet,patient,1,medqa_test_1013,medqa_test_1013__patient__correct,220,2.122020721435547,8.347989416584216,gemma-2-2b-it
medqa-sonnet,colloquial,1,medqa_test_1013,medqa_test_1013__colloquial__correct,181,3.153465032577514,23.41706505854951,gemma-2-2b-it
medqa-sonnet,colloquial,0,medqa_test_1013,medqa_test_1013__colloquial__wrong,152,3.549048662185669,34.78021401102495,gemma-2-2b-it
medqa-sonnet,textbook,0,medqa_test_361,medqa_test_361__textbook__wrong,204,2.0263986587524414,7.586714752344621,gemma-2-2b-it
medqa-sonnet,textbook,1,medqa_test_361,medqa_test_361__textbook__correct,212,2.001942873001098,7.403426051505053,gemma-2-2b-it
medqa-sonnet,clinical_note,0,medqa_test_361,medqa_test_361__clinical_note__wrong,135,3.461517333984375,31.865290139096203,gemma-2-2b-it
medqa-sonnet,clinical_note,1,medqa_test_361,medqa_test_361__clinical_note__correct,149,3.737838506698608,42.00709391246304,gemma-2-2b-it
medqa-sonnet,patient,1,medqa_test_361,medqa_test_361__patient__correct,214,2.505434989929199,12.248885949156769,gemma-2-2b-it
medqa-sonnet,patient,0,medqa_test_361,medqa_test_361__patient__wrong,214,2.497076272964477,12.146927692116554,gemma-2-2b-it
medqa-sonnet,textbook,1,medqa_test_461,medqa_test_461__textbook__correct,224,1.82954204082489,6.231032446539018,gemma-2-2b-it
medqa-sonnet,textbook,0,medqa_test_461,medqa_test_461__textbook__wrong,193,2.062225341796875,7.863449216487556,gemma-2-2b-it
medqa-sonnet,clinical_note,1,medqa_test_461,medqa_test_461__clinical_note__correct,103,3.680624723434448,39.67116984223727,gemma-2-2b-it
medqa-sonnet,colloquial,0,medqa_test_361,medqa_test_361__colloquial__wrong,174,3.608649969100952,36.91618117300998,gemma-2-2b-it
medqa-sonnet,clinical_note,0,medqa_test_461,medqa_test_461__clinical_note__wrong,101,3.85685658454895,47.31638230845859,gemma-2-2b-it
medqa-sonnet,colloquial,1,medqa_test_361,medqa_test_361__colloquial__correct,168,3.583716869354248,36.007126217559026,gemma-2-2b-it
medqa-sonnet,patient,0,medqa_test_461,medqa_test_461__patient__wrong,177,2.361278772354126,10.60450353152032,gemma-2-2b-it
medqa-sonnet,patient,1,medqa_test_461,medqa_test_461__patient__correct,203,2.320793628692627,10.183753218573806,gemma-2-2b-it
medqa-sonnet,colloquial,1,medqa_test_461,medqa_test_461__colloquial__correct,136,3.701349020004273,40.5019054034374,gemma-2-2b-it
medqa-sonnet,textbook,1,medqa_test_160,medqa_test_160__textbook__correct,218,2.334815740585327,10.327556804468784,gemma-2-2b-it
medqa-sonnet,clinical_note,1,medqa_test_160,medqa_test_160__clinical_note__correct,111,4.088544845581055,59.65302415492198,gemma-2-2b-it
medqa-sonnet,colloquial,0,medqa_test_461,medqa_test_461__colloquial__wrong,154,3.909543037414551,49.87615522832936,gemma-2-2b-it
medqa-sonnet,patient,1,medqa_test_160,medqa_test_160__patient__correct,130,2.509925842285156,12.304017588849636,gemma-2-2b-it
medqa-sonnet,textbook,0,medqa_test_160,medqa_test_160__textbook__wrong,204,2.4031169414520264,11.057588578578056,gemma-2-2b-it
medqa-sonnet,clinical_note,0,medqa_test_160,medqa_test_160__clinical_note__wrong,109,4.14304256439209,62.994194061582654,gemma-2-2b-it
medqa-sonnet,patient,0,medqa_test_160,medqa_test_160__patient__wrong,149,2.723163366317749,15.228419199070087,gemma-2-2b-it
medqa-sonnet,colloquial,1,medqa_test_160,medqa_test_160__colloquial__correct,157,4.137970924377441,62.67551897202469,gemma-2-2b-it
medqa-sonnet,clinical_note,1,medqa_test_423,medqa_test_423__clinical_note__correct,160,3.035712480545044,20.815803472385937,gemma-2-2b-it
medqa-sonnet,colloquial,0,medqa_test_160,medqa_test_160__colloquial__wrong,173,3.858219623565674,47.3809203576228,gemma-2-2b-it
medqa-sonnet,clinical_note,0,medqa_test_423,medqa_test_423__clinical_note__wrong,232,3.174724102020264,23.92021941767931,gemma-2-2b-it
medqa-sonnet,textbook,0,medqa_test_423,medqa_test_423__textbook__wrong,385,1.5476570129394531,4.700444190838794,gemma-2-2b-it
medqa-sonnet,patient,1,medqa_test_423,medqa_test_423__patient__correct,239,2.7529549598693848,15.688923595047331,gemma-2-2b-it
medqa-sonnet,patient,0,medqa_test_423,medqa_test_423__patient__wrong,249,2.52500319480896,12.49093516969466,gemma-2-2b-it
medqa-sonnet,textbook,1,medqa_test_423,medqa_test_423__textbook__correct,398,1.5755888223648071,4.833586904415524,gemma-2-2b-it
medqa-sonnet,clinical_note,1,medqa_test_1069,medqa_test_1069__clinical_note__correct,89,4.113441467285156,61.15682503589076,gemma-2-2b-it
medqa-sonnet,textbook,0,medqa_test_1069,medqa_test_1069__textbook__wrong,146,2.2774858474731445,9.752131216911565,gemma-2-2b-it
medqa-sonnet,patient,0,medqa_test_1069,medqa_test_1069__patient__wrong,122,2.7012081146240234,14.897719009534256,gemma-2-2b-it
medqa-sonnet,clinical_note,0,medqa_test_1069,medqa_test_1069__clinical_note__wrong,85,4.224100589752197,68.31303446648302,gemma-2-2b-it
medqa-sonnet,textbook,1,medqa_test_1069,medqa_test_1069__textbook__correct,199,1.9131684303283687,6.774519422682069,gemma-2-2b-it
medqa-sonnet,colloquial,0,medqa_test_423,medqa_test_423__colloquial__wrong,248,3.36899209022522,29.049233291355996,gemma-2-2b-it
medqa-sonnet,patient,1,medqa_test_1069,medqa_test_1069__patient__correct,144,2.6729321479797363,14.482371453771512,gemma-2-2b-it
medqa-sonnet,colloquial,1,medqa_test_423,medqa_test_423__colloquial__correct,257,3.3188438415527344,27.628389290269556,gemma-2-2b-it
medqa-sonnet,textbook,1,medqa_test_912,medqa_test_912__textbook__correct,176,2.301265954971313,9.98681731657378,gemma-2-2b-it
medqa-sonnet,colloquial,0,medqa_test_1069,medqa_test_1069__colloquial__wrong,118,3.885732889175415,48.70262300816639,gemma-2-2b-it
medqa-sonnet,colloquial,1,medqa_test_1069,medqa_test_1069__colloquial__correct,141,3.942819118499756,51.56376094566817,gemma-2-2b-it
medqa-sonnet,textbook,0,medqa_test_912,medqa_test_912__textbook__wrong,182,2.1913745403289795,8.947503370263831,gemma-2-2b-it
medqa-sonnet,patient,1,medqa_test_912,medqa_test_912__patient__correct,131,2.4445393085479736,11.525238796616025,gemma-2-2b-it
medqa-sonnet,clinical_note,1,medqa_test_912,medqa_test_912__clinical_note__correct,66,4.406968116760254,82.02040983825981,gemma-2-2b-it
medqa-sonnet,clinical_note,0,medqa_test_912,medqa_test_912__clinical_note__wrong,62,4.5096588134765625,90.89080250279014,gemma-2-2b-it
medqa-sonnet,patient,0,medqa_test_912,medqa_test_912__patient__wrong,124,2.831275701522827,16.96709196922843,gemma-2-2b-it
medqa-sonnet,colloquial,0,medqa_test_912,medqa_test_912__colloquial__wrong,114,3.7001781463623047,40.45451054206266,gemma-2-2b-it
medqa-sonnet,patient,0,medqa_test_280,medqa_test_280__patient__wrong,186,2.240227699279785,9.395470385738044,gemma-2-2b-it
medqa-sonnet,clinical_note,1,medqa_test_280,medqa_test_280__clinical_note__correct,107,4.709494113922119,110.99599437196292,gemma-2-2b-it
medqa-sonnet,colloquial,1,medqa_test_912,medqa_test_912__colloquial__correct,114,4.027497291564941,56.12028263958956,gemma-2-2b-it
medqa-sonnet,patient,1,medqa_test_280,medqa_test_280__patient__correct,191,2.55094313621521,12.819188323840857,gemma-2-2b-it
medqa-sonnet,clinical_note,0,medqa_test_280,medqa_test_280__clinical_note__wrong,106,4.341255187988281,76.80388217181834,gemma-2-2b-it
medqa-sonnet,textbook,0,medqa_test_280,medqa_test_280__textbook__wrong,245,2.4675817489624023,11.79389174790076,gemma-2-2b-it
medqa-sonnet,textbook,1,medqa_test_280,medqa_test_280__textbook__correct,236,2.512959718704224,12.341403140568143,gemma-2-2b-it
medqa-sonnet,textbook,0,medqa_test_491,medqa_test_491__textbook__wrong,144,2.4280247688293457,11.336467806027072,gemma-2-2b-it
medqa-sonnet,colloquial,1,medqa_test_280,medqa_test_280__colloquial__correct,155,3.2998039722442627,27.107324611791192,gemma-2-2b-it
medqa-sonnet,clinical_note,1,medqa_test_491,medqa_test_491__clinical_note__correct,67,5.113723278045654,166.28834142280363,gemma-2-2b-it
medqa-sonnet,textbook,1,medqa_test_491,medqa_test_491__textbook__correct,159,2.3721508979797363,10.720426046319483,gemma-2-2b-it
medqa-sonnet,clinical_note,0,medqa_test_491,medqa_test_491__clinical_note__wrong,67,4.921023845672607,137.14295455080563,gemma-2-2b-it
medqa-sonnet,patient,0,medqa_test_491,medqa_test_491__patient__wrong,131,2.51967453956604,12.424552305288904,gemma-2-2b-it
medqa-sonnet,colloquial,0,medqa_test_280,medqa_test_280__colloquial__wrong,149,3.627527475357056,37.619685930145536,gemma-2-2b-it
medqa-sonnet,colloquial,0,medqa_test_491,medqa_test_491__colloquial__wrong,84,4.416906356811523,82.83961233324524,gemma-2-2b-it
medqa-sonnet,textbook,1,medqa_test_48,medqa_test_48__textbook__correct,173,2.060617446899414,7.850815775959999,gemma-2-2b-it
medqa-sonnet,colloquial,1,medqa_test_491,medqa_test_491__colloquial__correct,98,4.450339317321777,85.65600363745136,gemma-2-2b-it
medqa-sonnet,textbook,0,medqa_test_48,medqa_test_48__textbook__wrong,169,2.023946523666382,7.568133893610792,gemma-2-2b-it
medqa-sonnet,clinical_note,1,medqa_test_48,medqa_test_48__clinical_note__correct,103,3.919130802154541,50.35665585343059,gemma-2-2b-it
medqa-sonnet,patient,1,medqa_test_48,medqa_test_48__patient__correct,137,2.11342716217041,8.276557840127792,gemma-2-2b-it
medqa-sonnet,patient,0,medqa_test_48,medqa_test_48__patient__wrong,105,2.7248218059539795,15.253695566938736,gemma-2-2b-it
medqa-sonnet,patient,1,medqa_test_491,medqa_test_491__patient__correct,123,2.7095842361450195,15.02302818414692,gemma-2-2b-it
medqa-sonnet,clinical_note,0,medqa_test_48,medqa_test_48__clinical_note__wrong,84,3.766324281692505,43.22090463059413,gemma-2-2b-it
medqa-sonnet,colloquial,0,medqa_test_48,medqa_test_48__colloquial__wrong,79,3.690048694610596,40.04679697299292,gemma-2-2b-it
medqa-sonnet,patient,0,medqa_test_1172,medqa_test_1172__patient__wrong,123,2.5937747955322266,13.380183853597236,gemma-2-2b-it
medqa-sonnet,colloquial,1,medqa_test_48,medqa_test_48__colloquial__correct,131,3.0867624282836914,21.90604066594483,gemma-2-2b-it
medqa-sonnet,patient,1,medqa_test_1172,medqa_test_1172__patient__correct,136,2.44376540184021,11.51632278752737,gemma-2-2b-it
medqa-sonnet,textbook,0,medqa_test_1172,medqa_test_1172__textbook__wrong,249,2.2577574253082275,9.561622452881222,gemma-2-2b-it
medqa-sonnet,clinical_note,1,medqa_test_1172,medqa_test_1172__clinical_note__correct,147,3.9353816509246826,51.181679765044734,gemma-2-2b-it
medqa-sonnet,textbook,1,medqa_test_1172,medqa_test_1172__textbook__correct,276,2.403794288635254,11.065080942234298,gemma-2-2b-it
medqa-sonnet,clinical_note,0,medqa_test_1172,medqa_test_1172__clinical_note__wrong,118,3.573069334030152,35.625772908481885,gemma-2-2b-it
medqa-sonnet,colloquial,1,medqa_test_1172,medqa_test_1172__colloquial__correct,188,3.54029393196106,34.47705160905466,gemma-2-2b-it
medqa-sonnet,textbook,0,medqa_test_852,medqa_test_852__textbook__wrong,283,1.2138264179229736,3.3663410676501364,gemma-2-2b-it
medqa-sonnet,textbook,1,medqa_test_852,medqa_test_852__textbook__correct,398,1.224894642829895,3.403807448378454,gemma-2-2b-it
medqa-sonnet,colloquial,0,medqa_test_1172,medqa_test_1172__colloquial__wrong,143,3.570598125457764,35.537842884535095,gemma-2-2b-it
medqa-sonnet,clinical_note,1,medqa_test_852,medqa_test_852__clinical_note__correct,173,2.600067615509033,13.464648423280254,gemma-2-2b-it
medqa-sonnet,clinical_note,0,medqa_test_852,medqa_test_852__clinical_note__wrong,187,2.459568738937378,11.699764798828026,gemma-2-2b-it
medqa-sonnet,patient,0,medqa_test_852,medqa_test_852__patient__wrong,218,2.276339054107666,9.740953947766751,gemma-2-2b-it
medqa-sonnet,patient,1,medqa_test_852,medqa_test_852__patient__correct,308,2.062406301498413,7.864872312668478,gemma-2-2b-it
medqa-sonnet,textbook,1,medqa_test_847,medqa_test_847__textbook__correct,87,1.8597666025161743,6.422237662380869,gemma-2-2b-it
medqa-sonnet,textbook,0,medqa_test_847,medqa_test_847__textbook__wrong,94,1.6716667413711548,5.3210291897926485,gemma-2-2b-it
medqa-sonnet,patient,1,medqa_test_847,medqa_test_847__patient__correct,87,2.4010045528411865,11.034255307545754,gemma-2-2b-it
medqa-sonnet,clinical_note,1,medqa_test_847,medqa_test_847__clinical_note__correct,54,4.036403656005859,56.62234277582502,gemma-2-2b-it
medqa-sonnet,clinical_note,0,medqa_test_847,medqa_test_847__clinical_note__wrong,61,3.6335020065307617,37.84511867338775,gemma-2-2b-it
medqa-sonnet,patient,0,medqa_test_847,medqa_test_847__patient__wrong,90,2.404386043548584,11.07163069598161,gemma-2-2b-it
medqa-sonnet,colloquial,0,medqa_test_852,medqa_test_852__colloquial__wrong,227,2.712230682373047,15.062838475080676,gemma-2-2b-it
medqa-sonnet,colloquial,1,medqa_test_847,medqa_test_847__colloquial__correct,80,3.981171369552612,53.57975918181008,gemma-2-2b-it
medqa-sonnet,colloquial,0,medqa_test_847,medqa_test_847__colloquial__wrong,67,3.7969605922698975,44.56552563333565,gemma-2-2b-it
medqa-sonnet,colloquial,1,medqa_test_852,medqa_test_852__colloquial__correct,237,2.864781141281128,17.545212861546425,gemma-2-2b-it
medqa-sonnet,textbook,1,medqa_test_731,medqa_test_731__textbook__correct,206,1.8318511247634888,6.245437047798627,gemma-2-2b-it
medqa-sonnet,textbook,0,medqa_test_731,medqa_test_731__textbook__wrong,165,2.206226587295532,9.081383849158508,gemma-2-2b-it
medqa-sonnet,clinical_note,1,medqa_test_731,medqa_test_731__clinical_note__correct,121,3.385499954223633,29.53275405097147,gemma-2-2b-it
medqa-sonnet,clinical_note,0,medqa_test_731,medqa_test_731__clinical_note__wrong,102,3.388391256332397,29.618265725508653,gemma-2-2b-it
medqa-sonnet,patient,0,medqa_test_731,medqa_test_731__patient__wrong,143,2.6104612350463867,13.605324657419668,gemma-2-2b-it
medqa-sonnet,patient,1,medqa_test_731,medqa_test_731__patient__correct,139,2.5396687984466557,12.67547213948055,gemma-2-2b-it
medqa-sonnet,colloquial,1,medqa_test_731,medqa_test_731__colloquial__correct,119,4.178608417510986,65.27495449849705,gemma-2-2b-it
medqa-sonnet,colloquial,0,medqa_test_731,medqa_test_731__colloquial__wrong,114,3.867886781692505,47.84118032543861,gemma-2-2b-it
medqa-sonnet,textbook,1,medqa_test_745,medqa_test_745__textbook__correct,220,1.9728046655654907,7.190816066964337,gemma-2-2b-it
medqa-sonnet,textbook,0,medqa_test_745,medqa_test_745__textbook__wrong,225,1.9497942924499512,7.027241875188388,gemma-2-2b-it
medqa-sonnet,clinical_note,0,medqa_test_745,medqa_test_745__clinical_note__wrong,130,3.5611801147460938,35.204718247591245,gemma-2-2b-it
medqa-sonnet,patient,0,medqa_test_745,medqa_test_745__patient__wrong,168,2.4686856269836426,11.806917954134782,gemma-2-2b-it
medqa-sonnet,clinical_note,1,medqa_test_745,medqa_test_745__clinical_note__correct,132,3.542620658874512,34.55736368883684,gemma-2-2b-it
medqa-sonnet,patient,1,medqa_test_745,medqa_test_745__patient__correct,192,2.4084277153015137,11.116469143130338,gemma-2-2b-it
medqa-sonnet,colloquial,1,medqa_test_745,medqa_test_745__colloquial__correct,174,3.297611951828003,27.04796987997033,gemma-2-2b-it
medqa-sonnet,colloquial,0,medqa_test_745,medqa_test_745__colloquial__wrong,154,3.60243558883667,36.68748133517876,gemma-2-2b-it
medqa-sonnet,clinical_note,0,medqa_test_1018,medqa_test_1018__clinical_note__wrong,126,3.70136308670044,40.50247513544201,gemma-2-2b-it
medqa-sonnet,patient,0,medqa_test_1018,medqa_test_1018__patient__wrong,165,2.870584011077881,17.647321422151954,gemma-2-2b-it
medqa-sonnet,clinical_note,1,medqa_test_1018,medqa_test_1018__clinical_note__correct,119,3.5878329277038574,36.15563908421008,gemma-2-2b-it
medqa-sonnet,textbook,1,medqa_test_1018,medqa_test_1018__textbook__correct,224,2.152174234390259,8.603544197834632,gemma-2-2b-it
medqa-sonnet,patient,1,medqa_test_1018,medqa_test_1018__patient__correct,180,2.5500640869140625,12.80792457672334,gemma-2-2b-it
medqa-sonnet,textbook,0,medqa_test_1018,medqa_test_1018__textbook__wrong,226,2.073918342590332,7.955936205854275,gemma-2-2b-it
medqa-sonnet,colloquial,1,medqa_test_1018,medqa_test_1018__colloquial__correct,130,3.690784454345703,40.07627263589893,gemma-2-2b-it
medqa-sonnet,clinical_note,0,medqa_test_779,medqa_test_779__clinical_note__wrong,75,4.1799092292785645,65.3599201776335,gemma-2-2b-it
medqa-sonnet,clinical_note,1,medqa_test_779,medqa_test_779__clinical_note__correct,90,3.742276906967163,42.19395257939391,gemma-2-2b-it
medqa-sonnet,textbook,1,medqa_test_779,medqa_test_779__textbook__correct,151,1.948455810546875,7.017842331073057,gemma-2-2b-it
medqa-sonnet,patient,1,medqa_test_779,medqa_test_779__patient__correct,128,2.56748628616333,13.033021942569473,gemma-2-2b-it
medqa-sonnet,patient,0,medqa_test_779,medqa_test_779__patient__wrong,99,2.7220535278320312,15.211527488635332,gemma-2-2b-it
medqa-sonnet,textbook,0,medqa_test_779,medqa_test_779__textbook__wrong,156,1.9144946336746216,6.78350977320846,gemma-2-2b-it
medqa-sonnet,colloquial,0,medqa_test_1018,medqa_test_1018__colloquial__wrong,188,3.5910840034484863,36.27337508609751,gemma-2-2b-it
medqa-sonnet,colloquial,1,medqa_test_779,medqa_test_779__colloquial__correct,111,3.555783271789551,35.0152356756258,gemma-2-2b-it
medqa-sonnet,colloquial,0,medqa_test_779,medqa_test_779__colloquial__wrong,120,3.414845466613769,30.41224935653965,gemma-2-2b-it
medqa-sonnet,textbook,1,medqa_test_386,medqa_test_386__textbook__correct,202,1.9421956539154053,6.974046765443207,gemma-2-2b-it
medqa-sonnet,textbook,0,medqa_test_386,medqa_test_386__textbook__wrong,202,1.8217966556549072,6.182957121528894,gemma-2-2b-it
medqa-sonnet,clinical_note,1,medqa_test_386,medqa_test_386__clinical_note__correct,128,3.274256706237793,26.423577698951807,gemma-2-2b-it
medqa-sonnet,clinical_note,0,medqa_test_386,medqa_test_386__clinical_note__wrong,129,3.24575138092041,25.68099902532529,gemma-2-2b-it
medqa-sonnet,patient,1,medqa_test_386,medqa_test_386__patient__correct,181,2.516315698623657,12.38289021764663,gemma-2-2b-it
medqa-sonnet,patient,0,medqa_test_386,medqa_test_386__patient__wrong,155,2.286825656890869,9.84364094036862,gemma-2-2b-it
medqa-sonnet,colloquial,1,medqa_test_386,medqa_test_386__colloquial__correct,136,3.8465301990509033,46.83028921620394,gemma-2-2b-it
medqa-sonnet,colloquial,0,medqa_test_386,medqa_test_386__colloquial__wrong,146,3.691688060760498,40.11250217909248,gemma-2-2b-it
medqa-sonnet,textbook,0,medqa_test_498,medqa_test_498__textbook__wrong,189,1.7588186264038086,5.805574788784012,gemma-2-2b-it
medqa-sonnet,textbook,1,medqa_test_498,medqa_test_498__textbook__correct,188,1.902584791183472,6.703198437259919,gemma-2-2b-it
medqa-sonnet,clinical_note,1,medqa_test_498,medqa_test_498__clinical_note__correct,103,3.411700487136841,30.31675370111577,gemma-2-2b-it
medqa-sonnet,clinical_note,0,medqa_test_498,medqa_test_498__clinical_note__wrong,101,3.2906479835510254,26.86026302665422,gemma-2-2b-it
medqa-sonnet,patient,1,medqa_test_498,medqa_test_498__patient__correct,216,2.285074234008789,9.826415651168697,gemma-2-2b-it
medqa-sonnet,textbook,1,medqa_test_1226,medqa_test_1226__textbook__correct,85,1.9706462621688845,7.175312123042665,gemma-2-2b-it
medqa-sonnet,patient,0,medqa_test_498,medqa_test_498__patient__wrong,203,2.248868227005005,9.47700394733193,gemma-2-2b-it
medqa-sonnet,colloquial,1,medqa_test_498,medqa_test_498__colloquial__correct,147,3.472125768661499,32.20513038744443,gemma-2-2b-it
medqa-sonnet,textbook,0,medqa_test_1226,medqa_test_1226__textbook__wrong,75,2.1260619163513184,8.381793527466657,gemma-2-2b-it
medqa-sonnet,clinical_note,1,medqa_test_1226,medqa_test_1226__clinical_note__correct,60,4.104205131530762,60.59456069452676,gemma-2-2b-it
medqa-sonnet,colloquial,0,medqa_test_498,medqa_test_498__colloquial__wrong,139,3.25322699546814,25.873699655637846,gemma-2-2b-it
medqa-sonnet,patient,1,medqa_test_1226,medqa_test_1226__patient__correct,108,2.348230123519897,10.46702797463511,gemma-2-2b-it
medqa-sonnet,clinical_note,0,medqa_test_1226,medqa_test_1226__clinical_note__wrong,46,4.479328632354736,88.17545465198347,gemma-2-2b-it
medqa-sonnet,patient,0,medqa_test_1226,medqa_test_1226__patient__wrong,101,2.773231029510498,16.010280217507262,gemma-2-2b-it
medqa-sonnet,colloquial,0,medqa_test_1226,medqa_test_1226__colloquial__wrong,79,3.949544668197632,51.91172439363004,gemma-2-2b-it
medqa-sonnet,colloquial,1,medqa_test_1226,medqa_test_1226__colloquial__correct,85,3.886062383651733,48.71867289745953,gemma-2-2b-it
medqa-sonnet,textbook,0,medqa_test_640,medqa_test_640__textbook__wrong,238,1.9596294164657595,7.096696658864829,gemma-2-2b-it
medqa-sonnet,patient,0,medqa_test_640,medqa_test_640__patient__wrong,141,2.644761800765991,14.080090816801102,gemma-2-2b-it
medqa-sonnet,patient,1,medqa_test_640,medqa_test_640__patient__correct,155,2.7983663082122803,16.417803219730207,gemma-2-2b-it
medqa-sonnet,textbook,1,medqa_test_640,medqa_test_640__textbook__correct,241,2.022157907485962,7.554609505448386,gemma-2-2b-it
medqa-sonnet,clinical_note,0,medqa_test_640,medqa_test_640__clinical_note__wrong,133,3.414489984512329,30.401440267561515,gemma-2-2b-it
medqa-sonnet,clinical_note,1,medqa_test_640,medqa_test_640__clinical_note__correct,111,3.943238735198975,51.58540250109697,gemma-2-2b-it
medqa-sonnet,colloquial,0,medqa_test_640,medqa_test_640__colloquial__wrong,140,4.016367435455322,55.499135022753286,gemma-2-2b-it
medqa-sonnet,colloquial,1,medqa_test_640,medqa_test_640__colloquial__correct,147,4.1189680099487305,61.49574650797768,gemma-2-2b-it
medqa-sonnet,textbook,1,medqa_test_18,medqa_test_18__textbook__correct,206,1.9196562767028809,6.818614349843484,gemma-2-2b-it
medqa-sonnet,textbook,0,medqa_test_18,medqa_test_18__textbook__wrong,217,1.8220864534378047,6.184749188450435,gemma-2-2b-it
medqa-sonnet,clinical_note,1,medqa_test_18,medqa_test_18__clinical_note__correct,115,3.900348424911499,49.41966514856257,gemma-2-2b-it
medqa-sonnet,clinical_note,0,medqa_test_18,medqa_test_18__clinical_note__wrong,113,3.295478105545044,26.99031520496393,gemma-2-2b-it
medqa-sonnet,patient,1,medqa_test_18,medqa_test_18__patient__correct,236,2.124706506729126,8.370440459635082,gemma-2-2b-it
medqa-sonnet,patient,0,medqa_test_18,medqa_test_18__patient__wrong,218,2.181485652923584,8.85945856694054,gemma-2-2b-it
medqa-sonnet,colloquial,1,medqa_test_18,medqa_test_18__colloquial__correct,157,3.239039659500122,25.509212450763645,gemma-2-2b-it
medqa-sonnet,colloquial,0,medqa_test_18,medqa_test_18__colloquial__wrong,145,3.4330198764801025,30.970027330881933,gemma-2-2b-it
medqa-sonnet,textbook,1,medqa_test_382,medqa_test_382__textbook__correct,147,2.3465054035186768,10.448990841107593,gemma-2-2b-it
medqa-sonnet,patient,1,medqa_test_382,medqa_test_382__patient__correct,152,2.5569562911987305,12.896504313543408,gemma-2-2b-it
medqa-sonnet,textbook,0,medqa_test_382,medqa_test_382__textbook__wrong,128,2.4589061737060547,11.692015508946175,gemma-2-2b-it
medqa-sonnet,clinical_note,0,medqa_test_382,medqa_test_382__clinical_note__wrong,63,4.491985321044922,89.2985563130784,gemma-2-2b-it
medqa-sonnet,patient,0,medqa_test_382,medqa_test_382__patient__wrong,138,2.642487049102783,14.048098507871773,gemma-2-2b-it
medqa-sonnet,clinical_note,1,medqa_test_382,medqa_test_382__clinical_note__correct,85,4.564667224884033,96.03063209402588,gemma-2-2b-it
medqa-sonnet,colloquial,0,medqa_test_382,medqa_test_382__colloquial__wrong,106,4.330023288726807,75.94605523552467,gemma-2-2b-it
medqa-sonnet,colloquial,1,medqa_test_382,medqa_test_382__colloquial__correct,110,4.058056354522705,57.86173900696984,gemma-2-2b-it
medqa-sonnet,textbook,0,medqa_test_1016,medqa_test_1016__textbook__wrong,274,1.931824207305908,6.902089606694591,gemma-2-2b-it
medqa-sonnet,clinical_note,0,medqa_test_1016,medqa_test_1016__clinical_note__wrong,120,3.154118776321411,23.432378823425548,gemma-2-2b-it
medqa-sonnet,clinical_note,1,medqa_test_1016,medqa_test_1016__clinical_note__correct,141,2.934790849685669,18.817567023521583,gemma-2-2b-it
medqa-sonnet,patient,0,medqa_test_1016,medqa_test_1016__patient__wrong,182,2.2278501987457275,9.279894690671426,gemma-2-2b-it
medqa-sonnet,textbook,1,medqa_test_1016,medqa_test_1016__textbook__correct,296,1.9728602170944212,7.191215538886651,gemma-2-2b-it
medqa-sonnet,patient,1,medqa_test_1016,medqa_test_1016__patient__correct,233,2.1893622875213623,8.929516834283815,gemma-2-2b-it
medqa-sonnet,patient,1,medqa_test_607,medqa_test_607__patient__correct,138,2.027282953262329,7.59342660974015,gemma-2-2b-it
medqa-sonnet,colloquial,1,medqa_test_1016,medqa_test_1016__colloquial__correct,186,3.583390712738037,35.99538417008975,gemma-2-2b-it
medqa-sonnet,clinical_note,1,medqa_test_607,medqa_test_607__clinical_note__correct,85,4.459887504577637,86.47778019470316,gemma-2-2b-it
medqa-sonnet,textbook,1,medqa_test_607,medqa_test_607__textbook__correct,232,2.453122138977051,11.624583687184352,gemma-2-2b-it
medqa-sonnet,textbook,0,medqa_test_607,medqa_test_607__textbook__wrong,233,2.8027710914611816,16.490279588500915,gemma-2-2b-it
medqa-sonnet,clinical_note,0,medqa_test_607,medqa_test_607__clinical_note__wrong,109,4.160706520080566,64.11680641232364,gemma-2-2b-it
medqa-sonnet,colloquial,0,medqa_test_1016,medqa_test_1016__colloquial__wrong,178,3.6806678771972656,39.67288183943062,gemma-2-2b-it
medqa-sonnet,patient,0,medqa_test_607,medqa_test_607__patient__wrong,149,2.606245517730713,13.54808918373178,gemma-2-2b-it
medqa-sonnet,textbook,0,medqa_test_210,medqa_test_210__textbook__wrong,140,2.1056268215179443,8.212249011005927,gemma-2-2b-it
medqa-sonnet,clinical_note,0,medqa_test_210,medqa_test_210__clinical_note__wrong,45,5.094493389129639,163.1211847225864,gemma-2-2b-it
medqa-sonnet,colloquial,1,medqa_test_607,medqa_test_607__colloquial__correct,147,3.656403541564941,38.72183069221865,gemma-2-2b-it
medqa-sonnet,textbook,1,medqa_test_210,medqa_test_210__textbook__correct,178,1.9573420286178589,7.080482312486189,gemma-2-2b-it
medqa-sonnet,clinical_note,1,medqa_test_210,medqa_test_210__clinical_note__correct,57,3.894431829452514,49.12813227365393,gemma-2-2b-it
medqa-sonnet,colloquial,0,medqa_test_607,medqa_test_607__colloquial__wrong,177,4.160605430603027,64.11032520545837,gemma-2-2b-it
medqa-sonnet,patient,1,medqa_test_210,medqa_test_210__patient__correct,102,2.73897123336792,15.471060795440472,gemma-2-2b-it
medqa-sonnet,patient,0,medqa_test_210,medqa_test_210__patient__wrong,87,3.1684370040893555,23.770302420912905,gemma-2-2b-it
medqa-sonnet,colloquial,0,medqa_test_210,medqa_test_210__colloquial__wrong,68,4.469166278839111,87.28392221691804,gemma-2-2b-it
medqa-sonnet,colloquial,1,medqa_test_210,medqa_test_210__colloquial__correct,98,3.8906283378601074,48.941628742744776,gemma-2-2b-it
medqa-sonnet,clinical_note,0,medqa_test_168,medqa_test_168__clinical_note__wrong,51,4.699766159057617,109.92146530751356,gemma-2-2b-it
medqa-sonnet,textbook,0,medqa_test_168,medqa_test_168__textbook__wrong,178,2.046679735183716,7.742152387504504,gemma-2-2b-it
medqa-sonnet,clinical_note,1,medqa_test_168,medqa_test_168__clinical_note__correct,95,3.5186102390289307,33.73750879485485,gemma-2-2b-it
medqa-sonnet,patient,1,medqa_test_168,medqa_test_168__patient__correct,120,2.465205669403076,11.7659017891468,gemma-2-2b-it
medqa-sonnet,textbook,1,medqa_test_168,medqa_test_168__textbook__correct,200,1.9569098949432373,7.077423258654092,gemma-2-2b-it
medqa-sonnet,patient,0,medqa_test_168,medqa_test_168__patient__wrong,121,2.783069610595703,16.16857608409621,gemma-2-2b-it
medqa-sonnet,textbook,1,medqa_test_1207,medqa_test_1207__textbook__correct,111,2.623569965362549,13.784847275270412,gemma-2-2b-it
medqa-sonnet,textbook,0,medqa_test_1207,medqa_test_1207__textbook__wrong,108,2.5314860343933105,12.57217494635507,gemma-2-2b-it
medqa-sonnet,colloquial,1,medqa_test_168,medqa_test_168__colloquial__correct,98,4.13521671295166,62.50313484169675,gemma-2-2b-it
medqa-sonnet,clinical_note,1,medqa_test_1207,medqa_test_1207__clinical_note__correct,61,4.644767761230469,104.0392010434956,gemma-2-2b-it
medqa-sonnet,clinical_note,0,medqa_test_1207,medqa_test_1207__clinical_note__wrong,65,4.452279090881348,85.822318142616,gemma-2-2b-it
medqa-sonnet,colloquial,0,medqa_test_168,medqa_test_168__colloquial__wrong,124,4.249993324279785,70.10494434413161,gemma-2-2b-it
medqa-sonnet,patient,1,medqa_test_1207,medqa_test_1207__patient__correct,126,2.621067523956299,13.750394628513993,gemma-2-2b-it
medqa-sonnet,patient,0,medqa_test_1207,medqa_test_1207__patient__wrong,124,2.806468725204468,16.551367473453965,gemma-2-2b-it
medqa-sonnet,textbook,1,medqa_test_1211,medqa_test_1211__textbook__correct,138,2.1497390270233154,8.58261827344616,gemma-2-2b-it
medqa-sonnet,textbook,0,medqa_test_1211,medqa_test_1211__textbook__wrong,110,2.293938159942627,9.913903441523066,gemma-2-2b-it
medqa-sonnet,colloquial,0,medqa_test_1207,medqa_test_1207__colloquial__wrong,90,4.2627272605896,71.00336431163406,gemma-2-2b-it
medqa-sonnet,colloquial,1,medqa_test_1207,medqa_test_1207__colloquial__correct,100,4.605556964874268,100.0386853694774,gemma-2-2b-it
medqa-sonnet,clinical_note,1,medqa_test_1211,medqa_test_1211__clinical_note__correct,63,4.510108947753906,90.93172477806034,gemma-2-2b-it
medqa-sonnet,clinical_note,0,medqa_test_1211,medqa_test_1211__clinical_note__wrong,56,5.025115013122559,152.1877586954797,gemma-2-2b-it
medqa-sonnet,patient,1,medqa_test_1211,medqa_test_1211__patient__correct,183,2.602109432220459,13.492168853720678,gemma-2-2b-it
medqa-sonnet,patient,0,medqa_test_1211,medqa_test_1211__patient__wrong,156,2.7186412811279297,15.159710460616733,gemma-2-2b-it
medqa-sonnet,colloquial,0,medqa_test_1211,medqa_test_1211__colloquial__wrong,98,4.320493698120117,75.22575794112987,gemma-2-2b-it
medqa-sonnet,colloquial,1,medqa_test_1211,medqa_test_1211__colloquial__correct,106,3.9910268783569336,54.1104256689352,gemma-2-2b-it
medqa-sonnet,textbook,1,medqa_test_164,medqa_test_164__textbook__correct,234,2.133305311203003,8.44272658222582,gemma-2-2b-it
medqa-sonnet,textbook,0,medqa_test_164,medqa_test_164__textbook__wrong,233,1.9394772052764893,6.955113923145055,gemma-2-2b-it
medqa-sonnet,clinical_note,1,medqa_test_164,medqa_test_164__clinical_note__correct,78,3.983556509017944,53.70770690590402,gemma-2-2b-it
medqa-sonnet,patient,1,medqa_test_164,medqa_test_164__patient__correct,153,2.83803939819336,17.082241210977784,gemma-2-2b-it
medqa-sonnet,clinical_note,0,medqa_test_164,medqa_test_164__clinical_note__wrong,82,4.207758903503418,67.20575632800234,gemma-2-2b-it
medqa-sonnet,patient,0,medqa_test_164,medqa_test_164__patient__wrong,207,2.526909828186035,12.514773521877514,gemma-2-2b-it
medqa-sonnet,colloquial,1,medqa_test_164,medqa_test_164__colloquial__correct,157,3.735036373138428,41.88954918976437,gemma-2-2b-it
medqa-sonnet,colloquial,0,medqa_test_164,medqa_test_164__colloquial__wrong,98,4.432285785675049,84.1234855709986,gemma-2-2b-it
medqa-sonnet,textbook,0,medqa_test_170,medqa_test_170__textbook__wrong,135,1.7184128761291504,5.575672155731371,gemma-2-2b-it
medqa-sonnet,clinical_note,0,medqa_test_170,medqa_test_170__clinical_note__wrong,73,3.2644996643066406,26.16701542320128,gemma-2-2b-it
medqa-sonnet,textbook,1,medqa_test_170,medqa_test_170__textbook__correct,170,1.8885332345962524,6.609666737044374,gemma-2-2b-it
medqa-sonnet,clinical_note,1,medqa_test_170,medqa_test_170__clinical_note__correct,72,3.215162754058838,24.907345352850403,gemma-2-2b-it
medqa-sonnet,patient,0,medqa_test_170,medqa_test_170__patient__wrong,114,2.5660741329193115,13.01463030731395,gemma-2-2b-it
medqa-sonnet,patient,1,medqa_test_170,medqa_test_170__patient__correct,136,2.642240285873413,14.044632381391333,gemma-2-2b-it
medqa-sonnet,patient,1,medqa_test_808,medqa_test_808__patient__correct,137,2.6887693405151367,14.713557394897547,gemma-2-2b-it
medqa-sonnet,colloquial,0,medqa_test_170,medqa_test_170__colloquial__wrong,116,3.539729118347168,34.45758399924209,gemma-2-2b-it
medqa-sonnet,colloquial,1,medqa_test_170,medqa_test_170__colloquial__correct,133,3.21274995803833,24.84732145093698,gemma-2-2b-it
medqa-sonnet,clinical_note,1,medqa_test_808,medqa_test_808__clinical_note__correct,161,3.0359060764312744,20.81983371641352,gemma-2-2b-it
medqa-sonnet,textbook,1,medqa_test_808,medqa_test_808__textbook__correct,315,1.8901078701019287,6.620082751530141,gemma-2-2b-it
medqa-sonnet,clinical_note,0,medqa_test_808,medqa_test_808__clinical_note__wrong,135,3.3512942790985107,28.539648019772358,gemma-2-2b-it
medqa-sonnet,patient,0,medqa_test_808,medqa_test_808__patient__wrong,168,2.661606311798096,14.319271850316603,gemma-2-2b-it
medqa-sonnet,textbook,0,medqa_test_808,medqa_test_808__textbook__wrong,306,2.000237226486206,7.390809186676581,gemma-2-2b-it
medqa-sonnet,colloquial,1,medqa_test_808,medqa_test_808__colloquial__correct,118,4.162602424621582,64.23848106207052,gemma-2-2b-it
medqa-sonnet,textbook,1,medqa_test_766,medqa_test_766__textbook__correct,186,2.0392038822174072,7.684489004657775,gemma-2-2b-it
medqa-sonnet,clinical_note,1,medqa_test_766,medqa_test_766__clinical_note__correct,78,4.387720108032227,80.45677695849714,gemma-2-2b-it
medqa-sonnet,textbook,0,medqa_test_766,medqa_test_766__textbook__wrong,131,2.0595192909240723,7.842199087804054,gemma-2-2b-it
medqa-sonnet,colloquial,0,medqa_test_808,medqa_test_808__colloquial__wrong,150,3.71410608291626,41.02190051178375,gemma-2-2b-it
medqa-sonnet,clinical_note,0,medqa_test_766,medqa_test_766__clinical_note__wrong,68,4.576051235198975,97.13009205837496,gemma-2-2b-it
medqa-sonnet,patient,0,medqa_test_766,medqa_test_766__patient__wrong,142,2.2940399646759038,9.91491277519526,gemma-2-2b-it
medqa-sonnet,patient,1,medqa_test_766,medqa_test_766__patient__correct,158,2.265101432800293,9.632101562595675,gemma-2-2b-it
medqa-sonnet,textbook,1,medqa_test_474,medqa_test_474__textbook__correct,118,2.186517238616944,8.904148027057946,gemma-2-2b-it
medqa-sonnet,colloquial,0,medqa_test_766,medqa_test_766__colloquial__wrong,86,4.154226303100586,63.70265892677334,gemma-2-2b-it
medqa-sonnet,textbook,0,medqa_test_474,medqa_test_474__textbook__wrong,123,2.2016425132751465,9.03984938464911,gemma-2-2b-it
medqa-sonnet,clinical_note,1,medqa_test_474,medqa_test_474__clinical_note__correct,59,4.626008033752441,102.1056471623708,gemma-2-2b-it
medqa-sonnet,clinical_note,0,medqa_test_474,medqa_test_474__clinical_note__wrong,55,4.779101371765137,118.9973675888956,gemma-2-2b-it
medqa-sonnet,colloquial,1,medqa_test_766,medqa_test_766__colloquial__correct,109,3.8705801963806152,47.97021015063317,gemma-2-2b-it
medqa-sonnet,patient,0,medqa_test_474,medqa_test_474__patient__wrong,96,2.307333707809448,10.047599073542989,gemma-2-2b-it
medqa-sonnet,patient,1,medqa_test_474,medqa_test_474__patient__correct,137,2.080684900283813,8.009953055157968,gemma-2-2b-it
medqa-sonnet,colloquial,0,medqa_test_474,medqa_test_474__colloquial__wrong,91,3.801656246185303,44.775282004518125,gemma-2-2b-it
medqa-sonnet,colloquial,1,medqa_test_474,medqa_test_474__colloquial__correct,115,3.589128255844116,36.20250284636721,gemma-2-2b-it
medqa-sonnet,textbook,0,medqa_test_712,medqa_test_712__textbook__wrong,297,2.169111967086792,8.750509848629562,gemma-2-2b-it
medqa-sonnet,textbook,1,medqa_test_712,medqa_test_712__textbook__correct,299,2.1194183826446533,8.326293362385302,gemma-2-2b-it
medqa-sonnet,clinical_note,1,medqa_test_712,medqa_test_712__clinical_note__correct,161,4.4863386154174805,88.79573463168224,gemma-2-2b-it
medqa-sonnet,clinical_note,0,medqa_test_712,medqa_test_712__clinical_note__wrong,152,4.518978595733643,91.7418445947821,gemma-2-2b-it
medqa-sonnet,patient,0,medqa_test_712,medqa_test_712__patient__wrong,214,2.454920768737793,11.645510823804,gemma-2-2b-it
medqa-sonnet,patient,1,medqa_test_712,medqa_test_712__patient__correct,244,2.706740140914917,14.98036196350415,gemma-2-2b-it
medqa-sonnet,colloquial,1,medqa_test_712,medqa_test_712__colloquial__correct,162,4.216022968292236,67.76345028802616,gemma-2-2b-it
medqa-sonnet,colloquial,0,medqa_test_712,medqa_test_712__colloquial__wrong,170,4.029324531555176,56.22292160874875,gemma-2-2b-it
medqa-sonnet,textbook,1,medqa_test_936,medqa_test_936__textbook__correct,212,1.440558910369873,4.223055467011758,gemma-2-2b-it
medqa-sonnet,textbook,0,medqa_test_936,medqa_test_936__textbook__wrong,196,1.4784047603607178,4.385943466425333,gemma-2-2b-it
medqa-sonnet,clinical_note,1,medqa_test_936,medqa_test_936__clinical_note__correct,102,3.6644694805145264,39.03542161705852,gemma-2-2b-it
medqa-sonnet,patient,1,medqa_test_936,medqa_test_936__patient__correct,128,2.439108371734619,11.462815614562782,gemma-2-2b-it
medqa-sonnet,patient,0,medqa_test_936,medqa_test_936__patient__wrong,151,2.2681684494018555,9.661688726965394,gemma-2-2b-it
medqa-sonnet,clinical_note,0,medqa_test_936,medqa_test_936__clinical_note__wrong,92,3.462887525558472,31.90898161716287,gemma-2-2b-it
medqa-sonnet,colloquial,0,medqa_test_936,medqa_test_936__colloquial__wrong,128,3.2047784328460693,24.65003777263812,gemma-2-2b-it
medqa-sonnet,clinical_note,1,medqa_test_1126,medqa_test_1126__clinical_note__correct,73,4.444458961486816,85.15379388981341,gemma-2-2b-it
medqa-sonnet,patient,0,medqa_test_1126,medqa_test_1126__patient__wrong,105,2.619576930999756,13.729913655320402,gemma-2-2b-it
medqa-sonnet,colloquial,1,medqa_test_936,medqa_test_936__colloquial__correct,141,3.5226337909698486,33.873526868240376,gemma-2-2b-it
medqa-sonnet,textbook,1,medqa_test_1126,medqa_test_1126__textbook__correct,208,1.843894839286804,6.3211100862091945,gemma-2-2b-it
medqa-sonnet,textbook,0,medqa_test_1126,medqa_test_1126__textbook__wrong,217,1.8453439474105835,6.330276698288348,gemma-2-2b-it
medqa-sonnet,clinical_note,0,medqa_test_1126,medqa_test_1126__clinical_note__wrong,102,3.760348081588745,42.96337813724639,gemma-2-2b-it
medqa-sonnet,patient,1,medqa_test_1126,medqa_test_1126__patient__correct,116,2.327934980392456,10.256739281319696,gemma-2-2b-it
medqa-sonnet,colloquial,1,medqa_test_1126,medqa_test_1126__colloquial__correct,96,4.015575885772705,55.45522208197048,gemma-2-2b-it
medqa-sonnet,clinical_note,0,medqa_test_92,medqa_test_92__clinical_note__wrong,90,4.303463459014893,73.95549245996489,gemma-2-2b-it
medqa-sonnet,textbook,0,medqa_test_92,medqa_test_92__textbook__wrong,160,2.6084015369415283,13.577330635520442,gemma-2-2b-it
medqa-sonnet,textbook,1,medqa_test_92,medqa_test_92__textbook__correct,157,2.439654588699341,11.469078509208872,gemma-2-2b-it
medqa-sonnet,clinical_note,1,medqa_test_92,medqa_test_92__clinical_note__correct,92,4.183689117431641,65.60744087116213,gemma-2-2b-it
medqa-sonnet,colloquial,0,medqa_test_1126,medqa_test_1126__colloquial__wrong,116,3.671949625015259,39.328507005356975,gemma-2-2b-it
medqa-sonnet,patient,0,medqa_test_92,medqa_test_92__patient__wrong,149,2.388557910919189,10.897767055105405,gemma-2-2b-it
medqa-sonnet,patient,1,medqa_test_92,medqa_test_92__patient__correct,175,2.6361334323883057,13.959125224764104,gemma-2-2b-it
medqa-sonnet,clinical_note,1,medqa_test_1219,medqa_test_1219__clinical_note__correct,116,3.550784111022949,34.840625698524924,gemma-2-2b-it
medqa-sonnet,textbook,0,medqa_test_1219,medqa_test_1219__textbook__wrong,206,1.5927038192749023,4.917025720132626,gemma-2-2b-it
medqa-sonnet,colloquial,0,medqa_test_92,medqa_test_92__colloquial__wrong,119,3.9658782482147217,52.76659121016909,gemma-2-2b-it
medqa-sonnet,colloquial,1,medqa_test_92,medqa_test_92__colloquial__correct,150,3.84220290184021,46.62807846485421,gemma-2-2b-it
medqa-sonnet,clinical_note,0,medqa_test_1219,medqa_test_1219__clinical_note__wrong,117,3.5511579513549805,34.853652964511234,gemma-2-2b-it
medqa-sonnet,textbook,1,medqa_test_1219,medqa_test_1219__textbook__correct,230,1.719495177268982,5.581709978842883,gemma-2-2b-it
medqa-sonnet,patient,0,medqa_test_1219,medqa_test_1219__patient__wrong,192,2.394571542739868,10.963499661594575,gemma-2-2b-it
medqa-sonnet,patient,1,medqa_test_1219,medqa_test_1219__patient__correct,231,2.189279317855835,8.928775985993147,gemma-2-2b-it
medqa-sonnet,textbook,0,medqa_test_787,medqa_test_787__textbook__wrong,133,2.6331701278686523,13.91782131415238,gemma-2-2b-it
medqa-sonnet,patient,1,medqa_test_787,medqa_test_787__patient__correct,172,2.4638445377349854,11.749897741896572,gemma-2-2b-it
medqa-sonnet,textbook,1,medqa_test_787,medqa_test_787__textbook__correct,163,2.6000330448150635,13.464182949086132,gemma-2-2b-it
medqa-sonnet,clinical_note,1,medqa_test_787,medqa_test_787__clinical_note__correct,92,4.188401699066162,65.91735095683752,gemma-2-2b-it
medqa-sonnet,patient,0,medqa_test_787,medqa_test_787__patient__wrong,178,2.6659996509552,14.382319661838014,gemma-2-2b-it
medqa-sonnet,colloquial,0,medqa_test_1219,medqa_test_1219__colloquial__wrong,168,3.7256710529327393,41.49907147677517,gemma-2-2b-it
medqa-sonnet,colloquial,1,medqa_test_1219,medqa_test_1219__colloquial__correct,186,3.4539225101470947,31.624195568250023,gemma-2-2b-it
medqa-sonnet,clinical_note,0,medqa_test_787,medqa_test_787__clinical_note__wrong,87,3.711767435073853,40.92607682526312,gemma-2-2b-it
medqa-sonnet,textbook,1,medqa_test_655,medqa_test_655__textbook__correct,99,2.5781264305114746,13.172435552518133,gemma-2-2b-it
medqa-sonnet,textbook,0,medqa_test_655,medqa_test_655__textbook__wrong,91,2.1513829231262207,8.596738809345633,gemma-2-2b-it
medqa-sonnet,colloquial,1,medqa_test_787,medqa_test_787__colloquial__correct,104,4.628658294677734,102.37661267535007,gemma-2-2b-it
medqa-sonnet,clinical_note,1,medqa_test_655,medqa_test_655__clinical_note__correct,57,4.759103298187256,116.64128653776972,gemma-2-2b-it
medqa-sonnet,colloquial,0,medqa_test_787,medqa_test_787__colloquial__wrong,102,4.7506184577941895,115.655790638316,gemma-2-2b-it
medqa-sonnet,patient,1,medqa_test_655,medqa_test_655__patient__correct,95,2.367071866989136,10.666114711428044,gemma-2-2b-it
medqa-sonnet,patient,0,medqa_test_655,medqa_test_655__patient__wrong,104,2.5574393272399902,12.902735294706194,gemma-2-2b-it
medqa-sonnet,clinical_note,0,medqa_test_655,medqa_test_655__clinical_note__wrong,52,4.395997524261475,81.12551508350471,gemma-2-2b-it
medqa-sonnet,textbook,1,medqa_test_1208,medqa_test_1208__textbook__correct,66,2.634934186935425,13.94239484123542,gemma-2-2b-it
medqa-sonnet,colloquial,1,medqa_test_655,medqa_test_655__colloquial__correct,89,3.4461007118225098,31.377802363520185,gemma-2-2b-it
medqa-sonnet,colloquial,0,medqa_test_655,medqa_test_655__colloquial__wrong,64,3.6459498405456543,38.31915265618405,gemma-2-2b-it
medqa-sonnet,clinical_note,0,medqa_test_1208,medqa_test_1208__clinical_note__wrong,42,4.58577823638916,98.07948647420385,gemma-2-2b-it
medqa-sonnet,patient,1,medqa_test_1208,medqa_test_1208__patient__correct,123,2.6088483333587646,13.583398293607033,gemma-2-2b-it
medqa-sonnet,colloquial,1,medqa_test_1208,medqa_test_1208__colloquial__correct,65,5.221242427825928,185.16409424075985,gemma-2-2b-it
medqa-sonnet,patient,0,medqa_test_1208,medqa_test_1208__patient__wrong,87,2.695495367050171,14.812854736290909,gemma-2-2b-it
medqa-sonnet,colloquial,0,medqa_test_1208,medqa_test_1208__colloquial__wrong,56,5.42902135848999,227.92607832006175,gemma-2-2b-it
medqa-sonnet,clinical_note,1,medqa_test_1208,medqa_test_1208__clinical_note__correct,80,3.912131071090698,50.005403575092814,gemma-2-2b-it
medqa-sonnet,textbook,1,medqa_test_89,medqa_test_89__textbook__correct,204,1.6780807971954346,5.355268256317459,gemma-2-2b-it
medqa-sonnet,textbook,0,medqa_test_89,medqa_test_89__textbook__wrong,198,1.6552112102508545,5.234185319032638,gemma-2-2b-it
medqa-sonnet,clinical_note,1,medqa_test_89,medqa_test_89__clinical_note__correct,135,2.870837926864624,17.6518029245928,gemma-2-2b-it
medqa-sonnet,patient,1,medqa_test_89,medqa_test_89__patient__correct,139,2.4061412811279297,11.091081103293094,gemma-2-2b-it
medqa-sonnet,clinical_note,0,medqa_test_89,medqa_test_89__clinical_note__wrong,108,2.9907140731811523,19.899887395187637,gemma-2-2b-it
medqa-sonnet,patient,0,medqa_test_89,medqa_test_89__patient__wrong,128,2.3972532749176025,10.992940289713552,gemma-2-2b-it
medqa-sonnet,colloquial,1,medqa_test_89,medqa_test_89__colloquial__correct,100,3.9415862560272217,51.5002290909224,gemma-2-2b-it
medqa-sonnet,textbook,0,medqa_test_1208,medqa_test_1208__textbook__wrong,74,2.1615757942199707,8.684812358493197,gemma-2-2b-it
medqa-sonnet,colloquial,0,medqa_test_89,medqa_test_89__colloquial__wrong,126,3.801231622695923,44.756273404070136,gemma-2-2b-it
medqa-sonnet,textbook,1,medqa_test_651,medqa_test_651__textbook__correct,165,1.8851444721221924,6.587306055357962,gemma-2-2b-it
medqa-sonnet,textbook,0,medqa_test_651,medqa_test_651__textbook__wrong,132,2.1362109184265137,8.467293503196819,gemma-2-2b-it
medqa-sonnet,clinical_note,1,medqa_test_651,medqa_test_651__clinical_note__correct,103,3.7009353637695312,40.48515500244112,gemma-2-2b-it
medqa-sonnet,patient,1,medqa_test_651,medqa_test_651__patient__correct,145,2.801878929138184,16.475574143153896,gemma-2-2b-it
medqa-sonnet,patient,0,medqa_test_651,medqa_test_651__patient__wrong,122,2.7568836212158203,15.750681295855747,gemma-2-2b-it
medqa-sonnet,clinical_note,0,medqa_test_651,medqa_test_651__clinical_note__wrong,96,3.653765439987183,38.61981319500256,gemma-2-2b-it
medqa-sonnet,colloquial,1,medqa_test_651,medqa_test_651__colloquial__correct,118,3.8134336471557617,45.30573600752851,gemma-2-2b-it
medqa-sonnet,colloquial,0,medqa_test_651,medqa_test_651__colloquial__wrong,107,3.9368159770965576,51.255143660851765,gemma-2-2b-it
medqa-sonnet,textbook,0,medqa_test_1248,medqa_test_1248__textbook__wrong,141,2.0125479698181152,7.482357901740996,gemma-2-2b-it
medqa-sonnet,clinical_note,1,medqa_test_1248,medqa_test_1248__clinical_note__correct,82,3.890934705734253,48.95662518259631,gemma-2-2b-it
medqa-sonnet,clinical_note,0,medqa_test_1248,medqa_test_1248__clinical_note__wrong,80,4.060419082641602,57.99861219812423,gemma-2-2b-it
medqa-sonnet,patient,0,medqa_test_1248,medqa_test_1248__patient__wrong,148,2.791125535964966,16.29935499164383,gemma-2-2b-it
medqa-sonnet,patient,1,medqa_test_1248,medqa_test_1248__patient__correct,173,2.6528666019439697,14.194670850426377,gemma-2-2b-it
medqa-sonnet,colloquial,1,medqa_test_1248,medqa_test_1248__colloquial__correct,126,3.7696633338928223,43.36546269645485,gemma-2-2b-it
medqa-sonnet,colloquial,0,medqa_test_1248,medqa_test_1248__colloquial__wrong,120,3.89783239364624,49.29548001827733,gemma-2-2b-it
medqa-sonnet,clinical_note,1,medqa_test_10,medqa_test_10__clinical_note__correct,83,4.375950336456299,79.5153700118605,gemma-2-2b-it
medqa-sonnet,textbook,1,medqa_test_1248,medqa_test_1248__textbook__correct,227,1.7470269203186035,5.737519191579103,gemma-2-2b-it
medqa-sonnet,textbook,0,medqa_test_10,medqa_test_10__textbook__wrong,214,2.2126152515411377,9.1395874852355,gemma-2-2b-it
medqa-sonnet,textbook,1,medqa_test_10,medqa_test_10__textbook__correct,232,1.969923973083496,7.170131344647017,gemma-2-2b-it
medqa-sonnet,patient,1,medqa_test_10,medqa_test_10__patient__correct,138,2.570530414581299,13.07275658302682,gemma-2-2b-it
medqa-sonnet,patient,0,medqa_test_10,medqa_test_10__patient__wrong,128,2.677483320236206,14.54843343664225,gemma-2-2b-it
medqa-sonnet,clinical_note,0,medqa_test_10,medqa_test_10__clinical_note__wrong,87,4.67446231842041,107.1749256137562,gemma-2-2b-it
medqa-sonnet,colloquial,1,medqa_test_10,medqa_test_10__colloquial__correct,126,3.967446804046631,52.84942350109512,gemma-2-2b-it
medqa-sonnet,textbook,0,medqa_test_949,medqa_test_949__textbook__wrong,159,2.061793804168701,7.860056574342429,gemma-2-2b-it
medqa-sonnet,patient,0,medqa_test_949,medqa_test_949__patient__wrong,134,2.5195059776306152,12.422458175205806,gemma-2-2b-it
medqa-sonnet,clinical_note,1,medqa_test_949,medqa_test_949__clinical_note__correct,91,3.859564781188965,47.44469804974791,gemma-2-2b-it
medqa-sonnet,patient,1,medqa_test_949,medqa_test_949__patient__correct,154,2.226804733276367,9.270197950899538,gemma-2-2b-it
medqa-sonnet,colloquial,0,medqa_test_10,medqa_test_10__colloquial__wrong,128,4.063934326171875,58.2028502072757,gemma-2-2b-it
medqa-sonnet,clinical_note,0,medqa_test_949,medqa_test_949__clinical_note__wrong,90,3.577411651611328,35.780807690046586,gemma-2-2b-it
medqa-sonnet,textbook,1,medqa_test_949,medqa_test_949__textbook__correct,162,2.0531225204467773,7.792194444824275,gemma-2-2b-it
medqa-sonnet,textbook,0,medqa_test_46,medqa_test_46__textbook__wrong,177,1.7226133346557615,5.599141792489531,gemma-2-2b-it
medqa-sonnet,colloquial,0,medqa_test_949,medqa_test_949__colloquial__wrong,117,3.420156478881836,30.57419886320646,gemma-2-2b-it
medqa-sonnet,clinical_note,1,medqa_test_46,medqa_test_46__clinical_note__correct,113,2.8427951335906982,17.163673311452843,gemma-2-2b-it
medqa-sonnet,textbook,1,medqa_test_46,medqa_test_46__textbook__correct,182,1.7340657711029053,5.6636342007386125,gemma-2-2b-it
medqa-sonnet,patient,1,medqa_test_46,medqa_test_46__patient__correct,148,2.021737813949585,7.551436529345335,gemma-2-2b-it
medqa-sonnet,colloquial,1,medqa_test_949,medqa_test_949__colloquial__correct,141,3.5968258380889893,36.48224989614476,gemma-2-2b-it
medqa-sonnet,clinical_note,0,medqa_test_46,medqa_test_46__clinical_note__wrong,99,3.27982759475708,26.571191292266548,gemma-2-2b-it
medqa-sonnet,patient,0,medqa_test_46,medqa_test_46__patient__wrong,143,2.099236249923706,8.159935380789015,gemma-2-2b-it
medqa-sonnet,colloquial,0,medqa_test_46,medqa_test_46__colloquial__wrong,138,3.1665308475494385,23.725035659969823,gemma-2-2b-it
medqa-sonnet,colloquial,1,medqa_test_46,medqa_test_46__colloquial__correct,147,3.25455379486084,25.908051648690183,gemma-2-2b-it
medqa-sonnet,textbook,0,medqa_test_1245,medqa_test_1245__textbook__wrong,366,1.5245556831359863,4.593102323039933,gemma-2-2b-it
medqa-sonnet,clinical_note,0,medqa_test_1245,medqa_test_1245__clinical_note__wrong,225,3.1824543476104736,24.105845130158308,gemma-2-2b-it
medqa-sonnet,clinical_note,1,medqa_test_1245,medqa_test_1245__clinical_note__correct,246,3.007434606552124,20.23542146350777,gemma-2-2b-it
medqa-sonnet,patient,0,medqa_test_1245,medqa_test_1245__patient__wrong,207,2.37894606590271,10.793521207196653,gemma-2-2b-it
medqa-sonnet,textbook,1,medqa_test_1245,medqa_test_1245__textbook__correct,404,1.5924004316329956,4.915534181562825,gemma-2-2b-it
medqa-sonnet,patient,1,medqa_test_1245,medqa_test_1245__patient__correct,241,2.3973639011383057,10.994156464421383,gemma-2-2b-it
medqa-sonnet,textbook,0,medqa_test_1247,medqa_test_1247__textbook__wrong,220,1.639724850654602,5.153751265841705,gemma-2-2b-it
medqa-sonnet,clinical_note,1,medqa_test_1247,medqa_test_1247__clinical_note__correct,139,3.2406857013702397,25.55123625951723,gemma-2-2b-it
medqa-sonnet,textbook,1,medqa_test_1247,medqa_test_1247__textbook__correct,232,1.7522279024124146,5.767437661428661,gemma-2-2b-it
medqa-sonnet,clinical_note,0,medqa_test_1247,medqa_test_1247__clinical_note__wrong,130,3.175424814224243,23.93698648110408,gemma-2-2b-it
medqa-sonnet,colloquial,0,medqa_test_1245,medqa_test_1245__colloquial__wrong,196,3.65338945388794,38.60529541149928,gemma-2-2b-it
medqa-sonnet,patient,1,medqa_test_1247,medqa_test_1247__patient__correct,213,2.4152235984802246,11.192272652943014,gemma-2-2b-it
medqa-sonnet,patient,0,medqa_test_1247,medqa_test_1247__patient__wrong,254,2.1183552742004395,8.317446313122382,gemma-2-2b-it
medqa-sonnet,colloquial,0,medqa_test_1247,medqa_test_1247__colloquial__wrong,143,3.73882508277893,42.04855755667756,gemma-2-2b-it
medqa-sonnet,textbook,0,medqa_test_883,medqa_test_883__textbook__wrong,113,2.104269027709961,8.201106036791796,gemma-2-2b-it
medqa-sonnet,textbook,1,medqa_test_883,medqa_test_883__textbook__correct,121,1.895138502120972,6.653469860507104,gemma-2-2b-it
medqa-sonnet,colloquial,1,medqa_test_1247,medqa_test_1247__colloquial__correct,177,3.334355354309082,28.06028844803413,gemma-2-2b-it
medqa-sonnet,patient,0,medqa_test_883,medqa_test_883__patient__wrong,89,3.172394037246704,23.86454864048411,gemma-2-2b-it
medqa-sonnet,patient,1,medqa_test_883,medqa_test_883__patient__correct,90,3.170926570892334,23.829553901373057,gemma-2-2b-it
medqa-sonnet,clinical_note,1,medqa_test_883,medqa_test_883__clinical_note__correct,45,4.049305438995361,57.357604851509045,gemma-2-2b-it
medqa-sonnet,clinical_note,0,medqa_test_883,medqa_test_883__clinical_note__wrong,43,4.291007518768311,73.04002063245879,gemma-2-2b-it
medqa-sonnet,colloquial,0,medqa_test_883,medqa_test_883__colloquial__wrong,80,4.868838787078857,130.1696743932328,gemma-2-2b-it
medqa-sonnet,textbook,1,medqa_test_221,medqa_test_221__textbook__correct,136,1.8617998361587524,6.435308855948842,gemma-2-2b-it
medqa-sonnet,colloquial,1,medqa_test_883,medqa_test_883__colloquial__correct,82,4.539143085479736,93.61054950130716,gemma-2-2b-it
medqa-sonnet,textbook,0,medqa_test_221,medqa_test_221__textbook__wrong,135,1.933088541030884,6.910821670315188,gemma-2-2b-it
medqa-sonnet,patient,1,medqa_test_221,medqa_test_221__patient__correct,96,2.990586996078491,19.897358735824923,gemma-2-2b-it
medqa-sonnet,patient,0,medqa_test_221,medqa_test_221__patient__wrong,98,2.9822590351104736,19.73234238748409,gemma-2-2b-it
medqa-sonnet,clinical_note,0,medqa_test_221,medqa_test_221__clinical_note__wrong,70,3.995211362838745,54.33732430127292,gemma-2-2b-it
medqa-sonnet,clinical_note,1,medqa_test_221,medqa_test_221__clinical_note__correct,69,4.028509140014648,56.17709659928672,gemma-2-2b-it
medqa-sonnet,colloquial,0,medqa_test_221,medqa_test_221__colloquial__wrong,81,3.764016151428223,43.12126019297535,gemma-2-2b-it
medqa-sonnet,colloquial,1,medqa_test_221,medqa_test_221__colloquial__correct,102,3.5798964500427246,35.86982633576279,gemma-2-2b-it
medqa-sonnet,colloquial,1,medqa_test_1245,medqa_test_1245__colloquial__correct,197,3.535900354385376,34.325906285717444,gemma-2-2b-it
medqa-sonnet,textbook,1,medqa_test_962,medqa_test_962__textbook__correct,282,1.817324161529541,6.155365629511614,gemma-2-2b-it
medqa-sonnet,textbook,0,medqa_test_962,medqa_test_962__textbook__wrong,273,1.7946234941482544,6.017208780946819,gemma-2-2b-it
medqa-sonnet,clinical_note,1,medqa_test_962,medqa_test_962__clinical_note__correct,126,3.4429101943969727,31.27785047221729,gemma-2-2b-it
medqa-sonnet,patient,1,medqa_test_962,medqa_test_962__patient__correct,203,2.3838915824890137,10.847032957910402,gemma-2-2b-it
medqa-sonnet,clinical_note,0,medqa_test_962,medqa_test_962__clinical_note__wrong,135,3.480417966842652,32.473291999104624,gemma-2-2b-it
medqa-sonnet,patient,0,medqa_test_962,medqa_test_962__patient__wrong,252,2.646653175354004,14.106746742993272,gemma-2-2b-it
medqa-sonnet,textbook,0,medqa_test_1223,medqa_test_1223__textbook__wrong,142,1.8100961446762085,6.111034947463249,gemma-2-2b-it
medqa-sonnet,textbook,1,medqa_test_1223,medqa_test_1223__textbook__correct,148,1.8301044702529907,6.234537948260658,gemma-2-2b-it
medqa-sonnet,colloquial,1,medqa_test_962,medqa_test_962__colloquial__correct,216,3.2617781162261963,26.095897451990847,gemma-2-2b-it
medqa-sonnet,patient,1,medqa_test_1223,medqa_test_1223__patient__correct,102,2.869605779647827,17.63006669861296,gemma-2-2b-it
medqa-sonnet,colloquial,0,medqa_test_962,medqa_test_962__colloquial__wrong,196,3.408023834228516,30.2054941771076,gemma-2-2b-it
medqa-sonnet,clinical_note,1,medqa_test_1223,medqa_test_1223__clinical_note__correct,85,3.58379340171814,36.009882033498606,gemma-2-2b-it
medqa-sonnet,patient,0,medqa_test_1223,medqa_test_1223__patient__wrong,126,2.783750295639038,16.179585538569086,gemma-2-2b-it
medqa-sonnet,clinical_note,0,medqa_test_1223,medqa_test_1223__clinical_note__wrong,62,4.168879508972168,64.64297963391519,gemma-2-2b-it
medqa-sonnet,clinical_note,1,medqa_test_923,medqa_test_923__clinical_note__correct,51,4.34206485748291,76.86609311403441,gemma-2-2b-it
medqa-sonnet,colloquial,0,medqa_test_1223,medqa_test_1223__colloquial__wrong,107,3.604357957839966,36.75807604490715,gemma-2-2b-it
medqa-sonnet,colloquial,1,medqa_test_1223,medqa_test_1223__colloquial__correct,106,3.8823800086975098,48.53960238131867,gemma-2-2b-it
medqa-sonnet,textbook,0,medqa_test_923,medqa_test_923__textbook__wrong,112,2.2422163486480717,9.414173272563696,gemma-2-2b-it
medqa-sonnet,textbook,1,medqa_test_923,medqa_test_923__textbook__correct,119,2.1564371585845947,8.640298739805516,gemma-2-2b-it
medqa-sonnet,clinical_note,0,medqa_test_923,medqa_test_923__clinical_note__wrong,52,4.294188499450684,73.27272945203596,gemma-2-2b-it
medqa-sonnet,patient,0,medqa_test_923,medqa_test_923__patient__wrong,126,2.3778786659240723,10.782006349463396,gemma-2-2b-it
medqa-sonnet,patient,1,medqa_test_923,medqa_test_923__patient__correct,143,2.4644291400909424,11.756768768012082,gemma-2-2b-it
medqa-sonnet,textbook,1,medqa_test_1036,medqa_test_1036__textbook__correct,117,2.426480293273926,11.318972422689606,gemma-2-2b-it
medqa-sonnet,textbook,0,medqa_test_1036,medqa_test_1036__textbook__wrong,114,2.368236780166626,10.678547048898968,gemma-2-2b-it
medqa-sonnet,clinical_note,1,medqa_test_1036,medqa_test_1036__clinical_note__correct,67,4.015616893768311,55.45749623610285,gemma-2-2b-it
medqa-sonnet,colloquial,0,medqa_test_923,medqa_test_923__colloquial__wrong,100,4.323039531707764,75.41751418853157,gemma-2-2b-it
medqa-sonnet,clinical_note,0,medqa_test_1036,medqa_test_1036__clinical_note__wrong,59,3.9976048469543457,54.46753559103662,gemma-2-2b-it
medqa-sonnet,colloquial,1,medqa_test_923,medqa_test_923__colloquial__correct,120,3.7744338512420654,43.57283262625607,gemma-2-2b-it
medqa-sonnet,patient,0,medqa_test_1036,medqa_test_1036__patient__wrong,132,3.070908784866333,21.561488528461105,gemma-2-2b-it
medqa-sonnet,patient,1,medqa_test_1036,medqa_test_1036__patient__correct,135,2.9346609115600586,18.815122062984237,gemma-2-2b-it
medqa-sonnet,colloquial,1,medqa_test_1036,medqa_test_1036__colloquial__correct,97,4.161147117614746,64.14506234341808,gemma-2-2b-it
medqa-sonnet,colloquial,0,medqa_test_1036,medqa_test_1036__colloquial__wrong,95,3.63336443901062,37.83991277235205,gemma-2-2b-it
medqa-sonnet,clinical_note,1,medqa_test_1064,medqa_test_1064__clinical_note__correct,71,4.1925554275512695,66.19172317452876,gemma-2-2b-it
medqa-sonnet,textbook,1,medqa_test_1064,medqa_test_1064__textbook__correct,170,2.3501996994018555,10.487663895825117,gemma-2-2b-it
medqa-sonnet,textbook,0,medqa_test_1064,medqa_test_1064__textbook__wrong,172,2.436415433883667,11.431988490909538,gemma-2-2b-it
medqa-sonnet,patient,0,medqa_test_1064,medqa_test_1064__patient__wrong,135,2.435227632522583,11.418417620764716,gemma-2-2b-it
medqa-sonnet,patient,1,medqa_test_1064,medqa_test_1064__patient__correct,163,2.4283788204193115,11.340482211089707,gemma-2-2b-it
medqa-sonnet,clinical_note,0,medqa_test_1064,medqa_test_1064__clinical_note__wrong,78,4.949490070343018,141.10299297217014,gemma-2-2b-it
medqa-sonnet,colloquial,1,medqa_test_1064,medqa_test_1064__colloquial__correct,113,3.8370091915130615,46.38653353236651,gemma-2-2b-it
medqa-sonnet,textbook,0,medqa_test_256,medqa_test_256__textbook__wrong,115,2.2573647499084477,9.55786857603777,gemma-2-2b-it
medqa-sonnet,colloquial,0,medqa_test_1064,medqa_test_1064__colloquial__wrong,111,3.813173055648804,45.29393125568431,gemma-2-2b-it
medqa-sonnet,textbook,1,medqa_test_256,medqa_test_256__textbook__correct,162,2.451655864715576,11.60755134941429,gemma-2-2b-it
medqa-sonnet,patient,1,medqa_test_256,medqa_test_256__patient__correct,127,2.537337303161621,12.645953760304211,gemma-2-2b-it
medqa-sonnet,patient,0,medqa_test_256,medqa_test_256__patient__wrong,118,2.59871244430542,13.446413877726398,gemma-2-2b-it
medqa-sonnet,clinical_note,0,medqa_test_256,medqa_test_256__clinical_note__wrong,63,4.65969705581665,105.60408516691398,gemma-2-2b-it
medqa-sonnet,textbook,1,medqa_test_139,medqa_test_139__textbook__correct,100,2.34363341331482,10.419024493897238,gemma-2-2b-it
medqa-sonnet,colloquial,0,medqa_test_256,medqa_test_256__colloquial__wrong,90,4.530831336975098,92.83570676628293,gemma-2-2b-it
medqa-sonnet,colloquial,1,medqa_test_256,medqa_test_256__colloquial__correct,97,4.123831748962402,61.79557432049872,gemma-2-2b-it
medqa-sonnet,clinical_note,1,medqa_test_139,medqa_test_139__clinical_note__correct,48,5.514424800872803,248.24714463189332,gemma-2-2b-it
medqa-sonnet,textbook,0,medqa_test_139,medqa_test_139__textbook__wrong,93,2.4680657386779785,11.799601251772488,gemma-2-2b-it
medqa-sonnet,patient,1,medqa_test_139,medqa_test_139__patient__correct,123,2.665311336517334,14.372423509787646,gemma-2-2b-it
medqa-sonnet,patient,0,medqa_test_139,medqa_test_139__patient__wrong,135,2.351774215698242,10.504189900357709,gemma-2-2b-it
medqa-sonnet,clinical_note,0,medqa_test_139,medqa_test_139__clinical_note__wrong,51,5.620696544647217,276.08161945067974,gemma-2-2b-it
medqa-sonnet,colloquial,1,medqa_test_139,medqa_test_139__colloquial__correct,109,3.4077422618865967,30.196990342651805,gemma-2-2b-it
medqa-sonnet,colloquial,0,medqa_test_139,medqa_test_139__colloquial__wrong,90,4.131338119506836,62.26118011794169,gemma-2-2b-it
medqa-sonnet,textbook,0,medqa_test_1213,medqa_test_1213__textbook__wrong,151,2.5165252685546875,12.385485571040014,gemma-2-2b-it
medqa-sonnet,patient,1,medqa_test_1213,medqa_test_1213__patient__correct,130,2.943887233734131,18.989519728273013,gemma-2-2b-it
medqa-sonnet,textbook,1,medqa_test_1213,medqa_test_1213__textbook__correct,162,2.4405312538146973,11.479137458764038,gemma-2-2b-it
medqa-sonnet,patient,0,medqa_test_1213,medqa_test_1213__patient__wrong,134,2.67090106010437,14.452986336684631,gemma-2-2b-it
medqa-sonnet,clinical_note,1,medqa_test_1213,medqa_test_1213__clinical_note__correct,90,4.658931732177734,105.52329478350812,gemma-2-2b-it
medqa-sonnet,clinical_note,0,medqa_test_1213,medqa_test_1213__clinical_note__wrong,93,4.885196208953857,132.31642445472596,gemma-2-2b-it
medqa-sonnet,colloquial,1,medqa_test_1213,medqa_test_1213__colloquial__correct,98,3.768939018249512,43.3340637861781,gemma-2-2b-it
medqa-sonnet,clinical_note,1,medqa_test_256,medqa_test_256__clinical_note__correct,74,4.849989414215088,127.73903762089456,gemma-2-2b-it
medqa-sonnet,textbook,0,medqa_test_763,medqa_test_763__textbook__wrong,142,2.587756395339966,13.299898389881172,gemma-2-2b-it
medqa-sonnet,textbook,1,medqa_test_763,medqa_test_763__textbook__correct,143,2.3656606674194336,10.651073310642268,gemma-2-2b-it
medqa-sonnet,colloquial,0,medqa_test_1213,medqa_test_1213__colloquial__wrong,117,3.4398438930511475,31.182090047409453,gemma-2-2b-it
medqa-sonnet,clinical_note,1,medqa_test_763,medqa_test_763__clinical_note__correct,95,4.209644317626953,67.33258653632785,gemma-2-2b-it
medqa-sonnet,patient,0,medqa_test_763,medqa_test_763__patient__wrong,158,2.891571521759033,18.021608709614068,gemma-2-2b-it
medqa-sonnet,patient,1,medqa_test_763,medqa_test_763__patient__correct,194,2.5536539554595947,12.853985970001627,gemma-2-2b-it
medqa-sonnet,clinical_note,0,medqa_test_763,medqa_test_763__clinical_note__wrong,90,4.500270366668701,90.04147222277633,gemma-2-2b-it
medqa-sonnet,colloquial,0,medqa_test_763,medqa_test_763__colloquial__wrong,110,4.355377674102783,77.89623917429644,gemma-2-2b-it
medqa-sonnet,colloquial,1,medqa_test_763,medqa_test_763__colloquial__correct,116,4.292186737060547,73.12620156393271,gemma-2-2b-it
medqa-sonnet,textbook,1,medqa_test_239,medqa_test_239__textbook__correct,219,1.8729320764541624,6.5073484978421225,gemma-2-2b-it
medqa-sonnet,textbook,0,medqa_test_239,medqa_test_239__textbook__wrong,210,1.8968664407730105,6.664976586844808,gemma-2-2b-it
medqa-sonnet,patient,1,medqa_test_239,medqa_test_239__patient__correct,129,2.400317907333374,11.026681286338176,gemma-2-2b-it
medqa-sonnet,clinical_note,1,medqa_test_239,medqa_test_239__clinical_note__correct,105,3.429652214050293,30.86590615428132,gemma-2-2b-it
medqa-sonnet,patient,0,medqa_test_239,medqa_test_239__patient__wrong,135,2.3600621223449707,10.591609407610123,gemma-2-2b-it
medqa-sonnet,clinical_note,0,medqa_test_239,medqa_test_239__clinical_note__wrong,117,3.0832440853118896,21.829103127417557,gemma-2-2b-it
medqa-sonnet,colloquial,0,medqa_test_239,medqa_test_239__colloquial__wrong,109,4.176667213439941,65.14836539847731,gemma-2-2b-it
medqa-sonnet,colloquial,1,medqa_test_239,medqa_test_239__colloquial__correct,132,3.780672788619995,43.84553058859693,gemma-2-2b-it
medqa-sonnet,textbook,0,medqa_test_624,medqa_test_624__textbook__wrong,167,2.182788133621216,8.871005358819836,gemma-2-2b-it
medqa-sonnet,patient,0,medqa_test_624,medqa_test_624__patient__wrong,135,2.5870556831359863,13.290582253114245,gemma-2-2b-it
medqa-sonnet,textbook,1,medqa_test_624,medqa_test_624__textbook__correct,219,2.085104465484619,8.045431907742381,gemma-2-2b-it
medqa-sonnet,clinical_note,1,medqa_test_624,medqa_test_624__clinical_note__correct,100,3.7592427730560303,42.91591658345923,gemma-2-2b-it
medqa-sonnet,clinical_note,0,medqa_test_624,medqa_test_624__clinical_note__wrong,91,3.842565298080444,46.64497936740603,gemma-2-2b-it
medqa-sonnet,patient,1,medqa_test_624,medqa_test_624__patient__correct,161,2.424773693084717,11.299671936002872,gemma-2-2b-it
medqa-sonnet,textbook,1,medqa_test_606,medqa_test_606__textbook__correct,126,1.9060055017471316,6.726167401656987,gemma-2-2b-it
medqa-sonnet,colloquial,0,medqa_test_624,medqa_test_624__colloquial__wrong,91,4.484467029571533,88.62970121292895,gemma-2-2b-it
medqa-sonnet,textbook,0,medqa_test_606,medqa_test_606__textbook__wrong,130,1.928430676460266,6.878706850207332,gemma-2-2b-it
medqa-sonnet,colloquial,1,medqa_test_624,medqa_test_624__colloquial__correct,127,4.039560794830322,56.80138986206697,gemma-2-2b-it
medqa-sonnet,clinical_note,0,medqa_test_606,medqa_test_606__clinical_note__wrong,60,5.252174377441406,190.981082271324,gemma-2-2b-it
medqa-sonnet,clinical_note,1,medqa_test_606,medqa_test_606__clinical_note__correct,86,4.418251037597656,82.9510800957637,gemma-2-2b-it
medqa-sonnet,patient,0,medqa_test_606,medqa_test_606__patient__wrong,99,2.849436044692993,17.27803505288692,gemma-2-2b-it
medqa-sonnet,patient,1,medqa_test_606,medqa_test_606__patient__correct,148,2.5904078483581543,13.335209237448437,gemma-2-2b-it
medqa-sonnet,colloquial,1,medqa_test_606,medqa_test_606__colloquial__correct,111,3.5987203121185303,36.55143008045268,gemma-2-2b-it
medqa-sonnet,colloquial,0,medqa_test_606,medqa_test_606__colloquial__wrong,108,3.807837247848511,45.05289517695361,gemma-2-2b-it
medqa-sonnet,textbook,0,medqa_test_723,medqa_test_723__textbook__wrong,152,2.120307207107544,8.333697265508674,gemma-2-2b-it
medqa-sonnet,patient,0,medqa_test_723,medqa_test_723__patient__wrong,127,2.5055253505706787,12.249992816356404,gemma-2-2b-it
medqa-sonnet,textbook,1,medqa_test_723,medqa_test_723__textbook__correct,179,2.2501299381256104,9.488968735067928,gemma-2-2b-it
medqa-sonnet,clinical_note,1,medqa_test_723,medqa_test_723__clinical_note__correct,105,3.631145000457764,37.75602254015243,gemma-2-2b-it
medqa-sonnet,clinical_note,0,medqa_test_723,medqa_test_723__clinical_note__wrong,93,3.434037685394287,31.001564947683026,gemma-2-2b-it
medqa-sonnet,patient,1,medqa_test_723,medqa_test_723__patient__correct,142,2.684748649597168,14.654517498432966,gemma-2-2b-it
medqa-sonnet,colloquial,0,medqa_test_723,medqa_test_723__colloquial__wrong,117,3.976397752761841,53.32459944567045,gemma-2-2b-it
medqa-sonnet,colloquial,1,medqa_test_723,medqa_test_723__colloquial__correct,147,3.291626214981079,26.886551436144245,gemma-2-2b-it
medqa-sonnet,clinical_note,0,medqa_test_459,medqa_test_459__clinical_note__wrong,120,3.3856863975524902,29.53826074927469,gemma-2-2b-it
medqa-sonnet,textbook,1,medqa_test_459,medqa_test_459__textbook__correct,322,1.5388648509979248,4.659298270169905,gemma-2-2b-it
medqa-sonnet,patient,0,medqa_test_459,medqa_test_459__patient__wrong,145,2.351994514465332,10.506504215353043,gemma-2-2b-it
medqa-sonnet,clinical_note,1,medqa_test_459,medqa_test_459__clinical_note__correct,206,2.7205049991607666,15.18799023094805,gemma-2-2b-it
medqa-sonnet,patient,1,medqa_test_459,medqa_test_459__patient__correct,175,2.2211508750915527,9.217933453592256,gemma-2-2b-it
medqa-sonnet,textbook,0,medqa_test_459,medqa_test_459__textbook__wrong,332,1.6731666326522827,5.329016143364722,gemma-2-2b-it
medqa-sonnet,colloquial,1,medqa_test_459,medqa_test_459__colloquial__correct,135,3.89818286895752,49.31275989488959,gemma-2-2b-it
medqa-sonnet,colloquial,0,medqa_test_459,medqa_test_459__colloquial__wrong,184,3.3444411754608154,28.344731508490145,gemma-2-2b-it
medqa-sonnet,patient,1,medqa_test_579,medqa_test_579__patient__correct,168,2.271490812301636,9.693841745563471,gemma-2-2b-it
medqa-sonnet,textbook,0,medqa_test_579,medqa_test_579__textbook__wrong,310,1.6139179468154907,5.022450423692315,gemma-2-2b-it
medqa-sonnet,patient,0,medqa_test_579,medqa_test_579__patient__wrong,180,2.470951557159424,11.833701939670494,gemma-2-2b-it
medqa-sonnet,textbook,1,medqa_test_579,medqa_test_579__textbook__correct,330,1.5509010553359983,4.715717391136765,gemma-2-2b-it
medqa-sonnet,clinical_note,1,medqa_test_579,medqa_test_579__clinical_note__correct,160,3.315711975097656,27.54199622103741,gemma-2-2b-it
medqa-sonnet,clinical_note,0,medqa_test_579,medqa_test_579__clinical_note__wrong,167,3.1240837574005127,22.739051058636747,gemma-2-2b-it
medqa-sonnet,textbook,0,medqa_test_157,medqa_test_157__textbook__wrong,116,2.636352062225342,13.962177439677628,gemma-2-2b-it
medqa-sonnet,clinical_note,0,medqa_test_157,medqa_test_157__clinical_note__wrong,56,5.060519695281982,157.67243665614683,gemma-2-2b-it
medqa-sonnet,textbook,1,medqa_test_157,medqa_test_157__textbook__correct,158,2.3936727046966557,10.95364967844493,gemma-2-2b-it
medqa-sonnet,colloquial,1,medqa_test_579,medqa_test_579__colloquial__correct,194,3.3343465328216557,28.0600409156442,gemma-2-2b-it
medqa-sonnet,clinical_note,1,medqa_test_157,medqa_test_157__clinical_note__correct,53,4.990672111511231,147.0352143528625,gemma-2-2b-it
medqa-sonnet,patient,1,medqa_test_157,medqa_test_157__patient__correct,119,2.7823727130889893,16.157312169089106,gemma-2-2b-it
medqa-sonnet,patient,0,medqa_test_157,medqa_test_157__patient__wrong,111,2.9208245277404785,18.55658156994421,gemma-2-2b-it
medqa-sonnet,colloquial,0,medqa_test_579,medqa_test_579__colloquial__wrong,174,3.614069700241089,37.11680010896264,gemma-2-2b-it
medqa-sonnet,colloquial,0,medqa_test_157,medqa_test_157__colloquial__wrong,98,3.9917514324188232,54.14964580448265,gemma-2-2b-it
medqa-sonnet,colloquial,1,medqa_test_157,medqa_test_157__colloquial__correct,89,4.514939785003662,91.372063888242,gemma-2-2b-it
medqa-sonnet,textbook,0,medqa_test_84,medqa_test_84__textbook__wrong,202,2.1241085529327397,8.365436819106828,gemma-2-2b-it
medqa-sonnet,textbook,1,medqa_test_84,medqa_test_84__textbook__correct,206,2.049560308456421,7.764486376647861,gemma-2-2b-it
medqa-sonnet,clinical_note,1,medqa_test_84,medqa_test_84__clinical_note__correct,110,4.446191310882568,85.30143786175348,gemma-2-2b-it
medqa-sonnet,clinical_note,0,medqa_test_84,medqa_test_84__clinical_note__wrong,88,4.913624286651611,136.13190244736322,gemma-2-2b-it
medqa-sonnet,patient,0,medqa_test_84,medqa_test_84__patient__wrong,170,2.669871091842652,14.438107882953656,gemma-2-2b-it
medqa-sonnet,patient,1,medqa_test_84,medqa_test_84__patient__correct,185,2.4640679359436035,11.752522941225056,gemma-2-2b-it
medqa-sonnet,colloquial,1,medqa_test_84,medqa_test_84__colloquial__correct,141,3.7671051025390634,43.25466559285305,gemma-2-2b-it
medqa-sonnet,colloquial,0,medqa_test_84,medqa_test_84__colloquial__wrong,137,3.860081911087036,47.46923946661769,gemma-2-2b-it
medqa-sonnet,textbook,1,medqa_test_352,medqa_test_352__textbook__correct,373,1.7258001565933228,5.617013722589445,gemma-2-2b-it
medqa-sonnet,clinical_note,1,medqa_test_352,medqa_test_352__clinical_note__correct,153,3.470264673233032,32.1452493059947,gemma-2-2b-it
medqa-sonnet,clinical_note,0,medqa_test_352,medqa_test_352__clinical_note__wrong,161,3.480508089065552,32.47621869624272,gemma-2-2b-it
medqa-sonnet,textbook,0,medqa_test_352,medqa_test_352__textbook__wrong,355,1.6726833581924438,5.326441388173389,gemma-2-2b-it
medqa-sonnet,patient,1,medqa_test_352,medqa_test_352__patient__correct,254,2.787975549697876,16.248093026887094,gemma-2-2b-it
medqa-sonnet,colloquial,1,medqa_test_352,medqa_test_352__colloquial__correct,154,3.710845232009888,40.88835206943512,gemma-2-2b-it
medqa-sonnet,colloquial,0,medqa_test_352,medqa_test_352__colloquial__wrong,113,3.748824119567871,42.47111167710624,gemma-2-2b-it
medqa-sonnet,textbook,1,medqa_test_612,medqa_test_612__textbook__correct,159,1.846881628036499,6.340018129809812,gemma-2-2b-it
medqa-sonnet,patient,0,medqa_test_352,medqa_test_352__patient__wrong,189,2.516005039215088,12.3790439537652,gemma-2-2b-it
medqa-sonnet,textbook,0,medqa_test_612,medqa_test_612__textbook__wrong,172,1.8922065496444704,6.633990772905906,gemma-2-2b-it
medqa-sonnet,patient,0,medqa_test_612,medqa_test_612__patient__wrong,141,2.652369737625122,14.187619776821515,gemma-2-2b-it
medqa-sonnet,clinical_note,0,medqa_test_612,medqa_test_612__clinical_note__wrong,71,4.808589935302734,122.55867995139808,gemma-2-2b-it
medqa-sonnet,patient,1,medqa_test_612,medqa_test_612__patient__correct,184,2.462278366088867,11.731509788312836,gemma-2-2b-it
medqa-sonnet,clinical_note,1,medqa_test_612,medqa_test_612__clinical_note__correct,118,3.775209665298462,43.60665015864683,gemma-2-2b-it
medqa-sonnet,colloquial,0,medqa_test_612,medqa_test_612__colloquial__wrong,122,4.113267421722412,61.14618188808494,gemma-2-2b-it
medqa-sonnet,colloquial,1,medqa_test_612,medqa_test_612__colloquial__correct,138,4.258142948150635,70.67860766712919,gemma-2-2b-it
medqa-sonnet,textbook,0,medqa_test_72,medqa_test_72__textbook__wrong,324,1.8227707147598269,6.188982621328504,gemma-2-2b-it
medqa-sonnet,textbook,1,medqa_test_72,medqa_test_72__textbook__correct,320,1.8446083068847656,6.325621602657876,gemma-2-2b-it
medqa-sonnet,patient,0,medqa_test_72,medqa_test_72__patient__wrong,196,2.537931442260742,12.65346944833986,gemma-2-2b-it
medqa-sonnet,clinical_note,1,medqa_test_72,medqa_test_72__clinical_note__correct,241,3.1966216564178467,24.449790721046472,gemma-2-2b-it
medqa-sonnet,clinical_note,0,medqa_test_72,medqa_test_72__clinical_note__wrong,241,3.1669483184814453,23.7349422404295,gemma-2-2b-it
medqa-sonnet,patient,1,medqa_test_72,medqa_test_72__patient__correct,230,2.467313289642334,11.790725992698416,gemma-2-2b-it
medqa-sonnet,textbook,1,medqa_test_724,medqa_test_724__textbook__correct,271,1.7215317487716677,5.593089113599806,gemma-2-2b-it
medqa-sonnet,clinical_note,1,medqa_test_724,medqa_test_724__clinical_note__correct,126,2.844815731048584,17.19838924776872,gemma-2-2b-it
medqa-sonnet,clinical_note,0,medqa_test_724,medqa_test_724__clinical_note__wrong,134,2.5602989196777344,12.93968466387073,gemma-2-2b-it
medqa-sonnet,textbook,0,medqa_test_724,medqa_test_724__textbook__wrong,263,1.7551640272140503,5.784396462583366,gemma-2-2b-it
medqa-sonnet,patient,0,medqa_test_724,medqa_test_724__patient__wrong,170,2.606752872467041,13.554964614941152,gemma-2-2b-it
medqa-sonnet,patient,1,medqa_test_724,medqa_test_724__patient__correct,189,2.6655681133270264,14.376114488702653,gemma-2-2b-it
medqa-sonnet,colloquial,0,medqa_test_72,medqa_test_72__colloquial__wrong,313,3.420990467071533,30.599708019656887,gemma-2-2b-it
medqa-sonnet,colloquial,1,medqa_test_72,medqa_test_72__colloquial__correct,346,3.285015106201172,26.70938778922441,gemma-2-2b-it
medqa-sonnet,colloquial,0,medqa_test_724,medqa_test_724__colloquial__wrong,143,3.511366605758667,33.494009627730456,gemma-2-2b-it
medqa-sonnet,colloquial,1,medqa_test_724,medqa_test_724__colloquial__correct,159,3.544641256332397,34.627260803242166,gemma-2-2b-it
medqa-sonnet,textbook,0,medqa_test_374,medqa_test_374__textbook__wrong,324,1.5851304531097412,4.879927938766121,gemma-2-2b-it
medqa-sonnet,textbook,1,medqa_test_374,medqa_test_374__textbook__correct,353,1.5537081956863403,4.728973669117646,gemma-2-2b-it
medqa-sonnet,clinical_note,1,medqa_test_374,medqa_test_374__clinical_note__correct,200,2.9407989978790283,18.93096607286252,gemma-2-2b-it
medqa-sonnet,clinical_note,0,medqa_test_374,medqa_test_374__clinical_note__wrong,193,3.073788642883301,21.62367205093841,gemma-2-2b-it
medqa-sonnet,patient,0,medqa_test_374,medqa_test_374__patient__wrong,287,2.40364408493042,11.063419050896728,gemma-2-2b-it
medqa-sonnet,patient,1,medqa_test_374,medqa_test_374__patient__correct,260,2.346299886703491,10.446843618440765,gemma-2-2b-it
medqa-sonnet,textbook,0,medqa_test_363,medqa_test_363__textbook__wrong,122,1.9871867895126345,7.294982547009751,gemma-2-2b-it
medqa-sonnet,colloquial,1,medqa_test_374,medqa_test_374__colloquial__correct,182,3.521348237991333,33.83000863337366,gemma-2-2b-it
medqa-sonnet,textbook,1,medqa_test_363,medqa_test_363__textbook__correct,180,1.970841765403748,7.176715056908459,gemma-2-2b-it
medqa-sonnet,patient,1,medqa_test_363,medqa_test_363__patient__correct,149,2.1951889991760254,8.98169843001583,gemma-2-2b-it
medqa-sonnet,clinical_note,1,medqa_test_363,medqa_test_363__clinical_note__correct,83,4.170689105987549,64.76006328208561,gemma-2-2b-it
medqa-sonnet,clinical_note,0,medqa_test_363,medqa_test_363__clinical_note__wrong,80,3.858108520507813,47.375656484908376,gemma-2-2b-it
medqa-sonnet,patient,0,medqa_test_363,medqa_test_363__patient__wrong,139,2.1480507850646973,8.56814096120367,gemma-2-2b-it
medqa-sonnet,colloquial,0,medqa_test_374,medqa_test_374__colloquial__wrong,235,3.561798572540283,35.226497614099,gemma-2-2b-it
medqa-sonnet,colloquial,0,medqa_test_363,medqa_test_363__colloquial__wrong,116,3.916563034057617,50.22751750867866,gemma-2-2b-it
medqa-sonnet,colloquial,1,medqa_test_363,medqa_test_363__colloquial__correct,133,3.648767709732056,38.427283293148015,gemma-2-2b-it
medqa-sonnet,textbook,0,medqa_test_642,medqa_test_642__textbook__wrong,127,2.415801525115967,11.198742834888796,gemma-2-2b-it
medqa-sonnet,textbook,1,medqa_test_642,medqa_test_642__textbook__correct,164,2.3186421394348145,10.161866535843837,gemma-2-2b-it
medqa-sonnet,clinical_note,1,medqa_test_642,medqa_test_642__clinical_note__correct,68,4.342124938964844,76.87071148155694,gemma-2-2b-it
medqa-sonnet,patient,1,medqa_test_642,medqa_test_642__patient__correct,115,2.6412668228149414,14.030967102999217,gemma-2-2b-it
medqa-sonnet,patient,0,medqa_test_642,medqa_test_642__patient__wrong,109,2.7974679470062256,16.403060725263014,gemma-2-2b-it
medqa-sonnet,clinical_note,0,medqa_test_642,medqa_test_642__clinical_note__wrong,71,4.267743110656738,71.36040121452038,gemma-2-2b-it
medqa-sonnet,textbook,0,medqa_test_1095,medqa_test_1095__textbook__wrong,117,2.623343706130981,13.781728679137522,gemma-2-2b-it
medqa-sonnet,colloquial,0,medqa_test_642,medqa_test_642__colloquial__wrong,83,4.510539531707764,90.9708869503428,gemma-2-2b-it
medqa-sonnet,colloquial,1,medqa_test_642,medqa_test_642__colloquial__correct,116,3.91845440864563,50.32260645497506,gemma-2-2b-it
medqa-sonnet,patient,0,medqa_test_1095,medqa_test_1095__patient__wrong,124,2.5929434299468994,13.369064651917247,gemma-2-2b-it
medqa-sonnet,clinical_note,0,medqa_test_1095,medqa_test_1095__clinical_note__wrong,60,4.603127956390381,99.79598543342904,gemma-2-2b-it
medqa-sonnet,textbook,1,medqa_test_1095,medqa_test_1095__textbook__correct,126,2.439694881439209,11.469540639115948,gemma-2-2b-it
medqa-sonnet,patient,1,medqa_test_1095,medqa_test_1095__patient__correct,144,2.461678504943848,11.72447462169092,gemma-2-2b-it
medqa-sonnet,clinical_note,1,medqa_test_1095,medqa_test_1095__clinical_note__correct,74,4.075921535491943,58.9047383913333,gemma-2-2b-it
medqa-sonnet,textbook,1,medqa_test_1168,medqa_test_1168__textbook__correct,139,1.940411925315857,6.961618046798908,gemma-2-2b-it
medqa-sonnet,clinical_note,1,medqa_test_1168,medqa_test_1168__clinical_note__correct,67,3.747293949127197,42.406173333473,gemma-2-2b-it
medqa-sonnet,textbook,0,medqa_test_1168,medqa_test_1168__textbook__wrong,100,2.2443764209747314,9.434530546404645,gemma-2-2b-it
medqa-sonnet,colloquial,0,medqa_test_1095,medqa_test_1095__colloquial__wrong,112,4.199939250946045,66.68228003245139,gemma-2-2b-it
medqa-sonnet,clinical_note,0,medqa_test_1168,medqa_test_1168__clinical_note__wrong,68,3.9724390506744394,53.11392052521077,gemma-2-2b-it
medqa-sonnet,colloquial,1,medqa_test_1095,medqa_test_1095__colloquial__correct,111,4.0800323486328125,59.14738315591521,gemma-2-2b-it
medqa-sonnet,patient,0,medqa_test_1168,medqa_test_1168__patient__wrong,128,2.694493770599365,14.798025661174949,gemma-2-2b-it
medqa-sonnet,patient,1,medqa_test_1168,medqa_test_1168__patient__correct,130,2.590045213699341,13.330374305106412,gemma-2-2b-it
medqa-sonnet,colloquial,1,medqa_test_1168,medqa_test_1168__colloquial__correct,110,4.078578948974609,59.0614808097945,gemma-2-2b-it
medqa-sonnet,clinical_note,1,medqa_test_101,medqa_test_101__clinical_note__correct,50,4.010725021362305,55.18686772033109,gemma-2-2b-it
medqa-sonnet,colloquial,0,medqa_test_1168,medqa_test_1168__colloquial__wrong,107,4.273298740386963,71.75795649348663,gemma-2-2b-it
medqa-sonnet,textbook,0,medqa_test_101,medqa_test_101__textbook__wrong,113,2.5101840496063232,12.307194986466856,gemma-2-2b-it
medqa-sonnet,textbook,1,medqa_test_101,medqa_test_101__textbook__correct,130,2.4832916259765625,11.980635355652677,gemma-2-2b-it
medqa-sonnet,patient,0,medqa_test_101,medqa_test_101__patient__wrong,112,2.942349672317505,18.96034461043405,gemma-2-2b-it
medqa-sonnet,clinical_note,0,medqa_test_101,medqa_test_101__clinical_note__wrong,50,4.072142601013184,58.682561305186645,gemma-2-2b-it
medqa-sonnet,clinical_note,1,medqa_test_401,medqa_test_401__clinical_note__correct,42,4.688279151916504,108.66602110359668,gemma-2-2b-it
medqa-sonnet,textbook,1,medqa_test_401,medqa_test_401__textbook__correct,141,2.151873111724853,8.60095386569728,gemma-2-2b-it
medqa-sonnet,colloquial,0,medqa_test_101,medqa_test_101__colloquial__wrong,85,4.884283542633057,132.19571880080846,gemma-2-2b-it
medqa-sonnet,colloquial,1,medqa_test_101,medqa_test_101__colloquial__correct,97,4.625685691833496,102.07273953616796,gemma-2-2b-it
medqa-sonnet,textbook,0,medqa_test_401,medqa_test_401__textbook__wrong,145,2.10649847984314,8.219410406916701,gemma-2-2b-it
medqa-sonnet,patient,1,medqa_test_401,medqa_test_401__patient__correct,89,2.5112409591674805,12.320209454865628,gemma-2-2b-it
medqa-sonnet,patient,0,medqa_test_401,medqa_test_401__patient__wrong,94,2.3123130798339844,10.097754575104023,gemma-2-2b-it
medqa-sonnet,clinical_note,0,medqa_test_401,medqa_test_401__clinical_note__wrong,45,4.29475212097168,73.31403917968944,gemma-2-2b-it
medqa-sonnet,colloquial,0,medqa_test_401,medqa_test_401__colloquial__wrong,88,3.678541421890259,39.58860886241406,gemma-2-2b-it
medqa-sonnet,colloquial,1,medqa_test_401,medqa_test_401__colloquial__correct,85,3.362222194671631,28.853237201156887,gemma-2-2b-it
medqa-sonnet,textbook,0,medqa_test_348,medqa_test_348__textbook__wrong,138,2.343146324157715,10.41395073582524,gemma-2-2b-it
medqa-sonnet,textbook,1,medqa_test_348,medqa_test_348__textbook__correct,134,2.7232606410980225,15.229900612252491,gemma-2-2b-it
medqa-sonnet,clinical_note,1,medqa_test_348,medqa_test_348__clinical_note__correct,61,4.024534702301025,55.95426733176333,gemma-2-2b-it
medqa-sonnet,patient,1,medqa_test_348,medqa_test_348__patient__correct,170,2.262037515640259,9.602634766294113,gemma-2-2b-it
medqa-sonnet,patient,0,medqa_test_348,medqa_test_348__patient__wrong,148,2.416984796524048,11.212001830039677,gemma-2-2b-it
medqa-sonnet,clinical_note,0,medqa_test_348,medqa_test_348__clinical_note__wrong,64,4.112531661987305,61.101209535947866,gemma-2-2b-it
medqa-sonnet,colloquial,0,medqa_test_348,medqa_test_348__colloquial__wrong,120,3.570213079452514,35.52416181418701,gemma-2-2b-it
medqa-sonnet,textbook,0,medqa_test_346,medqa_test_346__textbook__wrong,111,3.227492332458496,25.21634341357125,gemma-2-2b-it
medqa-sonnet,colloquial,1,medqa_test_348,medqa_test_348__colloquial__correct,117,3.4428515434265137,31.27601604972908,gemma-2-2b-it
medqa-sonnet,textbook,1,medqa_test_346,medqa_test_346__textbook__correct,139,3.289736032485962,26.83577894701729,gemma-2-2b-it
medqa-sonnet,patient,0,medqa_test_346,medqa_test_346__patient__wrong,143,2.6453473567962646,14.088337913218552,gemma-2-2b-it
medqa-sonnet,clinical_note,1,medqa_test_346,medqa_test_346__clinical_note__correct,78,4.257547855377197,70.63655985088653,gemma-2-2b-it
medqa-sonnet,clinical_note,0,medqa_test_346,medqa_test_346__clinical_note__wrong,55,4.624423027038574,101.94393721562494,gemma-2-2b-it
medqa-sonnet,patient,1,medqa_test_346,medqa_test_346__patient__correct,213,2.192558526992798,8.958103368818879,gemma-2-2b-it
medqa-sonnet,colloquial,0,medqa_test_346,medqa_test_346__colloquial__wrong,109,3.870399475097656,47.96154169602165,gemma-2-2b-it
medqa-sonnet,colloquial,1,medqa_test_346,medqa_test_346__colloquial__correct,122,3.689131498336792,40.01008303954679,gemma-2-2b-it
medqa-sonnet,textbook,1,medqa_test_119,medqa_test_119__textbook__correct,166,2.256643056869507,9.550973217284824,gemma-2-2b-it
medqa-sonnet,textbook,0,medqa_test_119,medqa_test_119__textbook__wrong,162,2.2510266304016118,9.497481236016425,gemma-2-2b-it
medqa-sonnet,clinical_note,1,medqa_test_119,medqa_test_119__clinical_note__correct,104,3.79792070388794,44.60833405940552,gemma-2-2b-it
medqa-sonnet,patient,1,medqa_test_119,medqa_test_119__patient__correct,203,2.392185688018799,10.937373523146054,gemma-2-2b-it
medqa-sonnet,patient,0,medqa_test_119,medqa_test_119__patient__wrong,197,2.2737300395965576,9.71557278187742,gemma-2-2b-it
medqa-sonnet,clinical_note,0,medqa_test_119,medqa_test_119__clinical_note__wrong,106,3.7478606700897217,42.43021261197965,gemma-2-2b-it
medqa-sonnet,patient,1,medqa_test_101,medqa_test_101__patient__correct,133,2.517617702484131,12.399023288895268,gemma-2-2b-it
medqa-sonnet,colloquial,1,medqa_test_119,medqa_test_119__colloquial__correct,136,4.030419826507568,56.28453602781692,gemma-2-2b-it
medqa-sonnet,textbook,0,medqa_test_870,medqa_test_870__textbook__wrong,194,1.6089532375335691,4.997577212676875,gemma-2-2b-it
medqa-sonnet,colloquial,0,medqa_test_119,medqa_test_119__colloquial__wrong,124,3.879641771316528,48.40687123524728,gemma-2-2b-it
medqa-sonnet,textbook,1,medqa_test_870,medqa_test_870__textbook__correct,216,1.5651941299438477,4.783603486438832,gemma-2-2b-it
medqa-sonnet,patient,0,medqa_test_870,medqa_test_870__patient__wrong,160,2.348042249679565,10.46506167860623,gemma-2-2b-it
medqa-sonnet,patient,1,medqa_test_870,medqa_test_870__patient__correct,195,2.363440990447998,10.627457587827765,gemma-2-2b-it
medqa-sonnet,clinical_note,0,medqa_test_870,medqa_test_870__clinical_note__wrong,114,3.818382501602173,45.53050321197291,gemma-2-2b-it
medqa-sonnet,clinical_note,1,medqa_test_870,medqa_test_870__clinical_note__correct,116,3.346492052078247,28.40292270665564,gemma-2-2b-it
medqa-sonnet,colloquial,0,medqa_test_870,medqa_test_870__colloquial__wrong,124,3.971679925918579,53.07361573337751,gemma-2-2b-it
medqa-sonnet,textbook,0,medqa_test_525,medqa_test_525__textbook__wrong,200,1.648714303970337,5.200289535651731,gemma-2-2b-it
medqa-sonnet,colloquial,1,medqa_test_870,medqa_test_870__colloquial__correct,141,3.933122396469116,51.06617785022905,gemma-2-2b-it
medqa-sonnet,textbook,1,medqa_test_525,medqa_test_525__textbook__correct,247,1.8614460229873655,6.433032361664244,gemma-2-2b-it
medqa-sonnet,clinical_note,1,medqa_test_525,medqa_test_525__clinical_note__correct,97,3.211456537246704,24.81520418380418,gemma-2-2b-it
medqa-sonnet,clinical_note,0,medqa_test_525,medqa_test_525__clinical_note__wrong,102,3.236194133758545,25.436728506460955,gemma-2-2b-it
medqa-sonnet,patient,1,medqa_test_525,medqa_test_525__patient__correct,171,2.552993059158325,12.845493624806355,gemma-2-2b-it
medqa-sonnet,patient,0,medqa_test_525,medqa_test_525__patient__wrong,168,2.7083961963653564,15.00519082689617,gemma-2-2b-it
medqa-sonnet,colloquial,1,medqa_test_525,medqa_test_525__colloquial__correct,159,3.305320501327514,27.25727618220277,gemma-2-2b-it
medqa-sonnet,colloquial,0,medqa_test_525,medqa_test_525__colloquial__wrong,128,3.528235673904419,34.06381488832322,gemma-2-2b-it
medqa-sonnet,textbook,0,medqa_test_749,medqa_test_749__textbook__wrong,177,1.5047584772109983,4.503065905902007,gemma-2-2b-it
medqa-sonnet,textbook,1,medqa_test_749,medqa_test_749__textbook__correct,173,1.5567693710327148,4.743472066473687,gemma-2-2b-it
medqa-sonnet,patient,1,medqa_test_749,medqa_test_749__patient__correct,100,2.576153516769409,13.146473092668336,gemma-2-2b-it
medqa-sonnet,clinical_note,1,medqa_test_749,medqa_test_749__clinical_note__correct,91,3.602016925811768,36.67212485808581,gemma-2-2b-it
medqa-sonnet,patient,0,medqa_test_749,medqa_test_749__patient__wrong,95,2.755506753921509,15.729009620850322,gemma-2-2b-it
medqa-sonnet,clinical_note,0,medqa_test_749,medqa_test_749__clinical_note__wrong,87,3.520829916000366,33.81247833950527,gemma-2-2b-it
medqa-sonnet,colloquial,1,medqa_test_749,medqa_test_749__colloquial__correct,100,4.056805610656738,57.789414031271086,gemma-2-2b-it
medqa-sonnet,colloquial,0,medqa_test_749,medqa_test_749__colloquial__wrong,117,3.65422797203064,38.63768022783664,gemma-2-2b-it
medqa-sonnet,textbook,0,medqa_test_147,medqa_test_147__textbook__wrong,150,2.8872902393341064,17.94461803997632,gemma-2-2b-it
medqa-sonnet,textbook,1,medqa_test_147,medqa_test_147__textbook__correct,164,2.740093469619751,15.48843272660165,gemma-2-2b-it
medqa-sonnet,patient,0,medqa_test_147,medqa_test_147__patient__wrong,126,2.832155466079712,16.98202558344541,gemma-2-2b-it
medqa-sonnet,clinical_note,1,medqa_test_147,medqa_test_147__clinical_note__correct,96,4.939535617828369,139.70535781643346,gemma-2-2b-it
medqa-sonnet,clinical_note,0,medqa_test_147,medqa_test_147__clinical_note__wrong,100,4.926578044891357,137.9067931340146,gemma-2-2b-it
medqa-sonnet,patient,1,medqa_test_147,medqa_test_147__patient__correct,191,2.7013847827911377,14.900351194750677,gemma-2-2b-it
medqa-sonnet,colloquial,1,medqa_test_147,medqa_test_147__colloquial__correct,145,4.179765701293945,65.35053987319974,gemma-2-2b-it
medqa-sonnet,colloquial,0,medqa_test_147,medqa_test_147__colloquial__wrong,144,4.088385581970215,59.64352435540381,gemma-2-2b-it
medqa-sonnet,patient,1,medqa_test_439,medqa_test_439__patient__correct,123,2.386406421661377,10.87434583064317,gemma-2-2b-it
medqa-sonnet,textbook,1,medqa_test_439,medqa_test_439__textbook__correct,234,1.8281171321868896,6.222160117212803,gemma-2-2b-it
medqa-sonnet,textbook,0,medqa_test_439,medqa_test_439__textbook__wrong,238,1.7112934589385986,5.5361175893390335,gemma-2-2b-it
medqa-sonnet,patient,0,medqa_test_439,medqa_test_439__patient__wrong,172,2.513611316680908,12.349447394409133,gemma-2-2b-it
medqa-sonnet,clinical_note,1,medqa_test_439,medqa_test_439__clinical_note__correct,149,3.3179941177368164,27.604922761340376,gemma-2-2b-it
medqa-sonnet,clinical_note,0,medqa_test_439,medqa_test_439__clinical_note__wrong,138,3.531434774398804,34.17296295009497,gemma-2-2b-it
medqa-sonnet,colloquial,1,medqa_test_439,medqa_test_439__colloquial__correct,160,3.91182017326355,49.98985942022283,gemma-2-2b-it
medqa-sonnet,clinical_note,1,medqa_test_16,medqa_test_16__clinical_note__correct,69,4.313426494598389,74.69599637102668,gemma-2-2b-it
medqa-sonnet,clinical_note,0,medqa_test_16,medqa_test_16__clinical_note__wrong,69,4.69096565246582,108.95834491721112,gemma-2-2b-it
medqa-sonnet,textbook,0,medqa_test_16,medqa_test_16__textbook__wrong,172,2.629993438720703,13.873678872749313,gemma-2-2b-it
medqa-sonnet,colloquial,0,medqa_test_439,medqa_test_439__colloquial__wrong,172,3.609533548355103,36.94881395954043,gemma-2-2b-it
medqa-sonnet,textbook,1,medqa_test_16,medqa_test_16__textbook__correct,172,2.602346897125244,13.49537315075186,gemma-2-2b-it
medqa-sonnet,patient,1,medqa_test_16,medqa_test_16__patient__correct,186,2.5496859550476074,12.8030824078446,gemma-2-2b-it
medqa-sonnet,patient,0,medqa_test_16,medqa_test_16__patient__wrong,192,2.6149847507476807,13.667007964651813,gemma-2-2b-it
medqa-sonnet,colloquial,1,medqa_test_16,medqa_test_16__colloquial__correct,109,4.357661724090576,78.07436142105244,gemma-2-2b-it
medqa-sonnet,colloquial,0,medqa_test_16,medqa_test_16__colloquial__wrong,94,4.627731800079346,102.28180522278322,gemma-2-2b-it
medqa-sonnet,clinical_note,1,medqa_test_402,medqa_test_402__clinical_note__correct,98,3.840967178344727,46.57049463891688,gemma-2-2b-it
medqa-sonnet,textbook,0,medqa_test_402,medqa_test_402__textbook__wrong,180,2.4146876335144043,11.186275594163387,gemma-2-2b-it
medqa-sonnet,patient,0,medqa_test_402,medqa_test_402__patient__wrong,157,2.421551465988159,11.263320424773088,gemma-2-2b-it
medqa-sonnet,clinical_note,0,medqa_test_402,medqa_test_402__clinical_note__wrong,97,4.006443977355957,54.951115304341,gemma-2-2b-it
medqa-sonnet,textbook,1,medqa_test_402,medqa_test_402__textbook__correct,275,2.120359420776367,8.334132409777908,gemma-2-2b-it
medqa-sonnet,patient,1,medqa_test_402,medqa_test_402__patient__correct,179,2.483422040939331,11.982197911654657,gemma-2-2b-it
medqa-sonnet,colloquial,0,medqa_test_402,medqa_test_402__colloquial__wrong,114,4.047942161560059,57.27946379914096,gemma-2-2b-it
medqa-sonnet,colloquial,1,medqa_test_402,medqa_test_402__colloquial__correct,148,3.463265180587769,31.921034480319275,gemma-2-2b-it
medqa-sonnet,clinical_note,1,medqa_test_708,medqa_test_708__clinical_note__correct,112,3.149481296539306,23.32396322226525,gemma-2-2b-it
medqa-sonnet,textbook,0,medqa_test_708,medqa_test_708__textbook__wrong,186,1.94616174697876,7.0017614070380105,gemma-2-2b-it
medqa-sonnet,textbook,1,medqa_test_708,medqa_test_708__textbook__correct,218,1.8913644552230835,6.628406677782172,gemma-2-2b-it
medqa-sonnet,clinical_note,0,medqa_test_708,medqa_test_708__clinical_note__wrong,107,3.5293331146240234,34.10121842617549,gemma-2-2b-it
medqa-sonnet,patient,0,medqa_test_708,medqa_test_708__patient__wrong,149,2.6810147762298584,14.599901414060138,gemma-2-2b-it
medqa-sonnet,patient,1,medqa_test_708,medqa_test_708__patient__correct,199,2.5212035179138184,12.44356370705166,gemma-2-2b-it
medqa-sonnet,colloquial,0,medqa_test_708,medqa_test_708__colloquial__wrong,145,3.435664653778076,31.052044566938093,gemma-2-2b-it
medqa-sonnet,colloquial,1,medqa_test_708,medqa_test_708__colloquial__correct,173,2.963215112686157,19.36011675737045,gemma-2-2b-it
medqa-sonnet,textbook,0,medqa_test_304,medqa_test_304__textbook__wrong,242,1.5442845821380615,4.684618967802924,gemma-2-2b-it
medqa-sonnet,patient,0,medqa_test_304,medqa_test_304__patient__wrong,142,2.431621551513672,11.377316034195834,gemma-2-2b-it
medqa-sonnet,textbook,1,medqa_test_304,medqa_test_304__textbook__correct,244,1.4955072402954102,4.461599081812644,gemma-2-2b-it
medqa-sonnet,clinical_note,0,medqa_test_304,medqa_test_304__clinical_note__wrong,141,2.4803853034973145,11.945866315298316,gemma-2-2b-it
medqa-sonnet,clinical_note,1,medqa_test_304,medqa_test_304__clinical_note__correct,165,2.6277012825012207,13.841914651619929,gemma-2-2b-it
medqa-sonnet,patient,1,medqa_test_304,medqa_test_304__patient__correct,164,2.417912721633911,11.222410556582096,gemma-2-2b-it
medqa-sonnet,patient,0,medqa_test_614,medqa_test_614__patient__wrong,141,2.634702205657959,13.93916084179738,gemma-2-2b-it
medqa-sonnet,colloquial,0,medqa_test_304,medqa_test_304__colloquial__wrong,213,3.05344820022583,21.18828003397527,gemma-2-2b-it
medqa-sonnet,patient,1,medqa_test_614,medqa_test_614__patient__correct,163,2.5683610439300537,13.044427667633602,gemma-2-2b-it
medqa-sonnet,textbook,0,medqa_test_614,medqa_test_614__textbook__wrong,308,1.5117655992507937,4.534730246648676,gemma-2-2b-it
medqa-sonnet,colloquial,1,medqa_test_304,medqa_test_304__colloquial__correct,212,3.3915228843688965,29.711164503133176,gemma-2-2b-it
medqa-sonnet,textbook,1,medqa_test_614,medqa_test_614__textbook__correct,328,1.5310981273651123,4.623250954156898,gemma-2-2b-it
medqa-sonnet,clinical_note,0,medqa_test_614,medqa_test_614__clinical_note__wrong,220,2.4831862449646,11.979372890696023,gemma-2-2b-it
medqa-sonnet,clinical_note,1,medqa_test_614,medqa_test_614__clinical_note__correct,219,2.525846242904663,12.50147006889242,gemma-2-2b-it
medqa-sonnet,textbook,1,medqa_test_971,medqa_test_971__textbook__correct,158,2.118464231491089,8.318352608910653,gemma-2-2b-it
medqa-sonnet,textbook,0,medqa_test_971,medqa_test_971__textbook__wrong,158,2.211252450942993,9.127140533227044,gemma-2-2b-it
medqa-sonnet,colloquial,1,medqa_test_614,medqa_test_614__colloquial__correct,188,3.388567924499512,29.623498792472045,gemma-2-2b-it
medqa-sonnet,patient,1,medqa_test_971,medqa_test_971__patient__correct,165,2.627058267593384,13.833016955128253,gemma-2-2b-it
medqa-sonnet,clinical_note,0,medqa_test_971,medqa_test_971__clinical_note__wrong,102,4.008375644683838,55.05736516505944,gemma-2-2b-it
medqa-sonnet,colloquial,0,medqa_test_614,medqa_test_614__colloquial__wrong,179,3.392756462097168,29.747838149191185,gemma-2-2b-it
medqa-sonnet,clinical_note,1,medqa_test_971,medqa_test_971__clinical_note__correct,102,3.964433670043945,52.69042077468086,gemma-2-2b-it
medqa-sonnet,patient,0,medqa_test_971,medqa_test_971__patient__wrong,154,2.8583297729492188,17.432386564235955,gemma-2-2b-it
medqa-sonnet,clinical_note,1,medqa_test_772,medqa_test_772__clinical_note__correct,78,3.858001708984375,47.37059648910312,gemma-2-2b-it
medqa-sonnet,colloquial,0,medqa_test_971,medqa_test_971__colloquial__wrong,115,4.183510780334473,65.59574167383599,gemma-2-2b-it
medqa-sonnet,textbook,1,medqa_test_772,medqa_test_772__textbook__correct,192,1.8911787271499636,6.627175710898143,gemma-2-2b-it
medqa-sonnet,clinical_note,0,medqa_test_772,medqa_test_772__clinical_note__wrong,78,3.8316400051116943,46.13814301154119,gemma-2-2b-it
medqa-sonnet,textbook,0,medqa_test_772,medqa_test_772__textbook__wrong,170,1.9187284708023071,6.812290933121248,gemma-2-2b-it
medqa-sonnet,patient,1,medqa_test_772,medqa_test_772__patient__correct,119,2.620535135269165,13.743076022314582,gemma-2-2b-it
medqa-sonnet,patient,0,medqa_test_772,medqa_test_772__patient__wrong,117,2.5061628818511963,12.25780505997318,gemma-2-2b-it
medqa-sonnet,colloquial,1,medqa_test_971,medqa_test_971__colloquial__correct,132,4.273672103881836,71.78475329707082,gemma-2-2b-it
medqa-sonnet,clinical_note,0,medqa_test_894,medqa_test_894__clinical_note__wrong,67,4.216119289398193,67.76997765285782,gemma-2-2b-it
medqa-sonnet,clinical_note,1,medqa_test_894,medqa_test_894__clinical_note__correct,71,4.102442264556885,60.48783464423583,gemma-2-2b-it
medqa-sonnet,colloquial,0,medqa_test_772,medqa_test_772__colloquial__wrong,105,3.838213205337525,46.44241719560896,gemma-2-2b-it
medqa-sonnet,colloquial,1,medqa_test_772,medqa_test_772__colloquial__correct,109,3.882169485092163,48.52938472478994,gemma-2-2b-it
medqa-sonnet,textbook,0,medqa_test_894,medqa_test_894__textbook__wrong,115,2.411109685897827,11.146323202466766,gemma-2-2b-it
medqa-sonnet,textbook,1,medqa_test_894,medqa_test_894__textbook__correct,168,2.3257293701171875,10.234141841503638,gemma-2-2b-it
medqa-sonnet,patient,1,medqa_test_894,medqa_test_894__patient__correct,186,2.379380464553833,10.798210916777938,gemma-2-2b-it
medqa-sonnet,patient,0,medqa_test_894,medqa_test_894__patient__wrong,185,2.433750867843628,11.401567749642302,gemma-2-2b-it
medqa-sonnet,colloquial,0,medqa_test_894,medqa_test_894__colloquial__wrong,105,3.963545083999634,52.64362159773866,gemma-2-2b-it
medqa-sonnet,textbook,0,medqa_test_38,medqa_test_38__textbook__wrong,237,1.5322344303131104,4.628507353711014,gemma-2-2b-it
medqa-sonnet,textbook,1,medqa_test_38,medqa_test_38__textbook__correct,239,1.544347882270813,4.684915514191089,gemma-2-2b-it
medqa-sonnet,clinical_note,1,medqa_test_38,medqa_test_38__clinical_note__correct,136,2.4064292907714844,11.094275901652574,gemma-2-2b-it
medqa-sonnet,colloquial,1,medqa_test_894,medqa_test_894__colloquial__correct,128,3.8792166709899902,48.3862978316686,gemma-2-2b-it
medqa-sonnet,patient,0,medqa_test_38,medqa_test_38__patient__wrong,102,2.702566385269165,14.917967892563087,gemma-2-2b-it
medqa-sonnet,patient,1,medqa_test_38,medqa_test_38__patient__correct,142,2.6156930923461914,13.676692304425783,gemma-2-2b-it
medqa-sonnet,clinical_note,0,medqa_test_38,medqa_test_38__clinical_note__wrong,138,2.2837483882904053,9.813395973000048,gemma-2-2b-it
medqa-sonnet,clinical_note,1,medqa_test_282,medqa_test_282__clinical_note__correct,45,3.829160213470459,46.02387177314792,gemma-2-2b-it
medqa-sonnet,colloquial,1,medqa_test_38,medqa_test_38__colloquial__correct,168,2.3396241664886475,10.37733567922958,gemma-2-2b-it
medqa-sonnet,textbook,0,medqa_test_282,medqa_test_282__textbook__wrong,102,2.850406646728516,17.29481329005747,gemma-2-2b-it
medqa-sonnet,colloquial,0,medqa_test_38,medqa_test_38__colloquial__wrong,200,2.175343990325928,8.80521350955478,gemma-2-2b-it
medqa-sonnet,textbook,1,medqa_test_282,medqa_test_282__textbook__correct,128,2.390698194503784,10.92111634518008,gemma-2-2b-it
medqa-sonnet,patient,0,medqa_test_282,medqa_test_282__patient__wrong,108,2.82069993019104,16.788597406903467,gemma-2-2b-it
medqa-sonnet,patient,1,medqa_test_282,medqa_test_282__patient__correct,139,2.654974460601806,14.224622766386414,gemma-2-2b-it
medqa-sonnet,clinical_note,0,medqa_test_282,medqa_test_282__clinical_note__wrong,44,4.000993728637695,54.65243274507305,gemma-2-2b-it
medqa-sonnet,colloquial,0,medqa_test_282,medqa_test_282__colloquial__wrong,77,4.267212867736816,71.32257289699866,gemma-2-2b-it
medqa-sonnet,colloquial,1,medqa_test_282,medqa_test_282__colloquial__correct,91,4.464691638946533,86.89423061160029,gemma-2-2b-it
medqa-sonnet,textbook,0,medqa_test_512,medqa_test_512__textbook__wrong,113,1.975147247314453,7.207680887340753,gemma-2-2b-it
medqa-sonnet,textbook,1,medqa_test_512,medqa_test_512__textbook__correct,150,2.0993940830230717,8.16122339032338,gemma-2-2b-it
medqa-sonnet,clinical_note,1,medqa_test_512,medqa_test_512__clinical_note__correct,73,3.780386209487915,43.83296717478736,gemma-2-2b-it
medqa-sonnet,patient,0,medqa_test_512,medqa_test_512__patient__wrong,110,2.4023890495300293,11.049542777766892,gemma-2-2b-it
medqa-sonnet,clinical_note,0,medqa_test_512,medqa_test_512__clinical_note__wrong,76,4.086360931396484,59.52288922280262,gemma-2-2b-it
medqa-sonnet,patient,1,medqa_test_512,medqa_test_512__patient__correct,134,2.236924886703491,9.364490097193691,gemma-2-2b-it
medqa-sonnet,colloquial,1,medqa_test_512,medqa_test_512__colloquial__correct,90,3.4809939861297607,32.49200262993681,gemma-2-2b-it
medqa-sonnet,colloquial,0,medqa_test_512,medqa_test_512__colloquial__wrong,82,3.699295520782471,40.41882010920006,gemma-2-2b-it
medqa-sonnet,clinical_note,1,medqa_test_989,medqa_test_989__clinical_note__correct,165,2.7230384349823,15.226516811159174,gemma-2-2b-it
medqa-sonnet,patient,0,medqa_test_989,medqa_test_989__patient__wrong,143,2.4659676551818848,11.77487065562538,gemma-2-2b-it
medqa-sonnet,clinical_note,0,medqa_test_989,medqa_test_989__clinical_note__wrong,163,2.5450339317321777,12.74366049320414,gemma-2-2b-it
medqa-sonnet,textbook,1,medqa_test_989,medqa_test_989__textbook__correct,271,1.3825154304504397,3.984912802013948,gemma-2-2b-it
medqa-sonnet,patient,1,medqa_test_989,medqa_test_989__patient__correct,183,2.5883126258850098,13.307298257437,gemma-2-2b-it
medqa-sonnet,textbook,0,medqa_test_989,medqa_test_989__textbook__wrong,278,1.4223272800445557,4.146759890593332,gemma-2-2b-it
medqa-sonnet,colloquial,1,medqa_test_989,medqa_test_989__colloquial__correct,106,3.976789951324463,53.34551737864893,gemma-2-2b-it
medqa-sonnet,textbook,0,medqa_test_80,medqa_test_80__textbook__wrong,75,2.461867570877075,11.726691529991188,gemma-2-2b-it
medqa-sonnet,textbook,1,medqa_test_80,medqa_test_80__textbook__correct,92,2.694537401199341,14.79867132199818,gemma-2-2b-it
medqa-sonnet,clinical_note,0,medqa_test_80,medqa_test_80__clinical_note__wrong,40,4.614832401275635,100.9709045195036,gemma-2-2b-it
medqa-sonnet,colloquial,0,medqa_test_989,medqa_test_989__colloquial__wrong,123,3.7474637031555176,42.41337256325384,gemma-2-2b-it
medqa-sonnet,patient,0,medqa_test_80,medqa_test_80__patient__wrong,94,2.8875319957733154,17.948956791376045,gemma-2-2b-it
medqa-sonnet,patient,1,medqa_test_80,medqa_test_80__patient__correct,100,2.936460494995117,18.849011929652693,gemma-2-2b-it
medqa-sonnet,clinical_note,1,medqa_test_80,medqa_test_80__clinical_note__correct,45,5.044189929962158,155.1185913659823,gemma-2-2b-it
medqa-sonnet,colloquial,1,medqa_test_80,medqa_test_80__colloquial__correct,64,4.526499271392822,92.43440625385692,gemma-2-2b-it
medqa-sonnet,colloquial,0,medqa_test_80,medqa_test_80__colloquial__wrong,66,4.051218032836914,57.46741162772333,gemma-2-2b-it
medqa-sonnet,clinical_note,0,medqa_test_1174,medqa_test_1174__clinical_note__wrong,121,3.8229846954345694,45.740526325886805,gemma-2-2b-it
medqa-sonnet,clinical_note,1,medqa_test_1174,medqa_test_1174__clinical_note__correct,140,3.648346900939941,38.41111615635642,gemma-2-2b-it
medqa-sonnet,textbook,0,medqa_test_1174,medqa_test_1174__textbook__wrong,225,1.9124889373779297,6.769917748071523,gemma-2-2b-it
medqa-sonnet,textbook,1,medqa_test_1174,medqa_test_1174__textbook__correct,226,1.975030899047852,7.206842334946298,gemma-2-2b-it
medqa-sonnet,patient,1,medqa_test_1174,medqa_test_1174__patient__correct,228,2.1846790313720703,8.887795392015928,gemma-2-2b-it
medqa-sonnet,patient,0,medqa_test_1174,medqa_test_1174__patient__wrong,222,1.9975382089614868,7.370888158854703,gemma-2-2b-it
medqa-sonnet,colloquial,1,medqa_test_1174,medqa_test_1174__colloquial__correct,146,3.7846755981445312,44.02138762234465,gemma-2-2b-it
medqa-sonnet,colloquial,0,medqa_test_1174,medqa_test_1174__colloquial__wrong,122,3.643292188644409,38.21744889373416,gemma-2-2b-it
medqa-sonnet,clinical_note,1,medqa_test_628,medqa_test_628__clinical_note__correct,236,2.801376819610596,16.467303676917844,gemma-2-2b-it
medqa-sonnet,patient,0,medqa_test_628,medqa_test_628__patient__wrong,188,2.4109671115875244,11.144734136406454,gemma-2-2b-it
medqa-sonnet,patient,1,medqa_test_628,medqa_test_628__patient__correct,218,2.4298555850982666,11.357241806604884,gemma-2-2b-it
medqa-sonnet,clinical_note,0,medqa_test_628,medqa_test_628__clinical_note__wrong,214,2.817128896713257,16.72875168265822,gemma-2-2b-it
medqa-sonnet,colloquial,0,medqa_test_628,medqa_test_628__colloquial__wrong,147,3.553938150405884,34.9506878830953,gemma-2-2b-it
medqa-sonnet,textbook,0,medqa_test_628,medqa_test_628__textbook__wrong,401,1.7527647018432615,5.770534449785514,gemma-2-2b-it
medqa-sonnet,textbook,1,medqa_test_628,medqa_test_628__textbook__correct,457,1.792001724243164,6.001453706167349,gemma-2-2b-it
medqa-sonnet,clinical_note,1,medqa_test_945,medqa_test_945__clinical_note__correct,39,4.493627071380615,89.44528265893962,gemma-2-2b-it
medqa-sonnet,textbook,0,medqa_test_945,medqa_test_945__textbook__wrong,76,2.33559250831604,10.335582033797674,gemma-2-2b-it
medqa-sonnet,clinical_note,0,medqa_test_945,medqa_test_945__clinical_note__wrong,38,4.95573616027832,141.98709316674964,gemma-2-2b-it
medqa-sonnet,patient,0,medqa_test_945,medqa_test_945__patient__wrong,75,3.189330816268921,24.272179459645564,gemma-2-2b-it
medqa-sonnet,colloquial,1,medqa_test_628,medqa_test_628__colloquial__correct,282,3.274261951446533,26.423716296495986,gemma-2-2b-it
medqa-sonnet,textbook,1,medqa_test_945,medqa_test_945__textbook__correct,71,2.6690053939819336,14.425614252481417,gemma-2-2b-it
medqa-sonnet,patient,1,medqa_test_945,medqa_test_945__patient__correct,95,2.91084885597229,18.37238746054029,gemma-2-2b-it
medqa-sonnet,colloquial,1,medqa_test_945,medqa_test_945__colloquial__correct,65,4.558188438415527,95.41048121602918,gemma-2-2b-it
medqa-sonnet,colloquial,0,medqa_test_945,medqa_test_945__colloquial__wrong,63,3.923938751220703,50.599351055481925,gemma-2-2b-it
medqa-sonnet,clinical_note,1,medqa_test_494,medqa_test_494__clinical_note__correct,106,2.870408058166504,17.64421659772918,gemma-2-2b-it
medqa-sonnet,clinical_note,0,medqa_test_494,medqa_test_494__clinical_note__wrong,80,3.610438585281372,36.98226913735776,gemma-2-2b-it
medqa-sonnet,textbook,0,medqa_test_494,medqa_test_494__textbook__wrong,148,2.000753402709961,7.3946251314183,gemma-2-2b-it
medqa-sonnet,textbook,1,medqa_test_494,medqa_test_494__textbook__correct,165,2.0669379234313965,7.900593817588084,gemma-2-2b-it
medqa-sonnet,patient,1,medqa_test_494,medqa_test_494__patient__correct,129,2.3506784439086914,10.492686009363496,gemma-2-2b-it
medqa-sonnet,patient,0,medqa_test_494,medqa_test_494__patient__wrong,122,2.558375358581543,12.914818313493724,gemma-2-2b-it
medqa-sonnet,colloquial,1,medqa_test_494,medqa_test_494__colloquial__correct,113,3.5781590938568115,35.80756177461261,gemma-2-2b-it
medqa-sonnet,clinical_note,1,medqa_test_320,medqa_test_320__clinical_note__correct,89,3.3567910194396973,28.696954996092675,gemma-2-2b-it
medqa-sonnet,colloquial,0,medqa_test_494,medqa_test_494__colloquial__wrong,113,3.387662172317505,29.596679391501088,gemma-2-2b-it
medqa-sonnet,textbook,1,medqa_test_320,medqa_test_320__textbook__correct,165,1.6179064512252808,5.042522491511525,gemma-2-2b-it
medqa-sonnet,textbook,0,medqa_test_320,medqa_test_320__textbook__wrong,178,1.6389923095703125,5.149977313757507,gemma-2-2b-it
medqa-sonnet,clinical_note,0,medqa_test_320,medqa_test_320__clinical_note__wrong,91,3.366135835647583,28.96637966763969,gemma-2-2b-it
medqa-sonnet,patient,1,medqa_test_320,medqa_test_320__patient__correct,155,2.41872787475586,11.231562269099838,gemma-2-2b-it
medqa-sonnet,patient,0,medqa_test_320,medqa_test_320__patient__wrong,180,2.135573387145996,8.461897059110942,gemma-2-2b-it
medqa-sonnet,colloquial,1,medqa_test_320,medqa_test_320__colloquial__correct,139,3.2735631465911865,26.40525772547237,gemma-2-2b-it
medqa-sonnet,textbook,0,medqa_test_921,medqa_test_921__textbook__wrong,121,2.096776247024536,8.139886586252208,gemma-2-2b-it
medqa-sonnet,patient,0,medqa_test_921,medqa_test_921__patient__wrong,118,2.5695033073425293,13.059336353297075,gemma-2-2b-it
medqa-sonnet,patient,1,medqa_test_921,medqa_test_921__patient__correct,117,2.896577835083008,18.112056746112103,gemma-2-2b-it
medqa-sonnet,colloquial,0,medqa_test_320,medqa_test_320__colloquial__wrong,136,3.227211236953736,25.209256208928544,gemma-2-2b-it
medqa-sonnet,textbook,1,medqa_test_921,medqa_test_921__textbook__correct,176,2.259704113006592,9.580254074777368,gemma-2-2b-it
medqa-sonnet,clinical_note,0,medqa_test_921,medqa_test_921__clinical_note__wrong,84,3.663937568664551,39.01466373490278,gemma-2-2b-it
medqa-sonnet,clinical_note,1,medqa_test_921,medqa_test_921__clinical_note__correct,80,3.7096409797668457,40.83914181646712,gemma-2-2b-it
medqa-sonnet,patient,0,medqa_test_50,medqa_test_50__patient__wrong,61,3.192087411880493,24.33918034777712,gemma-2-2b-it
medqa-sonnet,textbook,1,medqa_test_50,medqa_test_50__textbook__correct,68,2.2433998584747314,9.42532163493858,gemma-2-2b-it
medqa-sonnet,textbook,0,medqa_test_50,medqa_test_50__textbook__wrong,62,2.170867681503296,8.765886739687234,gemma-2-2b-it
medqa-sonnet,colloquial,0,medqa_test_921,medqa_test_921__colloquial__wrong,85,4.173493385314941,64.94192346298232,gemma-2-2b-it
medqa-sonnet,clinical_note,1,medqa_test_50,medqa_test_50__clinical_note__correct,32,4.993294715881348,147.42133564897117,gemma-2-2b-it
medqa-sonnet,colloquial,1,medqa_test_921,medqa_test_921__colloquial__correct,99,4.025685787200928,56.01871252780424,gemma-2-2b-it
medqa-sonnet,patient,1,medqa_test_50,medqa_test_50__patient__correct,77,2.4878780841827397,12.035710241782144,gemma-2-2b-it
medqa-sonnet,clinical_note,0,medqa_test_50,medqa_test_50__clinical_note__wrong,34,4.844268321990967,127.01031733167298,gemma-2-2b-it
medqa-sonnet,colloquial,0,medqa_test_50,medqa_test_50__colloquial__wrong,48,4.336587429046631,76.44621556421258,gemma-2-2b-it
medqa-sonnet,colloquial,1,medqa_test_50,medqa_test_50__colloquial__correct,58,4.261881351470947,70.94332731480941,gemma-2-2b-it
medqa-sonnet,clinical_note,1,medqa_test_504,medqa_test_504__clinical_note__correct,117,3.434318780899048,31.010280573134548,gemma-2-2b-it
medqa-sonnet,patient,0,medqa_test_504,medqa_test_504__patient__wrong,153,2.2459657192230225,9.449536750784016,gemma-2-2b-it
medqa-sonnet,clinical_note,0,medqa_test_504,medqa_test_504__clinical_note__wrong,127,3.411740064620972,30.317953585698323,gemma-2-2b-it
medqa-sonnet,textbook,1,medqa_test_504,medqa_test_504__textbook__correct,205,2.097816228866577,8.148356323921496,gemma-2-2b-it
medqa-sonnet,patient,1,medqa_test_504,medqa_test_504__patient__correct,188,2.2804551124572754,9.781130911236648,gemma-2-2b-it
medqa-sonnet,textbook,0,medqa_test_504,medqa_test_504__textbook__wrong,201,2.167548179626465,8.73683660486679,gemma-2-2b-it
medqa-sonnet,colloquial,0,medqa_test_504,medqa_test_504__colloquial__wrong,96,3.624670028686523,37.512343120053465,gemma-2-2b-it
medqa-sonnet,textbook,1,medqa_test_1042,medqa_test_1042__textbook__correct,134,2.01611590385437,7.509102143644019,gemma-2-2b-it
medqa-sonnet,patient,0,medqa_test_1042,medqa_test_1042__patient__wrong,89,2.0582449436187744,7.83221176753782,gemma-2-2b-it
medqa-sonnet,clinical_note,1,medqa_test_1042,medqa_test_1042__clinical_note__correct,43,4.163155555725098,64.27402319281136,gemma-2-2b-it
medqa-sonnet,textbook,0,medqa_test_1042,medqa_test_1042__textbook__wrong,129,2.0277411937713623,7.596907022787324,gemma-2-2b-it
medqa-sonnet,patient,1,medqa_test_1042,medqa_test_1042__patient__correct,111,2.1435506343841557,8.529669664067761,gemma-2-2b-it
medqa-sonnet,colloquial,1,medqa_test_504,medqa_test_504__colloquial__correct,128,3.4028565883636475,30.04981751839612,gemma-2-2b-it
medqa-sonnet,clinical_note,0,medqa_test_1042,medqa_test_1042__clinical_note__wrong,50,3.994163274765015,54.28040383375645,gemma-2-2b-it
medqa-sonnet,colloquial,1,medqa_test_1042,medqa_test_1042__colloquial__correct,76,4.030282020568848,56.27678021890468,gemma-2-2b-it
medqa-sonnet,colloquial,0,medqa_test_1042,medqa_test_1042__colloquial__wrong,85,4.106931686401367,60.76000052701979,gemma-2-2b-it
medqa-sonnet,clinical_note,1,medqa_test_1110,medqa_test_1110__clinical_note__correct,73,4.656933307647705,105.3126250166508,gemma-2-2b-it
medqa-sonnet,clinical_note,0,medqa_test_1110,medqa_test_1110__clinical_note__wrong,74,4.660599231719971,105.6994016174812,gemma-2-2b-it
medqa-sonnet,textbook,0,medqa_test_1110,medqa_test_1110__textbook__wrong,142,2.120351076126098,8.334062864647823,gemma-2-2b-it
medqa-sonnet,patient,0,medqa_test_1110,medqa_test_1110__patient__wrong,133,2.68118953704834,14.6024531277443,gemma-2-2b-it
medqa-sonnet,textbook,1,medqa_test_1110,medqa_test_1110__textbook__correct,161,2.202129364013672,9.044251513501074,gemma-2-2b-it
medqa-sonnet,patient,1,medqa_test_1110,medqa_test_1110__patient__correct,145,2.571625232696533,13.087076711287509,gemma-2-2b-it
medqa-sonnet,colloquial,1,medqa_test_1110,medqa_test_1110__colloquial__correct,111,4.386020660400391,80.32016099814531,gemma-2-2b-it
medqa-sonnet,textbook,1,medqa_test_1175,medqa_test_1175__textbook__correct,176,1.674936294555664,5.338455049589196,gemma-2-2b-it
medqa-sonnet,colloquial,0,medqa_test_1110,medqa_test_1110__colloquial__wrong,110,4.133583545684815,62.40114007772334,gemma-2-2b-it
medqa-sonnet,textbook,0,medqa_test_1175,medqa_test_1175__textbook__wrong,173,1.700724720954895,5.4779159139698965,gemma-2-2b-it
medqa-sonnet,clinical_note,1,medqa_test_1175,medqa_test_1175__clinical_note__correct,90,3.4774489402771,32.377020918905735,gemma-2-2b-it
medqa-sonnet,clinical_note,0,medqa_test_1175,medqa_test_1175__clinical_note__wrong,69,4.56483793258667,96.04702666191312,gemma-2-2b-it
medqa-sonnet,patient,1,medqa_test_1175,medqa_test_1175__patient__correct,149,2.557952880859375,12.90936324287447,gemma-2-2b-it
medqa-sonnet,patient,0,medqa_test_1175,medqa_test_1175__patient__wrong,159,2.637442111968994,13.977405205619943,gemma-2-2b-it
medqa-sonnet,colloquial,0,medqa_test_1175,medqa_test_1175__colloquial__wrong,95,4.097142696380615,60.168123155388734,gemma-2-2b-it
medqa-sonnet,textbook,1,medqa_test_762,medqa_test_762__textbook__correct,132,1.85405433177948,6.385656681820184,gemma-2-2b-it
medqa-sonnet,colloquial,1,medqa_test_1175,medqa_test_1175__colloquial__correct,109,4.31055212020874,74.48160038682377,gemma-2-2b-it
medqa-sonnet,patient,1,medqa_test_762,medqa_test_762__patient__correct,125,2.1223959922790527,8.351122761503879,gemma-2-2b-it
medqa-sonnet,textbook,0,medqa_test_762,medqa_test_762__textbook__wrong,121,1.662453532218933,5.272230576060816,gemma-2-2b-it
medqa-sonnet,patient,0,medqa_test_762,medqa_test_762__patient__wrong,129,2.096428394317627,8.137055597081416,gemma-2-2b-it
medqa-sonnet,clinical_note,0,medqa_test_762,medqa_test_762__clinical_note__wrong,63,3.802860975265503,44.829256594674206,gemma-2-2b-it
medqa-sonnet,clinical_note,1,medqa_test_762,medqa_test_762__clinical_note__correct,65,3.566889762878418,35.40629973342889,gemma-2-2b-it
medqa-sonnet,colloquial,1,medqa_test_762,medqa_test_762__colloquial__correct,93,3.3893163204193115,29.645677196176777,gemma-2-2b-it
medqa-sonnet,textbook,0,medqa_test_632,medqa_test_632__textbook__wrong,162,1.879483103752136,6.550118255455086,gemma-2-2b-it
medqa-sonnet,clinical_note,0,medqa_test_632,medqa_test_632__clinical_note__wrong,75,4.226369380950928,68.4681984285972,gemma-2-2b-it
medqa-sonnet,colloquial,0,medqa_test_762,medqa_test_762__colloquial__wrong,92,3.535386085510254,34.30825807885504,gemma-2-2b-it
medqa-sonnet,clinical_note,1,medqa_test_632,medqa_test_632__clinical_note__correct,78,3.817548751831055,45.49255798595089,gemma-2-2b-it
medqa-sonnet,patient,1,medqa_test_632,medqa_test_632__patient__correct,194,2.118544101715088,8.319017024129971,gemma-2-2b-it
medqa-sonnet,textbook,1,medqa_test_632,medqa_test_632__textbook__correct,195,1.7578409910202026,5.799901826944275,gemma-2-2b-it
medqa-sonnet,patient,0,medqa_test_632,medqa_test_632__patient__wrong,163,2.247757911682129,9.46648732409862,gemma-2-2b-it
medqa-sonnet,textbook,0,medqa_test_839,medqa_test_839__textbook__wrong,153,2.234786033630371,9.34448223333914,gemma-2-2b-it
medqa-sonnet,textbook,1,medqa_test_839,medqa_test_839__textbook__correct,145,2.4699530601501465,11.82189192079053,gemma-2-2b-it
medqa-sonnet,colloquial,1,medqa_test_632,medqa_test_632__colloquial__correct,136,3.790332555770874,44.27112044479614,gemma-2-2b-it
medqa-sonnet,clinical_note,1,medqa_test_839,medqa_test_839__clinical_note__correct,84,4.348269462585449,77.34449949414403,gemma-2-2b-it
medqa-sonnet,patient,1,medqa_test_839,medqa_test_839__patient__correct,165,2.340754747390747,10.389074731486923,gemma-2-2b-it
medqa-sonnet,clinical_note,0,medqa_test_839,medqa_test_839__clinical_note__wrong,80,4.279371738433838,72.19506836946665,gemma-2-2b-it
medqa-sonnet,colloquial,0,medqa_test_632,medqa_test_632__colloquial__wrong,123,4.2073163986206055,67.17602403150244,gemma-2-2b-it
medqa-sonnet,patient,0,medqa_test_839,medqa_test_839__patient__wrong,150,2.31690001487732,10.144178710272946,gemma-2-2b-it
medqa-sonnet,textbook,1,medqa_test_872,medqa_test_872__textbook__correct,99,1.9295896291732788,6.88668356759969,gemma-2-2b-it
medqa-sonnet,clinical_note,1,medqa_test_872,medqa_test_872__clinical_note__correct,57,4.441623687744141,84.912701516853,gemma-2-2b-it
medqa-sonnet,colloquial,0,medqa_test_839,medqa_test_839__colloquial__wrong,109,3.755326747894287,42.74818540838009,gemma-2-2b-it
medqa-sonnet,clinical_note,0,medqa_test_872,medqa_test_872__clinical_note__wrong,47,4.6777215003967285,107.52479803887766,gemma-2-2b-it
medqa-sonnet,colloquial,1,medqa_test_839,medqa_test_839__colloquial__correct,124,3.778618097305298,43.75553404692646,gemma-2-2b-it
medqa-sonnet,textbook,0,medqa_test_872,medqa_test_872__textbook__wrong,99,1.9498381614685056,7.027550160154629,gemma-2-2b-it
medqa-sonnet,patient,1,medqa_test_872,medqa_test_872__patient__correct,95,2.677734136581421,14.552082879196222,gemma-2-2b-it
medqa-sonnet,patient,0,medqa_test_872,medqa_test_872__patient__wrong,100,2.811981439590454,16.6428623960096,gemma-2-2b-it
medqa-sonnet,colloquial,0,medqa_test_872,medqa_test_872__colloquial__wrong,87,3.848182678222656,46.907739268415625,gemma-2-2b-it
medqa-sonnet,colloquial,1,medqa_test_872,medqa_test_872__colloquial__correct,99,3.810656070709229,45.18007046591715,gemma-2-2b-it
medqa-sonnet,textbook,1,medqa_test_226,medqa_test_226__textbook__correct,218,1.918110728263855,6.808083990764955,gemma-2-2b-it
medqa-sonnet,textbook,0,medqa_test_226,medqa_test_226__textbook__wrong,207,2.0068368911743164,7.439747359219681,gemma-2-2b-it
medqa-sonnet,clinical_note,1,medqa_test_226,medqa_test_226__clinical_note__correct,143,3.344386577606201,28.343183989206164,gemma-2-2b-it
medqa-sonnet,patient,1,medqa_test_226,medqa_test_226__patient__correct,180,2.338791608810425,10.368699544269427,gemma-2-2b-it
medqa-sonnet,clinical_note,0,medqa_test_226,medqa_test_226__clinical_note__wrong,151,3.375807285308838,29.24788564162862,gemma-2-2b-it
medqa-sonnet,patient,0,medqa_test_226,medqa_test_226__patient__wrong,204,2.597325563430786,13.427778229186286,gemma-2-2b-it
medqa-sonnet,textbook,1,medqa_test_1056,medqa_test_1056__textbook__correct,109,2.543977737426758,12.730207817131532,gemma-2-2b-it
medqa-sonnet,textbook,0,medqa_test_1056,medqa_test_1056__textbook__wrong,127,2.530237913131714,12.55649313593628,gemma-2-2b-it
medqa-sonnet,colloquial,1,medqa_test_226,medqa_test_226__colloquial__correct,157,3.607886552810669,36.88800951364751,gemma-2-2b-it
medqa-sonnet,clinical_note,1,medqa_test_1056,medqa_test_1056__clinical_note__correct,71,3.913645505905152,50.08119087215336,gemma-2-2b-it
medqa-sonnet,patient,1,medqa_test_1056,medqa_test_1056__patient__correct,122,2.227846384048462,9.279859290750045,gemma-2-2b-it
medqa-sonnet,patient,0,medqa_test_1056,medqa_test_1056__patient__wrong,121,2.250140190124512,9.48906601646364,gemma-2-2b-it
medqa-sonnet,clinical_note,0,medqa_test_1056,medqa_test_1056__clinical_note__wrong,54,4.196608066558838,66.46051863143222,gemma-2-2b-it
medqa-sonnet,colloquial,0,medqa_test_226,medqa_test_226__colloquial__wrong,154,3.3355507850646973,28.09385263769156,gemma-2-2b-it
medqa-sonnet,colloquial,1,medqa_test_1056,medqa_test_1056__colloquial__correct,100,3.387803316116333,29.60085707408316,gemma-2-2b-it
medqa-sonnet,colloquial,0,medqa_test_1056,medqa_test_1056__colloquial__wrong,85,3.700647354125977,40.473496566331214,gemma-2-2b-it
medqa-sonnet,clinical_note,1,medqa_test_502,medqa_test_502__clinical_note__correct,59,4.794931888580322,120.89614709440718,gemma-2-2b-it
medqa-sonnet,clinical_note,0,medqa_test_502,medqa_test_502__clinical_note__wrong,63,4.152100086212158,63.56735714896066,gemma-2-2b-it
medqa-sonnet,textbook,0,medqa_test_502,medqa_test_502__textbook__wrong,116,1.9143774509429927,6.782714909576264,gemma-2-2b-it
medqa-sonnet,patient,1,medqa_test_502,medqa_test_502__patient__correct,92,2.838101863861084,17.08330829790906,gemma-2-2b-it
medqa-sonnet,textbook,1,medqa_test_502,medqa_test_502__textbook__correct,121,1.975224733352661,7.208239403615708,gemma-2-2b-it
medqa-sonnet,patient,0,medqa_test_502,medqa_test_502__patient__wrong,125,2.66914963722229,14.42769519990302,gemma-2-2b-it
medqa-sonnet,textbook,0,medqa_test_794,medqa_test_794__textbook__wrong,154,1.6704182624816897,5.31439014239658,gemma-2-2b-it
medqa-sonnet,colloquial,0,medqa_test_502,medqa_test_502__colloquial__wrong,102,3.902908086776733,49.546324814639775,gemma-2-2b-it
medqa-sonnet,colloquial,1,medqa_test_502,medqa_test_502__colloquial__correct,101,4.224764347076416,68.35839279524592,gemma-2-2b-it
medqa-sonnet,textbook,1,medqa_test_794,medqa_test_794__textbook__correct,208,1.4959590435028076,4.463615302021011,gemma-2-2b-it
medqa-sonnet,patient,0,medqa_test_794,medqa_test_794__patient__wrong,175,1.9492552280426023,7.02345476005284,gemma-2-2b-it
medqa-sonnet,clinical_note,1,medqa_test_794,medqa_test_794__clinical_note__correct,104,3.894433259963989,49.12820255206114,gemma-2-2b-it
medqa-sonnet,patient,1,medqa_test_794,medqa_test_794__patient__correct,168,1.995417833328247,7.355275665232329,gemma-2-2b-it
medqa-sonnet,clinical_note,0,medqa_test_794,medqa_test_794__clinical_note__wrong,111,3.079286813735962,21.742890134704112,gemma-2-2b-it
medqa-sonnet,clinical_note,0,medqa_test_115,medqa_test_115__clinical_note__wrong,35,3.836446762084961,46.36045171611836,gemma-2-2b-it
medqa-sonnet,textbook,1,medqa_test_115,medqa_test_115__textbook__correct,106,2.315904140472412,10.13408141099205,gemma-2-2b-it
medqa-sonnet,textbook,0,medqa_test_115,medqa_test_115__textbook__wrong,91,2.4010798931121826,11.035086662647732,gemma-2-2b-it
medqa-sonnet,patient,0,medqa_test_115,medqa_test_115__patient__wrong,94,2.522478580474853,12.459440148837666,gemma-2-2b-it
medqa-sonnet,colloquial,1,medqa_test_794,medqa_test_794__colloquial__correct,142,3.2747957706451416,26.437825549113548,gemma-2-2b-it
medqa-sonnet,clinical_note,1,medqa_test_115,medqa_test_115__clinical_note__correct,47,3.603566884994507,36.72900922759747,gemma-2-2b-it
medqa-sonnet,colloquial,0,medqa_test_794,medqa_test_794__colloquial__wrong,129,3.2647714614868164,26.174128510821717,gemma-2-2b-it
medqa-sonnet,patient,1,medqa_test_115,medqa_test_115__patient__correct,95,2.4783270359039307,11.921303812559858,gemma-2-2b-it
medqa-sonnet,colloquial,0,medqa_test_115,medqa_test_115__colloquial__wrong,66,3.830773115158081,46.09816365024314,gemma-2-2b-it
medqa-sonnet,colloquial,1,medqa_test_115,medqa_test_115__colloquial__correct,79,3.709250926971436,40.823215501293255,gemma-2-2b-it
medqa-sonnet,textbook,0,medqa_test_751,medqa_test_751__textbook__wrong,113,1.9253383874893188,6.857468754967558,gemma-2-2b-it
medqa-sonnet,textbook,1,medqa_test_751,medqa_test_751__textbook__correct,158,1.835805058479309,6.270179975625171,gemma-2-2b-it
medqa-sonnet,clinical_note,1,medqa_test_751,medqa_test_751__clinical_note__correct,87,3.6235783100128174,37.47141254097884,gemma-2-2b-it
medqa-sonnet,clinical_note,0,medqa_test_751,medqa_test_751__clinical_note__wrong,64,3.6920533180236816,40.127156237945655,gemma-2-2b-it
medqa-sonnet,patient,0,medqa_test_751,medqa_test_751__patient__wrong,107,3.1008760929107666,22.21740727057549,gemma-2-2b-it
medqa-sonnet,patient,1,medqa_test_751,medqa_test_751__patient__correct,137,2.59871244430542,13.446413877726398,gemma-2-2b-it
medqa-sonnet,textbook,1,medqa_test_419,medqa_test_419__textbook__correct,188,2.0317513942718506,7.62743331048982,gemma-2-2b-it
medqa-sonnet,colloquial,1,medqa_test_751,medqa_test_751__colloquial__correct,118,3.932290315628052,51.02370433516313,gemma-2-2b-it
medqa-sonnet,patient,1,medqa_test_419,medqa_test_419__patient__correct,108,3.002075672149658,20.12727121115562,gemma-2-2b-it
medqa-sonnet,colloquial,0,medqa_test_751,medqa_test_751__colloquial__wrong,105,4.436042308807373,84.44009168730304,gemma-2-2b-it
medqa-sonnet,clinical_note,1,medqa_test_419,medqa_test_419__clinical_note__correct,110,3.261369466781616,26.08523555662845,gemma-2-2b-it
medqa-sonnet,textbook,0,medqa_test_419,medqa_test_419__textbook__wrong,178,2.1008083820343018,8.172773966553688,gemma-2-2b-it
medqa-sonnet,patient,0,medqa_test_419,medqa_test_419__patient__wrong,88,3.4196970462799072,30.560155305751945,gemma-2-2b-it
medqa-sonnet,clinical_note,0,medqa_test_419,medqa_test_419__clinical_note__wrong,107,3.64678955078125,38.35134315434271,gemma-2-2b-it
medqa-sonnet,colloquial,1,medqa_test_419,medqa_test_419__colloquial__correct,92,4.783327579498291,119.50133937864966,gemma-2-2b-it
medqa-sonnet,clinical_note,1,medqa_test_310,medqa_test_310__clinical_note__correct,40,4.500639915466309,90.07475308964447,gemma-2-2b-it
medqa-sonnet,textbook,0,medqa_test_310,medqa_test_310__textbook__wrong,113,2.6025493144989014,13.49810512523178,gemma-2-2b-it
medqa-sonnet,patient,0,medqa_test_310,medqa_test_310__patient__wrong,98,2.894789934158325,18.07970311427041,gemma-2-2b-it
medqa-sonnet,clinical_note,0,medqa_test_310,medqa_test_310__clinical_note__wrong,44,4.120443344116211,61.58654024303683,gemma-2-2b-it
medqa-sonnet,textbook,1,medqa_test_310,medqa_test_310__textbook__correct,138,2.4402410984039307,11.475807208087936,gemma-2-2b-it
medqa-sonnet,patient,1,medqa_test_310,medqa_test_310__patient__correct,84,3.048672914505005,21.087341140720035,gemma-2-2b-it
medqa-sonnet,colloquial,0,medqa_test_419,medqa_test_419__colloquial__wrong,136,4.002161502838135,54.71629172520171,gemma-2-2b-it
medqa-sonnet,colloquial,1,medqa_test_310,medqa_test_310__colloquial__correct,96,4.362386226654053,78.44409666153797,gemma-2-2b-it
medqa-sonnet,colloquial,0,medqa_test_310,medqa_test_310__colloquial__wrong,69,4.363040447235107,78.49543319491352,gemma-2-2b-it
medqa-sonnet,textbook,1,medqa_test_213,medqa_test_213__textbook__correct,209,1.642926812171936,5.170279826851321,gemma-2-2b-it
medqa-sonnet,clinical_note,1,medqa_test_213,medqa_test_213__clinical_note__correct,96,3.184983253479004,24.166883691231178,gemma-2-2b-it
medqa-sonnet,clinical_note,0,medqa_test_213,medqa_test_213__clinical_note__wrong,92,2.982973098754883,19.746437567630966,gemma-2-2b-it
medqa-sonnet,textbook,0,medqa_test_213,medqa_test_213__textbook__wrong,165,1.5637452602386477,4.776677686767871,gemma-2-2b-it
medqa-sonnet,patient,0,medqa_test_213,medqa_test_213__patient__wrong,132,2.3400490283966064,10.381745550592637,gemma-2-2b-it
medqa-sonnet,patient,1,medqa_test_213,medqa_test_213__patient__correct,155,2.4240148067474365,11.291100022320364,gemma-2-2b-it
medqa-sonnet,colloquial,0,medqa_test_213,medqa_test_213__colloquial__wrong,104,3.589805126190185,36.22701554201992,gemma-2-2b-it
medqa-sonnet,colloquial,1,medqa_test_213,medqa_test_213__colloquial__correct,117,3.675105094909668,39.45280292809111,gemma-2-2b-it
medqa-sonnet,textbook,1,medqa_test_1047,medqa_test_1047__textbook__correct,273,1.7382744550704956,5.687520877675934,gemma-2-2b-it
medqa-sonnet,textbook,0,medqa_test_1047,medqa_test_1047__textbook__wrong,292,1.6830567121505735,5.381982023320439,gemma-2-2b-it
medqa-sonnet,clinical_note,0,medqa_test_1047,medqa_test_1047__clinical_note__wrong,185,2.8466782569885254,17.230451543027524,gemma-2-2b-it
medqa-sonnet,clinical_note,1,medqa_test_1047,medqa_test_1047__clinical_note__correct,181,2.9919822216033936,19.9251394142605,gemma-2-2b-it
medqa-sonnet,patient,0,medqa_test_1047,medqa_test_1047__patient__wrong,208,2.623351573944092,13.78183711162967,gemma-2-2b-it
medqa-sonnet,patient,1,medqa_test_1047,medqa_test_1047__patient__correct,243,2.477973222732544,11.917086644339696,gemma-2-2b-it
medqa-sonnet,textbook,0,medqa_test_60,medqa_test_60__textbook__wrong,148,1.93882155418396,6.950555289702482,gemma-2-2b-it
medqa-sonnet,textbook,1,medqa_test_60,medqa_test_60__textbook__correct,142,1.94277024269104,6.978055125904566,gemma-2-2b-it
medqa-sonnet,colloquial,1,medqa_test_1047,medqa_test_1047__colloquial__correct,179,3.676817417144776,39.520416711554034,gemma-2-2b-it
medqa-sonnet,clinical_note,1,medqa_test_60,medqa_test_60__clinical_note__correct,91,3.327057123184204,27.856243466915547,gemma-2-2b-it
medqa-sonnet,colloquial,0,medqa_test_1047,medqa_test_1047__colloquial__wrong,150,4.015861511230469,55.47106376744966,gemma-2-2b-it
medqa-sonnet,patient,0,medqa_test_60,medqa_test_60__patient__wrong,140,2.5479767322540283,12.78121777864936,gemma-2-2b-it
medqa-sonnet,patient,1,medqa_test_60,medqa_test_60__patient__correct,163,2.758394956588745,15.774503855049538,gemma-2-2b-it
medqa-sonnet,clinical_note,0,medqa_test_60,medqa_test_60__clinical_note__wrong,93,3.27775239944458,26.51610805465524,gemma-2-2b-it
medqa-sonnet,colloquial,0,medqa_test_60,medqa_test_60__colloquial__wrong,100,3.955134391784668,52.20270908827114,gemma-2-2b-it
medqa-sonnet,colloquial,1,medqa_test_60,medqa_test_60__colloquial__correct,118,3.823634624481201,45.77026408522418,gemma-2-2b-it
medqa-sonnet,clinical_note,0,medqa_test_755,medqa_test_755__clinical_note__wrong,96,3.667366981506348,39.14869080946272,gemma-2-2b-it
medqa-sonnet,textbook,1,medqa_test_755,medqa_test_755__textbook__correct,240,1.9199566841125488,6.820663019820259,gemma-2-2b-it
medqa-sonnet,clinical_note,1,medqa_test_755,medqa_test_755__clinical_note__correct,87,3.610619306564331,36.9889532244432,gemma-2-2b-it
medqa-sonnet,patient,0,medqa_test_755,medqa_test_755__patient__wrong,176,2.528878927230835,12.539440628483105,gemma-2-2b-it
medqa-sonnet,patient,1,medqa_test_755,medqa_test_755__patient__correct,169,2.468202352523804,11.801213350793711,gemma-2-2b-it
medqa-sonnet,textbook,0,medqa_test_755,medqa_test_755__textbook__wrong,230,1.8499321937561035,6.359388301748043,gemma-2-2b-it
medqa-sonnet,colloquial,1,medqa_test_755,medqa_test_755__colloquial__correct,96,3.76390552520752,43.11649011478097,gemma-2-2b-it
medqa-sonnet,textbook,1,medqa_test_479,medqa_test_479__textbook__correct,183,1.593124270439148,4.91909352399609,gemma-2-2b-it
medqa-sonnet,textbook,0,medqa_test_479,medqa_test_479__textbook__wrong,183,1.5544887781143188,4.732666463944003,gemma-2-2b-it
medqa-sonnet,clinical_note,1,medqa_test_479,medqa_test_479__clinical_note__correct,90,3.0695559978485107,21.53234014691616,gemma-2-2b-it
medqa-sonnet,clinical_note,0,medqa_test_479,medqa_test_479__clinical_note__wrong,86,3.1878342628479004,24.23588201374756,gemma-2-2b-it
medqa-sonnet,colloquial,0,medqa_test_755,medqa_test_755__colloquial__wrong,139,3.719814300537109,41.25673204423096,gemma-2-2b-it
medqa-sonnet,patient,0,medqa_test_479,medqa_test_479__patient__wrong,116,2.695331335067749,14.810425153633265,gemma-2-2b-it
medqa-sonnet,patient,1,medqa_test_479,medqa_test_479__patient__correct,155,2.339791774749756,10.379075152188662,gemma-2-2b-it
medqa-sonnet,colloquial,0,medqa_test_479,medqa_test_479__colloquial__wrong,107,3.718700885772705,41.21082175298278,gemma-2-2b-it
medqa-sonnet,colloquial,1,medqa_test_479,medqa_test_479__colloquial__correct,132,3.220032215118408,25.02892647818039,gemma-2-2b-it
medqa-sonnet,textbook,0,medqa_test_155,medqa_test_155__textbook__wrong,268,2.07045578956604,7.928435992832131,gemma-2-2b-it
medqa-sonnet,textbook,1,medqa_test_155,medqa_test_155__textbook__correct,277,2.0673491954803467,7.903843779258755,gemma-2-2b-it
medqa-sonnet,patient,1,medqa_test_155,medqa_test_155__patient__correct,176,2.5892817974090576,13.320201563718626,gemma-2-2b-it
medqa-sonnet,clinical_note,1,medqa_test_155,medqa_test_155__clinical_note__correct,173,3.475102663040161,32.30114450008938,gemma-2-2b-it
medqa-sonnet,patient,0,medqa_test_155,medqa_test_155__patient__wrong,152,2.606453657150269,13.550909368636214,gemma-2-2b-it
medqa-sonnet,clinical_note,0,medqa_test_155,medqa_test_155__clinical_note__wrong,150,3.416250705718994,30.455015880171423,gemma-2-2b-it
medqa-sonnet,colloquial,0,medqa_test_155,medqa_test_155__colloquial__wrong,131,4.052052974700928,57.51541361215237,gemma-2-2b-it
medqa-sonnet,colloquial,1,medqa_test_155,medqa_test_155__colloquial__correct,142,4.172025680541992,64.84667780530224,gemma-2-2b-it
medqa-sonnet,patient,1,medqa_test_910,medqa_test_910__patient__correct,123,2.1389806270599365,8.49077794663423,gemma-2-2b-it
medqa-sonnet,clinical_note,0,medqa_test_910,medqa_test_910__clinical_note__wrong,99,4.131627082824707,62.27917391477155,gemma-2-2b-it
medqa-sonnet,clinical_note,1,medqa_test_910,medqa_test_910__clinical_note__correct,106,4.03111743927002,56.32381453748043,gemma-2-2b-it
medqa-sonnet,textbook,1,medqa_test_910,medqa_test_910__textbook__correct,179,2.057947874069214,7.829885401479342,gemma-2-2b-it
medqa-sonnet,textbook,0,medqa_test_910,medqa_test_910__textbook__wrong,179,2.0886569023132324,8.07406362242184,gemma-2-2b-it
medqa-sonnet,patient,0,medqa_test_910,medqa_test_910__patient__wrong,211,1.944722294807434,6.991689956802023,gemma-2-2b-it
medqa-sonnet,colloquial,1,medqa_test_910,medqa_test_910__colloquial__correct,150,3.517940759658813,33.71492978765063,gemma-2-2b-it
medqa-sonnet,patient,1,medqa_test_76,medqa_test_76__patient__correct,109,2.6211557388305664,13.7516076713507,gemma-2-2b-it
medqa-sonnet,textbook,1,medqa_test_76,medqa_test_76__textbook__correct,219,1.4736450910568235,4.365117427784853,gemma-2-2b-it
medqa-sonnet,clinical_note,1,medqa_test_76,medqa_test_76__clinical_note__correct,131,3.36365270614624,28.894541624234694,gemma-2-2b-it
medqa-sonnet,patient,0,medqa_test_76,medqa_test_76__patient__wrong,145,2.624324083328247,13.795246596919908,gemma-2-2b-it
medqa-sonnet,textbook,0,medqa_test_76,medqa_test_76__textbook__wrong,221,1.4318193197250366,4.186308501572824,gemma-2-2b-it
medqa-sonnet,colloquial,0,medqa_test_910,medqa_test_910__colloquial__wrong,159,3.4354732036590576,31.046100218351263,gemma-2-2b-it
medqa-sonnet,clinical_note,0,medqa_test_76,medqa_test_76__clinical_note__wrong,118,3.5820562839508057,35.94738292748869,gemma-2-2b-it
medqa-sonnet,textbook,0,medqa_test_1210,medqa_test_1210__textbook__wrong,124,2.277626037597656,9.753498465236236,gemma-2-2b-it
medqa-sonnet,clinical_note,1,medqa_test_1210,medqa_test_1210__clinical_note__correct,91,3.8550925254821777,47.2329869939973,gemma-2-2b-it
medqa-sonnet,patient,0,medqa_test_1210,medqa_test_1210__patient__wrong,139,2.5232279300689697,12.46878012427246,gemma-2-2b-it
medqa-sonnet,clinical_note,0,medqa_test_1210,medqa_test_1210__clinical_note__wrong,70,4.101480484008789,60.42968658879524,gemma-2-2b-it
medqa-sonnet,colloquial,1,medqa_test_76,medqa_test_76__colloquial__correct,143,3.799361705780029,44.67266108974313,gemma-2-2b-it
medqa-sonnet,patient,1,medqa_test_1210,medqa_test_1210__patient__correct,189,2.3148581981658936,10.123487287893193,gemma-2-2b-it
medqa-sonnet,textbook,1,medqa_test_1210,medqa_test_1210__textbook__correct,159,2.3391551971435547,10.372470167889292,gemma-2-2b-it
medqa-sonnet,colloquial,0,medqa_test_76,medqa_test_76__colloquial__wrong,155,3.8757927417755127,48.22090987284854,gemma-2-2b-it
medqa-sonnet,textbook,0,medqa_test_404,medqa_test_404__textbook__wrong,97,2.5678226947784424,13.037407100993082,gemma-2-2b-it
medqa-sonnet,textbook,1,medqa_test_404,medqa_test_404__textbook__correct,122,2.3344452381134038,10.323731127898872,gemma-2-2b-it
medqa-sonnet,colloquial,0,medqa_test_1210,medqa_test_1210__colloquial__wrong,106,4.596367359161377,99.1235804614954,gemma-2-2b-it
medqa-sonnet,colloquial,1,medqa_test_1210,medqa_test_1210__colloquial__correct,119,4.49336576461792,89.42191305514037,gemma-2-2b-it
medqa-sonnet,patient,1,medqa_test_404,medqa_test_404__patient__correct,127,2.744786739349365,15.561294966405494,gemma-2-2b-it
medqa-sonnet,clinical_note,1,medqa_test_404,medqa_test_404__clinical_note__correct,63,5.007971286773682,149.60093069939745,gemma-2-2b-it
medqa-sonnet,clinical_note,0,medqa_test_404,medqa_test_404__clinical_note__wrong,59,4.742583751678467,114.73025353836869,gemma-2-2b-it
medqa-sonnet,patient,0,medqa_test_404,medqa_test_404__patient__wrong,127,3.0234568119049072,20.562248797271625,gemma-2-2b-it
medqa-sonnet,textbook,1,medqa_test_906,medqa_test_906__textbook__correct,182,1.9978785514831543,7.373397212462213,gemma-2-2b-it
medqa-sonnet,textbook,0,medqa_test_906,medqa_test_906__textbook__wrong,174,2.006505012512207,7.437278675494056,gemma-2-2b-it
medqa-sonnet,colloquial,0,medqa_test_404,medqa_test_404__colloquial__wrong,98,4.533637046813965,93.0965425658314,gemma-2-2b-it
medqa-sonnet,colloquial,1,medqa_test_404,medqa_test_404__colloquial__correct,122,4.091311454772949,59.81828926644829,gemma-2-2b-it
medqa-sonnet,clinical_note,1,medqa_test_906,medqa_test_906__clinical_note__correct,100,3.852182388305664,47.09573233439836,gemma-2-2b-it
medqa-sonnet,clinical_note,0,medqa_test_906,medqa_test_906__clinical_note__wrong,101,3.879796028137207,48.41433890125743,gemma-2-2b-it
medqa-sonnet,patient,1,medqa_test_906,medqa_test_906__patient__correct,176,2.359020948410034,10.580587438854872,gemma-2-2b-it
medqa-sonnet,patient,0,medqa_test_906,medqa_test_906__patient__wrong,170,2.297525644302368,9.949533287608167,gemma-2-2b-it
medqa-sonnet,clinical_note,0,medqa_test_322,medqa_test_322__clinical_note__wrong,81,4.718650817871094,112.01701930949208,gemma-2-2b-it
medqa-sonnet,clinical_note,1,medqa_test_322,medqa_test_322__clinical_note__correct,82,4.5514326095581055,94.76807676433776,gemma-2-2b-it
medqa-sonnet,textbook,1,medqa_test_322,medqa_test_322__textbook__correct,239,2.127450942993164,8.39344415162321,gemma-2-2b-it
medqa-sonnet,patient,1,medqa_test_322,medqa_test_322__patient__correct,148,2.685094118118286,14.659581047518897,gemma-2-2b-it
medqa-sonnet,colloquial,1,medqa_test_906,medqa_test_906__colloquial__correct,150,3.7598397731781006,42.941545040233045,gemma-2-2b-it
medqa-sonnet,colloquial,0,medqa_test_906,medqa_test_906__colloquial__wrong,158,3.645472764968872,38.300875884376175,gemma-2-2b-it
medqa-sonnet,patient,0,medqa_test_322,medqa_test_322__patient__wrong,143,2.855250835418701,17.3787958785196,gemma-2-2b-it
medqa-sonnet,textbook,0,medqa_test_322,medqa_test_322__textbook__wrong,242,2.197973251342773,9.006740588996022,gemma-2-2b-it
medqa-sonnet,clinical_note,1,medqa_test_295,medqa_test_295__clinical_note__correct,55,4.216845512390137,67.81921164405718,gemma-2-2b-it
medqa-sonnet,textbook,0,medqa_test_295,medqa_test_295__textbook__wrong,100,2.3772668838500977,10.775412128576052,gemma-2-2b-it
medqa-sonnet,textbook,1,medqa_test_295,medqa_test_295__textbook__correct,121,2.319225549697876,10.167796802793804,gemma-2-2b-it
medqa-sonnet,patient,1,medqa_test_295,medqa_test_295__patient__correct,122,2.457718133926392,11.678133177430984,gemma-2-2b-it
medqa-sonnet,patient,0,medqa_test_295,medqa_test_295__patient__wrong,117,2.759497165679932,15.791900242074307,gemma-2-2b-it
medqa-sonnet,clinical_note,0,medqa_test_295,medqa_test_295__clinical_note__wrong,56,4.107769966125488,60.8109557578837,gemma-2-2b-it
medqa-sonnet,colloquial,1,medqa_test_322,medqa_test_322__colloquial__correct,163,3.559822797775269,35.156966700384466,gemma-2-2b-it
medqa-sonnet,colloquial,0,medqa_test_322,medqa_test_322__colloquial__wrong,158,3.579256534576416,35.84688002175038,gemma-2-2b-it
medqa-sonnet,textbook,1,medqa_test_37,medqa_test_37__textbook__correct,100,2.40108060836792,11.0350945555596,gemma-2-2b-it
medqa-sonnet,colloquial,0,medqa_test_295,medqa_test_295__colloquial__wrong,91,3.8319015502929688,46.150211798716576,gemma-2-2b-it
medqa-sonnet,colloquial,1,medqa_test_295,medqa_test_295__colloquial__correct,101,3.744307994842529,42.2797392955798,gemma-2-2b-it
medqa-sonnet,clinical_note,1,medqa_test_37,medqa_test_37__clinical_note__correct,45,5.563910484313965,260.8408586316464,gemma-2-2b-it
medqa-sonnet,textbook,0,medqa_test_37,medqa_test_37__textbook__wrong,103,2.360196352005005,10.593031211162092,gemma-2-2b-it
medqa-sonnet,patient,0,medqa_test_37,medqa_test_37__patient__wrong,115,2.806015491485596,16.543867535362356,gemma-2-2b-it
medqa-sonnet,clinical_note,0,medqa_test_37,medqa_test_37__clinical_note__wrong,44,5.553009510040283,258.0128810021559,gemma-2-2b-it
medqa-sonnet,patient,1,medqa_test_37,medqa_test_37__patient__correct,134,2.414522886276245,11.18443283795263,gemma-2-2b-it
medqa-sonnet,colloquial,0,medqa_test_37,medqa_test_37__colloquial__wrong,87,4.278254508972168,72.11445495232448,gemma-2-2b-it
medqa-sonnet,colloquial,1,medqa_test_37,medqa_test_37__colloquial__correct,98,4.380117416381836,79.84740824846916,gemma-2-2b-it
medqa-sonnet,textbook,1,medqa_test_397,medqa_test_397__textbook__correct,182,1.8420237302780151,6.3092936585409625,gemma-2-2b-it
medqa-sonnet,textbook,0,medqa_test_397,medqa_test_397__textbook__wrong,202,1.6937755346298218,5.439980817298941,gemma-2-2b-it
medqa-sonnet,clinical_note,1,medqa_test_397,medqa_test_397__clinical_note__correct,106,2.949145793914795,19.08964027481089,gemma-2-2b-it
medqa-sonnet,clinical_note,0,medqa_test_397,medqa_test_397__clinical_note__wrong,108,2.846935749053955,17.234888818840762,gemma-2-2b-it
medqa-sonnet,patient,1,medqa_test_397,medqa_test_397__patient__correct,155,2.311898231506348,10.09356640729293,gemma-2-2b-it
medqa-sonnet,patient,0,medqa_test_397,medqa_test_397__patient__wrong,145,2.4526150226593018,11.61869016558633,gemma-2-2b-it
medqa-sonnet,colloquial,0,medqa_test_397,medqa_test_397__colloquial__wrong,94,4.374330520629883,79.38667401711591,gemma-2-2b-it
medqa-sonnet,colloquial,1,medqa_test_397,medqa_test_397__colloquial__correct,107,3.790904998779297,44.29647039317792,gemma-2-2b-it
medqa-sonnet,clinical_note,1,medqa_test_205,medqa_test_205__clinical_note__correct,53,4.352060794830322,77.63829477487776,gemma-2-2b-it
medqa-sonnet,clinical_note,0,medqa_test_205,medqa_test_205__clinical_note__wrong,83,3.505369186401367,33.29373317727816,gemma-2-2b-it
medqa-sonnet,textbook,0,medqa_test_205,medqa_test_205__textbook__wrong,159,1.998351812362671,7.376887578773776,gemma-2-2b-it
medqa-sonnet,patient,1,medqa_test_205,medqa_test_205__patient__correct,110,2.3121261596679688,10.095867277534945,gemma-2-2b-it
medqa-sonnet,textbook,1,medqa_test_205,medqa_test_205__textbook__correct,251,1.5575785636901855,4.747312002655346,gemma-2-2b-it
medqa-sonnet,patient,0,medqa_test_205,medqa_test_205__patient__wrong,92,2.46551251411438,11.769512647842634,gemma-2-2b-it
medqa-sonnet,textbook,1,medqa_test_33,medqa_test_33__textbook__correct,131,1.9189872741699217,6.814054205116435,gemma-2-2b-it
medqa-sonnet,colloquial,1,medqa_test_205,medqa_test_205__colloquial__correct,142,3.5004324913024902,33.129777201190585,gemma-2-2b-it
medqa-sonnet,colloquial,0,medqa_test_205,medqa_test_205__colloquial__wrong,101,3.907721281051636,49.7853757393468,gemma-2-2b-it
medqa-sonnet,textbook,0,medqa_test_33,medqa_test_33__textbook__wrong,131,1.9260830879211424,6.862577416885872,gemma-2-2b-it
medqa-sonnet,clinical_note,1,medqa_test_33,medqa_test_33__clinical_note__correct,67,3.6552674770355225,38.67786517241749,gemma-2-2b-it
medqa-sonnet,patient,0,medqa_test_33,medqa_test_33__patient__wrong,131,2.6295924186706543,13.86811636476656,gemma-2-2b-it
medqa-sonnet,patient,1,medqa_test_33,medqa_test_33__patient__correct,140,2.6992266178131104,14.868228454196798,gemma-2-2b-it
medqa-sonnet,clinical_note,0,medqa_test_33,medqa_test_33__clinical_note__wrong,68,3.6581854820251465,38.79089220249772,gemma-2-2b-it
medqa-sonnet,textbook,1,medqa_test_1002,medqa_test_1002__textbook__correct,92,2.179333448410034,8.840411703949476,gemma-2-2b-it
medqa-sonnet,colloquial,0,medqa_test_33,medqa_test_33__colloquial__wrong,86,4.376140117645264,79.53046196536147,gemma-2-2b-it
medqa-sonnet,textbook,0,medqa_test_1002,medqa_test_1002__textbook__wrong,87,2.286348581314087,9.83894589972302,gemma-2-2b-it
medqa-sonnet,clinical_note,1,medqa_test_1002,medqa_test_1002__clinical_note__correct,44,4.930044651031494,138.38569126587095,gemma-2-2b-it
medqa-sonnet,colloquial,1,medqa_test_33,medqa_test_33__colloquial__correct,91,4.381017208099365,79.91928661800856,gemma-2-2b-it
medqa-sonnet,patient,0,medqa_test_1002,medqa_test_1002__patient__wrong,112,2.4260871410369877,11.314523218026473,gemma-2-2b-it
medqa-sonnet,patient,1,medqa_test_1002,medqa_test_1002__patient__correct,122,2.2817182540893555,9.793493671214105,gemma-2-2b-it
medqa-sonnet,clinical_note,0,medqa_test_1002,medqa_test_1002__clinical_note__wrong,42,5.020123481750488,151.43000148127678,gemma-2-2b-it
medqa-sonnet,colloquial,1,medqa_test_1002,medqa_test_1002__colloquial__correct,90,4.091690540313721,59.84096981364503,gemma-2-2b-it
medqa-sonnet,colloquial,0,medqa_test_1002,medqa_test_1002__colloquial__wrong,71,4.857614517211914,128.71678391019458,gemma-2-2b-it
medqa-sonnet,textbook,1,medqa_test_666,medqa_test_666__textbook__correct,150,2.259072542190552,9.574205376185304,gemma-2-2b-it
medqa-sonnet,textbook,0,medqa_test_666,medqa_test_666__textbook__wrong,137,2.401682615280152,11.041739758787624,gemma-2-2b-it
medqa-sonnet,clinical_note,1,medqa_test_666,medqa_test_666__clinical_note__correct,87,4.212745189666748,67.54170032127037,gemma-2-2b-it
medqa-sonnet,clinical_note,0,medqa_test_666,medqa_test_666__clinical_note__wrong,80,4.316214561462402,74.90454439120306,gemma-2-2b-it
medqa-sonnet,textbook,0,medqa_test_998,medqa_test_998__textbook__wrong,79,2.108152151107788,8.23301385443407,gemma-2-2b-it
medqa-sonnet,patient,1,medqa_test_666,medqa_test_666__patient__correct,196,2.5615932941436768,12.956444305583204,gemma-2-2b-it
medqa-sonnet,patient,0,medqa_test_666,medqa_test_666__patient__wrong,179,2.6991889476776123,14.86766837656548,gemma-2-2b-it
medqa-sonnet,textbook,1,medqa_test_998,medqa_test_998__textbook__correct,95,2.449136257171631,11.578341689360425,gemma-2-2b-it
medqa-sonnet,colloquial,1,medqa_test_666,medqa_test_666__colloquial__correct,139,3.931284189224243,50.97239385575389,gemma-2-2b-it
medqa-sonnet,patient,1,medqa_test_998,medqa_test_998__patient__correct,106,2.4493966102600098,11.58135653882321,gemma-2-2b-it
medqa-sonnet,colloquial,0,medqa_test_666,medqa_test_666__colloquial__wrong,121,4.193019866943359,66.22247235821469,gemma-2-2b-it
medqa-sonnet,patient,0,medqa_test_998,medqa_test_998__patient__wrong,96,2.5980145931243896,13.437033555336416,gemma-2-2b-it
medqa-sonnet,clinical_note,0,medqa_test_998,medqa_test_998__clinical_note__wrong,50,4.576375961303711,97.16163785641665,gemma-2-2b-it
medqa-sonnet,clinical_note,1,medqa_test_998,medqa_test_998__clinical_note__correct,61,4.198996543884277,66.61944779701929,gemma-2-2b-it
medqa-sonnet,colloquial,0,medqa_test_998,medqa_test_998__colloquial__wrong,70,3.538822889328003,34.42637168158176,gemma-2-2b-it
medqa-sonnet,colloquial,1,medqa_test_998,medqa_test_998__colloquial__correct,96,3.5189907550811768,33.750348901292455,gemma-2-2b-it
medqa-sonnet,textbook,0,medqa_test_595,medqa_test_595__textbook__wrong,157,2.4052650928497314,11.081367484138898,gemma-2-2b-it
medqa-sonnet,clinical_note,0,medqa_test_595,medqa_test_595__clinical_note__wrong,67,4.897263526916504,133.92280165918686,gemma-2-2b-it
medqa-sonnet,clinical_note,1,medqa_test_595,medqa_test_595__clinical_note__correct,69,4.856539726257324,128.57851459375976,gemma-2-2b-it
medqa-sonnet,patient,1,medqa_test_595,medqa_test_595__patient__correct,141,2.577075719833374,13.158602402418412,gemma-2-2b-it
medqa-sonnet,patient,0,medqa_test_595,medqa_test_595__patient__wrong,128,2.805227279663086,16.530832601200412,gemma-2-2b-it
medqa-sonnet,textbook,1,medqa_test_595,medqa_test_595__textbook__correct,163,2.254031181335449,9.526059813530075,gemma-2-2b-it
medqa-sonnet,colloquial,1,medqa_test_595,medqa_test_595__colloquial__correct,86,3.960834503173828,52.50112002470015,gemma-2-2b-it
medqa-sonnet,colloquial,0,medqa_test_595,medqa_test_595__colloquial__wrong,84,4.025485992431641,56.00752140006061,gemma-2-2b-it
medqa-sonnet,clinical_note,0,medqa_test_1135,medqa_test_1135__clinical_note__wrong,97,3.723939657211304,41.42728232762329,gemma-2-2b-it
medqa-sonnet,clinical_note,1,medqa_test_1135,medqa_test_1135__clinical_note__correct,104,3.89301347732544,49.058500675480346,gemma-2-2b-it
medqa-sonnet,textbook,1,medqa_test_1135,medqa_test_1135__textbook__correct,169,2.1969082355499268,8.997153374200451,gemma-2-2b-it
medqa-sonnet,textbook,0,medqa_test_1135,medqa_test_1135__textbook__wrong,181,1.9555158615112305,7.067563967706318,gemma-2-2b-it
medqa-sonnet,patient,0,medqa_test_1135,medqa_test_1135__patient__wrong,152,3.2483184337615967,25.747008195102456,gemma-2-2b-it
medqa-sonnet,patient,1,medqa_test_1135,medqa_test_1135__patient__correct,195,2.6805169582366943,14.592635129231526,gemma-2-2b-it
medqa-sonnet,colloquial,1,medqa_test_1135,medqa_test_1135__colloquial__correct,141,4.053846836090088,57.61868088780976,gemma-2-2b-it
medqa-sonnet,colloquial,0,medqa_test_1135,medqa_test_1135__colloquial__wrong,130,3.9782230854034415,53.42202346621125,gemma-2-2b-it
medqa-sonnet,patient,1,medqa_test_1120,medqa_test_1120__patient__correct,80,2.4238076210021973,11.288760909671437,gemma-2-2b-it
medqa-sonnet,textbook,0,medqa_test_1120,medqa_test_1120__textbook__wrong,109,2.6316075325012207,13.89609037379722,gemma-2-2b-it
medqa-sonnet,textbook,1,medqa_test_1120,medqa_test_1120__textbook__correct,115,2.3169007301330566,10.144185965957565,gemma-2-2b-it
medqa-sonnet,patient,0,medqa_test_1120,medqa_test_1120__patient__wrong,86,2.6796915531158447,14.580595263036331,gemma-2-2b-it
medqa-sonnet,clinical_note,1,medqa_test_1120,medqa_test_1120__clinical_note__correct,46,3.9168567657470703,50.24227308923823,gemma-2-2b-it
medqa-sonnet,clinical_note,0,medqa_test_1120,medqa_test_1120__clinical_note__wrong,42,3.977973937988281,53.40871516508522,gemma-2-2b-it
medqa-sonnet,colloquial,1,medqa_test_1120,medqa_test_1120__colloquial__correct,86,4.103982925415039,60.58109770839523,gemma-2-2b-it
medqa-sonnet,colloquial,0,medqa_test_1120,medqa_test_1120__colloquial__wrong,79,4.100080490112305,60.34514458935447,gemma-2-2b-it
medqa-sonnet,clinical_note,1,medqa_test_1001,medqa_test_1001__clinical_note__correct,142,3.653832674026489,38.62240984833169,gemma-2-2b-it
medqa-sonnet,textbook,0,medqa_test_1001,medqa_test_1001__textbook__wrong,194,2.5021276473999023,12.208441606235068,gemma-2-2b-it
medqa-sonnet,textbook,1,medqa_test_1001,medqa_test_1001__textbook__correct,179,2.5283749103546143,12.533122131236365,gemma-2-2b-it
medqa-sonnet,clinical_note,0,medqa_test_1001,medqa_test_1001__clinical_note__wrong,124,3.780827283859253,43.852305037632185,gemma-2-2b-it
medqa-sonnet,patient,0,medqa_test_1001,medqa_test_1001__patient__wrong,206,2.599276304244995,13.453997909807994,gemma-2-2b-it
medqa-sonnet,patient,1,medqa_test_1001,medqa_test_1001__patient__correct,214,2.54745888710022,12.774600800395843,gemma-2-2b-it
medqa-sonnet,patient,0,medqa_test_245,medqa_test_245__patient__wrong,106,2.602705717086792,13.50021642890736,gemma-2-2b-it
medqa-sonnet,patient,1,medqa_test_245,medqa_test_245__patient__correct,120,2.570134162902832,13.067577507465066,gemma-2-2b-it
medqa-sonnet,colloquial,0,medqa_test_1001,medqa_test_1001__colloquial__wrong,188,3.603487014770508,36.7260757905519,gemma-2-2b-it
medqa-sonnet,colloquial,1,medqa_test_1001,medqa_test_1001__colloquial__correct,193,3.542687177658081,34.5596624790883,gemma-2-2b-it
medqa-sonnet,clinical_note,1,medqa_test_245,medqa_test_245__clinical_note__correct,130,3.2509684562683105,25.815328831930177,gemma-2-2b-it
medqa-sonnet,textbook,0,medqa_test_245,medqa_test_245__textbook__wrong,272,1.6766222715377808,5.347463153516997,gemma-2-2b-it
medqa-sonnet,textbook,1,medqa_test_245,medqa_test_245__textbook__correct,254,1.6301982402801514,5.104886612386532,gemma-2-2b-it
medqa-sonnet,clinical_note,0,medqa_test_245,medqa_test_245__clinical_note__wrong,135,2.891092538833618,18.012978733724193,gemma-2-2b-it
medqa-sonnet,textbook,1,medqa_test_643,medqa_test_643__textbook__correct,120,2.592996120452881,13.36976909325678,gemma-2-2b-it
medqa-sonnet,textbook,0,medqa_test_643,medqa_test_643__textbook__wrong,128,2.373892307281494,10.73911096027499,gemma-2-2b-it
medqa-sonnet,clinical_note,0,medqa_test_643,medqa_test_643__clinical_note__wrong,62,5.090173721313477,162.4180750841518,gemma-2-2b-it
medqa-sonnet,patient,0,medqa_test_643,medqa_test_643__patient__wrong,101,2.5658531188964844,13.01175420935482,gemma-2-2b-it
medqa-sonnet,clinical_note,1,medqa_test_643,medqa_test_643__clinical_note__correct,69,4.633307456970215,102.85368629966764,gemma-2-2b-it
medqa-sonnet,colloquial,0,medqa_test_245,medqa_test_245__colloquial__wrong,184,3.1512391567230225,23.364999546032845,gemma-2-2b-it
medqa-sonnet,patient,1,medqa_test_643,medqa_test_643__patient__correct,143,2.261403560638428,9.596549057189945,gemma-2-2b-it
medqa-sonnet,colloquial,1,medqa_test_245,medqa_test_245__colloquial__correct,221,3.090753555297852,21.993645160664364,gemma-2-2b-it
medqa-sonnet,colloquial,0,medqa_test_643,medqa_test_643__colloquial__wrong,82,3.9659206867218018,52.76883059304145,gemma-2-2b-it
medqa-sonnet,colloquial,1,medqa_test_643,medqa_test_643__colloquial__correct,96,3.962455987930298,52.58631884614576,gemma-2-2b-it
medqa-sonnet,textbook,1,medqa_test_1081,medqa_test_1081__textbook__correct,188,1.9168801307678225,6.799711132518969,gemma-2-2b-it
medqa-sonnet,patient,0,medqa_test_1081,medqa_test_1081__patient__wrong,125,2.7311997413635254,15.351293558021975,gemma-2-2b-it
medqa-sonnet,textbook,0,medqa_test_1081,medqa_test_1081__textbook__wrong,204,1.842297911643982,6.311023786468128,gemma-2-2b-it
medqa-sonnet,clinical_note,1,medqa_test_1081,medqa_test_1081__clinical_note__correct,88,4.030777454376221,56.304668546234886,gemma-2-2b-it
medqa-sonnet,clinical_note,0,medqa_test_1081,medqa_test_1081__clinical_note__wrong,89,4.227999687194824,68.57991360023065,gemma-2-2b-it
medqa-sonnet,patient,1,medqa_test_1081,medqa_test_1081__patient__correct,189,2.295271873474121,9.927134569999213,gemma-2-2b-it
medqa-sonnet,colloquial,0,medqa_test_1081,medqa_test_1081__colloquial__wrong,118,3.7887933254241934,44.2030294100631,gemma-2-2b-it
medqa-sonnet,textbook,1,medqa_test_729,medqa_test_729__textbook__correct,225,2.1192870140075684,8.325199620417585,gemma-2-2b-it
medqa-sonnet,colloquial,1,medqa_test_1081,medqa_test_1081__colloquial__correct,108,3.9908602237701416,54.10140866968722,gemma-2-2b-it
medqa-sonnet,clinical_note,1,medqa_test_729,medqa_test_729__clinical_note__correct,118,4.0808424949646,59.19532060696692,gemma-2-2b-it
medqa-sonnet,textbook,0,medqa_test_729,medqa_test_729__textbook__wrong,228,1.7806512117385864,5.933719268329099,gemma-2-2b-it
medqa-sonnet,patient,1,medqa_test_729,medqa_test_729__patient__correct,196,2.512659788131714,12.337702131509248,gemma-2-2b-it
medqa-sonnet,clinical_note,0,medqa_test_729,medqa_test_729__clinical_note__wrong,153,3.387988567352295,29.60634117739444,gemma-2-2b-it
medqa-sonnet,patient,0,medqa_test_729,medqa_test_729__patient__wrong,226,2.5852787494659424,13.26698674005356,gemma-2-2b-it
medqa-sonnet,colloquial,0,medqa_test_729,medqa_test_729__colloquial__wrong,104,4.117071151733398,61.379208359121286,gemma-2-2b-it
medqa-sonnet,textbook,1,medqa_test_615,medqa_test_615__textbook__correct,216,2.298506736755371,9.95929948961772,gemma-2-2b-it
medqa-sonnet,patient,1,medqa_test_615,medqa_test_615__patient__correct,132,3.174769878387451,23.92131442348908,gemma-2-2b-it
medqa-sonnet,colloquial,1,medqa_test_729,medqa_test_729__colloquial__correct,195,3.721244096755981,41.31576295474065,gemma-2-2b-it
medqa-sonnet,textbook,0,medqa_test_615,medqa_test_615__textbook__wrong,200,2.357550859451294,10.565044461662843,gemma-2-2b-it
medqa-sonnet,patient,0,medqa_test_615,medqa_test_615__patient__wrong,138,2.952598571777344,19.155666483476352,gemma-2-2b-it
medqa-sonnet,clinical_note,1,medqa_test_615,medqa_test_615__clinical_note__correct,139,3.461049318313598,31.850380173278253,gemma-2-2b-it
medqa-sonnet,clinical_note,0,medqa_test_615,medqa_test_615__clinical_note__wrong,107,3.646738767623901,38.34939560150063,gemma-2-2b-it
medqa-sonnet,colloquial,1,medqa_test_615,medqa_test_615__colloquial__correct,119,4.514035701751709,91.28949326656657,gemma-2-2b-it
medqa-sonnet,colloquial,0,medqa_test_615,medqa_test_615__colloquial__wrong,150,3.836200714111328,46.34904622412354,gemma-2-2b-it
medqa-sonnet,clinical_note,0,medqa_test_896,medqa_test_896__clinical_note__wrong,92,4.469239711761475,87.29033196574217,gemma-2-2b-it
medqa-sonnet,textbook,0,medqa_test_896,medqa_test_896__textbook__wrong,149,2.6719775199890137,14.468552773508616,gemma-2-2b-it
medqa-sonnet,textbook,1,medqa_test_896,medqa_test_896__textbook__correct,202,2.513212203979492,12.34451955654531,gemma-2-2b-it
medqa-sonnet,clinical_note,1,medqa_test_896,medqa_test_896__clinical_note__correct,101,3.875922441482544,48.22716451633577,gemma-2-2b-it
medqa-sonnet,patient,1,medqa_test_896,medqa_test_896__patient__correct,207,2.4032533168792725,11.059096664775383,gemma-2-2b-it
medqa-sonnet,patient,0,medqa_test_896,medqa_test_896__patient__wrong,214,2.524970054626465,12.490521224682746,gemma-2-2b-it
medqa-sonnet,colloquial,1,medqa_test_896,medqa_test_896__colloquial__correct,158,3.271783828735352,26.358316153286943,gemma-2-2b-it
medqa-sonnet,colloquial,0,medqa_test_896,medqa_test_896__colloquial__wrong,129,3.4528021812438965,31.58878590685174,gemma-2-2b-it
medqa-sonnet,textbook,0,medqa_test_926,medqa_test_926__textbook__wrong,285,1.6621898412704468,5.27084051986025,gemma-2-2b-it
medqa-sonnet,patient,1,medqa_test_926,medqa_test_926__patient__correct,171,2.396520137786865,10.984883910587374,gemma-2-2b-it
medqa-sonnet,patient,0,medqa_test_926,medqa_test_926__patient__wrong,172,2.379366397857666,10.798059022694153,gemma-2-2b-it
medqa-sonnet,textbook,1,medqa_test_926,medqa_test_926__textbook__correct,274,1.7100012302398682,5.528968279577027,gemma-2-2b-it
medqa-sonnet,clinical_note,1,medqa_test_926,medqa_test_926__clinical_note__correct,175,3.37730073928833,29.29159864638749,gemma-2-2b-it
medqa-sonnet,clinical_note,0,medqa_test_926,medqa_test_926__clinical_note__wrong,177,3.519369602203369,33.763137546164394,gemma-2-2b-it
medqa-sonnet,textbook,0,medqa_test_385,medqa_test_385__textbook__wrong,136,2.1421968936920166,8.518130515422783,gemma-2-2b-it
medqa-sonnet,textbook,1,medqa_test_385,medqa_test_385__textbook__correct,158,2.055584669113159,7.81140362420837,gemma-2-2b-it
medqa-sonnet,colloquial,1,medqa_test_926,medqa_test_926__colloquial__correct,200,3.099705696105957,22.191419299180783,gemma-2-2b-it
medqa-sonnet,clinical_note,0,medqa_test_385,medqa_test_385__clinical_note__wrong,75,4.268499851226807,71.41442296286208,gemma-2-2b-it
medqa-sonnet,clinical_note,1,medqa_test_385,medqa_test_385__clinical_note__correct,77,3.5559818744659424,35.02219048574455,gemma-2-2b-it
medqa-sonnet,patient,0,medqa_test_385,medqa_test_385__patient__wrong,111,2.7614338397979736,15.822513641068094,gemma-2-2b-it
medqa-sonnet,patient,1,medqa_test_385,medqa_test_385__patient__correct,163,2.71614408493042,15.12190091787064,gemma-2-2b-it
medqa-sonnet,colloquial,0,medqa_test_926,medqa_test_926__colloquial__wrong,231,2.953120708465576,19.165670971362715,gemma-2-2b-it
medqa-sonnet,colloquial,1,medqa_test_385,medqa_test_385__colloquial__correct,108,4.300601959228516,73.7441713259738,gemma-2-2b-it
medqa-sonnet,textbook,0,medqa_test_1244,medqa_test_1244__textbook__wrong,132,2.500844955444336,12.19279197537025,gemma-2-2b-it
medqa-sonnet,colloquial,0,medqa_test_385,medqa_test_385__colloquial__wrong,82,4.866947650909424,129.92373843631316,gemma-2-2b-it
medqa-sonnet,textbook,1,medqa_test_1244,medqa_test_1244__textbook__correct,145,2.3198299407958984,10.173943986132231,gemma-2-2b-it
medqa-sonnet,clinical_note,1,medqa_test_1244,medqa_test_1244__clinical_note__correct,78,4.107650279998779,60.80367796566164,gemma-2-2b-it
medqa-sonnet,clinical_note,0,medqa_test_1244,medqa_test_1244__clinical_note__wrong,63,4.520085334777832,91.84343508289136,gemma-2-2b-it
medqa-sonnet,patient,0,medqa_test_1244,medqa_test_1244__patient__wrong,128,2.414597272872925,11.185264840791785,gemma-2-2b-it
medqa-sonnet,patient,1,medqa_test_1244,medqa_test_1244__patient__correct,152,2.1538426876068115,8.61791079048639,gemma-2-2b-it
medqa-sonnet,colloquial,0,medqa_test_1244,medqa_test_1244__colloquial__wrong,101,4.003731727600098,54.80227609107466,gemma-2-2b-it
medqa-sonnet,colloquial,1,medqa_test_1244,medqa_test_1244__colloquial__correct,127,3.523829221725464,33.91404453726852,gemma-2-2b-it
medqa-sonnet,clinical_note,1,medqa_test_1152,medqa_test_1152__clinical_note__correct,158,3.5439844131469727,34.60452359116252,gemma-2-2b-it
medqa-sonnet,textbook,1,medqa_test_1152,medqa_test_1152__textbook__correct,291,1.9461619853973389,7.001763076388215,gemma-2-2b-it
medqa-sonnet,clinical_note,0,medqa_test_1152,medqa_test_1152__clinical_note__wrong,158,3.7532129287719727,42.6579189137518,gemma-2-2b-it
medqa-sonnet,textbook,0,medqa_test_1152,medqa_test_1152__textbook__wrong,284,2.109720468521118,8.245935963762081,gemma-2-2b-it
medqa-sonnet,patient,1,medqa_test_1152,medqa_test_1152__patient__correct,260,2.2565479278564453,9.550064685843422,gemma-2-2b-it
medqa-sonnet,patient,0,medqa_test_1152,medqa_test_1152__patient__wrong,329,2.14923095703125,8.578258810198076,gemma-2-2b-it
medqa-sonnet,colloquial,1,medqa_test_1152,medqa_test_1152__colloquial__correct,183,3.684838771820069,39.83869881113936,gemma-2-2b-it
medqa-sonnet,textbook,1,medqa_test_944,medqa_test_944__textbook__correct,310,1.420276165008545,4.138263125930764,gemma-2-2b-it
medqa-sonnet,colloquial,0,medqa_test_1152,medqa_test_1152__colloquial__wrong,215,3.3216686248779297,27.706543836499332,gemma-2-2b-it
medqa-sonnet,textbook,0,medqa_test_944,medqa_test_944__textbook__wrong,323,1.400373458862305,4.0567147000383725,gemma-2-2b-it
medqa-sonnet,patient,1,medqa_test_944,medqa_test_944__patient__correct,181,2.436830282211304,11.436732016070264,gemma-2-2b-it
medqa-sonnet,clinical_note,1,medqa_test_944,medqa_test_944__clinical_note__correct,186,2.5559751987457275,12.883857855178094,gemma-2-2b-it
medqa-sonnet,patient,0,medqa_test_944,medqa_test_944__patient__wrong,155,2.6396424770355225,14.008194461133776,gemma-2-2b-it
medqa-sonnet,clinical_note,0,medqa_test_944,medqa_test_944__clinical_note__wrong,195,2.595282077789306,13.400366774174143,gemma-2-2b-it
medqa-sonnet,textbook,1,medqa_test_149,medqa_test_149__textbook__correct,182,1.9295358657836916,6.886313326100887,gemma-2-2b-it
medqa-sonnet,patient,1,medqa_test_149,medqa_test_149__patient__correct,136,2.4403743743896484,11.477336759529477,gemma-2-2b-it
medqa-sonnet,colloquial,0,medqa_test_944,medqa_test_944__colloquial__wrong,217,2.692802667617798,14.773021823848842,gemma-2-2b-it
medqa-sonnet,textbook,0,medqa_test_149,medqa_test_149__textbook__wrong,197,1.7330456972122192,5.657859821011751,gemma-2-2b-it
medqa-sonnet,colloquial,1,medqa_test_944,medqa_test_944__colloquial__correct,197,3.206801652908325,24.699960709108776,gemma-2-2b-it
medqa-sonnet,clinical_note,1,medqa_test_149,medqa_test_149__clinical_note__correct,92,4.112330436706543,61.08891566486443,gemma-2-2b-it
medqa-sonnet,patient,0,medqa_test_149,medqa_test_149__patient__wrong,149,2.184394836425781,8.88526988436712,gemma-2-2b-it
medqa-sonnet,clinical_note,0,medqa_test_149,medqa_test_149__clinical_note__wrong,92,4.178024291992188,65.23683686566089,gemma-2-2b-it
medqa-sonnet,colloquial,1,medqa_test_149,medqa_test_149__colloquial__correct,131,4.133114814758301,62.371897587484376,gemma-2-2b-it
medqa-sonnet,clinical_note,1,medqa_test_933,medqa_test_933__clinical_note__correct,175,2.8408732414245605,17.130718260344448,gemma-2-2b-it
medqa-sonnet,colloquial,0,medqa_test_149,medqa_test_149__colloquial__wrong,133,4.013622283935547,55.346990413447074,gemma-2-2b-it
medqa-sonnet,textbook,1,medqa_test_933,medqa_test_933__textbook__correct,320,1.653002381324768,5.222636658298825,gemma-2-2b-it
medqa-sonnet,textbook,0,medqa_test_933,medqa_test_933__textbook__wrong,274,1.693808674812317,5.440161102243318,gemma-2-2b-it
medqa-sonnet,clinical_note,0,medqa_test_933,medqa_test_933__clinical_note__wrong,171,2.919719696044922,18.53609099186893,gemma-2-2b-it
medqa-sonnet,patient,1,medqa_test_933,medqa_test_933__patient__correct,200,2.2944819927215576,9.919296413486268,gemma-2-2b-it
medqa-sonnet,patient,0,medqa_test_933,medqa_test_933__patient__wrong,206,2.1386568546295166,8.488029311812392,gemma-2-2b-it
medqa-sonnet,clinical_note,0,medqa_test_591,medqa_test_591__clinical_note__wrong,82,3.945606470108032,51.707687771819465,gemma-2-2b-it
medqa-sonnet,patient,1,medqa_test_591,medqa_test_591__patient__correct,143,2.289717197418213,9.872145418150168,gemma-2-2b-it
medqa-sonnet,patient,0,medqa_test_591,medqa_test_591__patient__wrong,126,2.782744884490967,16.16332657773729,gemma-2-2b-it
medqa-sonnet,textbook,1,medqa_test_591,medqa_test_591__textbook__correct,204,2.001131772994995,7.397423567226086,gemma-2-2b-it
medqa-sonnet,clinical_note,1,medqa_test_591,medqa_test_591__clinical_note__correct,82,3.829435348510742,46.0365362951092,gemma-2-2b-it
medqa-sonnet,textbook,0,medqa_test_591,medqa_test_591__textbook__wrong,158,2.14658522605896,8.555593042159364,gemma-2-2b-it
medqa-sonnet,colloquial,0,medqa_test_933,medqa_test_933__colloquial__wrong,194,3.46668004989624,32.03022697419801,gemma-2-2b-it
medqa-sonnet,colloquial,1,medqa_test_933,medqa_test_933__colloquial__correct,185,3.622943162918091,37.447620238773794,gemma-2-2b-it
medqa-sonnet,textbook,0,medqa_test_1151,medqa_test_1151__textbook__wrong,170,2.028383016586304,7.601784456094092,gemma-2-2b-it
medqa-sonnet,textbook,1,medqa_test_1151,medqa_test_1151__textbook__correct,170,1.9702293872833248,7.172321539015518,gemma-2-2b-it
medqa-sonnet,clinical_note,1,medqa_test_1151,medqa_test_1151__clinical_note__correct,97,3.197872877120972,24.48040195209311,gemma-2-2b-it
medqa-sonnet,colloquial,1,medqa_test_591,medqa_test_591__colloquial__correct,163,3.504348039627075,33.259752741498964,gemma-2-2b-it
medqa-sonnet,patient,1,medqa_test_1151,medqa_test_1151__patient__correct,150,2.701322078704834,14.899416911135411,gemma-2-2b-it
medqa-sonnet,colloquial,0,medqa_test_591,medqa_test_591__colloquial__wrong,137,3.847370624542236,46.86966312812984,gemma-2-2b-it
medqa-sonnet,patient,0,medqa_test_1151,medqa_test_1151__patient__wrong,149,2.913550615310669,18.42209234501293,gemma-2-2b-it
medqa-sonnet,clinical_note,0,medqa_test_1151,medqa_test_1151__clinical_note__wrong,98,3.4452521800994877,31.351188595725965,gemma-2-2b-it
medqa-sonnet,colloquial,1,medqa_test_1151,medqa_test_1151__colloquial__correct,131,3.9081461429595943,49.806532143028655,gemma-2-2b-it
medqa-sonnet,clinical_note,1,medqa_test_140,medqa_test_140__clinical_note__correct,74,4.868919849395752,130.18022667631902,gemma-2-2b-it
medqa-sonnet,clinical_note,0,medqa_test_140,medqa_test_140__clinical_note__wrong,84,4.275395393371582,71.90856585975487,gemma-2-2b-it
medqa-sonnet,textbook,1,medqa_test_140,medqa_test_140__textbook__correct,179,2.253913402557373,9.524937911914757,gemma-2-2b-it
medqa-sonnet,colloquial,0,medqa_test_1151,medqa_test_1151__colloquial__wrong,106,4.079035758972168,59.08846684797577,gemma-2-2b-it
medqa-sonnet,patient,0,medqa_test_140,medqa_test_140__patient__wrong,137,2.595568895339966,13.404210785788893,gemma-2-2b-it
medqa-sonnet,textbook,0,medqa_test_140,medqa_test_140__textbook__wrong,170,2.133643627166748,8.44558337462811,gemma-2-2b-it
medqa-sonnet,patient,1,medqa_test_140,medqa_test_140__patient__correct,152,2.29410982131958,9.915605421916789,gemma-2-2b-it
medqa-sonnet,clinical_note,1,medqa_test_1154,medqa_test_1154__clinical_note__correct,58,4.0623884201049805,58.112943579535454,gemma-2-2b-it
medqa-sonnet,clinical_note,0,medqa_test_1154,medqa_test_1154__clinical_note__wrong,56,4.4374098777771,84.55564833432788,gemma-2-2b-it
medqa-sonnet,textbook,0,medqa_test_1154,medqa_test_1154__textbook__wrong,128,2.059360980987549,7.840957688029811,gemma-2-2b-it
medqa-sonnet,textbook,1,medqa_test_1154,medqa_test_1154__textbook__correct,140,1.934995174407959,6.924010642847009,gemma-2-2b-it
medqa-sonnet,colloquial,0,medqa_test_140,medqa_test_140__colloquial__wrong,139,3.445698976516724,31.365199324205204,gemma-2-2b-it
medqa-sonnet,patient,0,medqa_test_1154,medqa_test_1154__patient__wrong,112,2.612257242202759,13.629781873962944,gemma-2-2b-it
medqa-sonnet,colloquial,1,medqa_test_140,medqa_test_140__colloquial__correct,131,3.545168399810791,34.64551914991061,gemma-2-2b-it
medqa-sonnet,patient,1,medqa_test_1154,medqa_test_1154__patient__correct,127,2.177401542663574,8.823349348515562,gemma-2-2b-it
medqa-sonnet,colloquial,1,medqa_test_1154,medqa_test_1154__colloquial__correct,101,3.4704623222351074,32.151603410362,gemma-2-2b-it
medqa-sonnet,textbook,1,medqa_test_828,medqa_test_828__textbook__correct,200,1.655986785888672,5.238246400284174,gemma-2-2b-it
medqa-sonnet,clinical_note,0,medqa_test_828,medqa_test_828__clinical_note__wrong,108,2.7389166355133057,15.470216131771055,gemma-2-2b-it
medqa-sonnet,clinical_note,1,medqa_test_828,medqa_test_828__clinical_note__correct,111,3.377737522125244,29.304395508463426,gemma-2-2b-it
medqa-sonnet,colloquial,0,medqa_test_1154,medqa_test_1154__colloquial__wrong,91,3.788599729537964,44.194472713707725,gemma-2-2b-it
medqa-sonnet,textbook,0,medqa_test_828,medqa_test_828__textbook__wrong,203,1.6335951089859009,5.122256727263968,gemma-2-2b-it
medqa-sonnet,patient,0,medqa_test_828,medqa_test_828__patient__wrong,170,2.4259965419769287,11.313498179292385,gemma-2-2b-it
medqa-sonnet,patient,1,medqa_test_828,medqa_test_828__patient__correct,119,2.7942681312561035,16.350657837708557,gemma-2-2b-it
medqa-sonnet,colloquial,0,medqa_test_828,medqa_test_828__colloquial__wrong,108,4.311629772186279,74.56190889531031,gemma-2-2b-it
medqa-sonnet,textbook,1,medqa_test_851,medqa_test_851__textbook__correct,215,2.0016183853149414,7.401024120635535,gemma-2-2b-it
medqa-sonnet,textbook,0,medqa_test_851,medqa_test_851__textbook__wrong,235,1.971774697303772,7.18341356746368,gemma-2-2b-it
medqa-sonnet,colloquial,1,medqa_test_828,medqa_test_828__colloquial__correct,139,3.4996511936187744,33.103903092008245,gemma-2-2b-it
medqa-sonnet,clinical_note,1,medqa_test_851,medqa_test_851__clinical_note__correct,110,3.072216272354126,21.58969834290119,gemma-2-2b-it
medqa-sonnet,clinical_note,0,medqa_test_851,medqa_test_851__clinical_note__wrong,105,3.596336126327514,36.46438848311454,gemma-2-2b-it
medqa-sonnet,patient,1,medqa_test_851,medqa_test_851__patient__correct,180,2.3538005352020264,10.525496324745603,gemma-2-2b-it
medqa-sonnet,patient,0,medqa_test_851,medqa_test_851__patient__wrong,175,2.4082696437835693,11.114712084852796,gemma-2-2b-it
medqa-sonnet,textbook,1,medqa_test_7,medqa_test_7__textbook__correct,207,1.6718719005584717,5.322120959806411,gemma-2-2b-it
medqa-sonnet,patient,0,medqa_test_7,medqa_test_7__patient__wrong,95,2.753466844558716,15.696956570630922,gemma-2-2b-it
medqa-sonnet,colloquial,1,medqa_test_851,medqa_test_851__colloquial__correct,134,3.630743741989136,37.74087565547759,gemma-2-2b-it
medqa-sonnet,textbook,0,medqa_test_7,medqa_test_7__textbook__wrong,196,1.698447823524475,5.465457450005943,gemma-2-2b-it
medqa-sonnet,colloquial,0,medqa_test_851,medqa_test_851__colloquial__wrong,151,3.8837366104125977,48.60549597473407,gemma-2-2b-it
medqa-sonnet,clinical_note,1,medqa_test_7,medqa_test_7__clinical_note__correct,121,3.65028715133667,38.48571568719929,gemma-2-2b-it
medqa-sonnet,patient,1,medqa_test_7,medqa_test_7__patient__correct,116,2.5016448497772217,12.20254882227645,gemma-2-2b-it
medqa-sonnet,clinical_note,0,medqa_test_7,medqa_test_7__clinical_note__wrong,109,3.691056728363037,40.08718584927408,gemma-2-2b-it
medqa-sonnet,clinical_note,0,medqa_test_953,medqa_test_953__clinical_note__wrong,153,2.945328950881958,19.01691698929924,gemma-2-2b-it
medqa-sonnet,colloquial,0,medqa_test_7,medqa_test_7__colloquial__wrong,161,3.7399067878723145,42.09406630464086,gemma-2-2b-it
medqa-sonnet,textbook,0,medqa_test_953,medqa_test_953__textbook__wrong,261,1.6119567155838013,5.01260988999701,gemma-2-2b-it
medqa-sonnet,textbook,1,medqa_test_953,medqa_test_953__textbook__correct,262,1.6698118448257446,5.311168379349382,gemma-2-2b-it
medqa-sonnet,colloquial,1,medqa_test_7,medqa_test_7__colloquial__correct,172,3.5436744689941406,34.59379978339051,gemma-2-2b-it
medqa-sonnet,clinical_note,1,medqa_test_953,medqa_test_953__clinical_note__correct,169,3.326885461807251,27.851462036210503,gemma-2-2b-it
medqa-sonnet,patient,0,medqa_test_953,medqa_test_953__patient__wrong,224,2.371690273284912,10.715489090472694,gemma-2-2b-it
medqa-sonnet,patient,1,medqa_test_953,medqa_test_953__patient__correct,258,2.5132741928100586,12.345284802594632,gemma-2-2b-it
medqa-sonnet,textbook,1,medqa_test_91,medqa_test_91__textbook__correct,112,2.240734100341797,9.400229466819637,gemma-2-2b-it
medqa-sonnet,textbook,0,medqa_test_91,medqa_test_91__textbook__wrong,113,2.3453855514526367,10.437296066557035,gemma-2-2b-it
medqa-sonnet,patient,1,medqa_test_91,medqa_test_91__patient__correct,140,2.6430275440216064,14.055693486073071,gemma-2-2b-it
medqa-sonnet,clinical_note,1,medqa_test_91,medqa_test_91__clinical_note__correct,71,4.622353076934815,101.733136600853,gemma-2-2b-it
medqa-sonnet,colloquial,1,medqa_test_953,medqa_test_953__colloquial__correct,189,3.350139856338501,28.50672021049878,gemma-2-2b-it
medqa-sonnet,patient,0,medqa_test_91,medqa_test_91__patient__wrong,136,2.746685266494751,15.590866569680008,gemma-2-2b-it
medqa-sonnet,colloquial,0,medqa_test_953,medqa_test_953__colloquial__wrong,209,3.3518142700195312,28.554492236726304,gemma-2-2b-it
medqa-sonnet,clinical_note,0,medqa_test_91,medqa_test_91__clinical_note__wrong,65,4.659945487976074,105.6303238769707,gemma-2-2b-it
medqa-sonnet,colloquial,0,medqa_test_91,medqa_test_91__colloquial__wrong,110,4.423998832702637,83.42923877052019,gemma-2-2b-it
medqa-sonnet,colloquial,1,medqa_test_91,medqa_test_91__colloquial__correct,120,4.21478796005249,67.67981352524296,gemma-2-2b-it
medqa-sonnet,textbook,1,medqa_test_184,medqa_test_184__textbook__correct,184,2.466881036758423,11.785630518730663,gemma-2-2b-it
medqa-sonnet,textbook,0,medqa_test_184,medqa_test_184__textbook__wrong,197,2.435725212097168,11.4241006058983,gemma-2-2b-it
medqa-sonnet,patient,1,medqa_test_184,medqa_test_184__patient__correct,155,2.474203586578369,11.872248129213466,gemma-2-2b-it
medqa-sonnet,clinical_note,1,medqa_test_184,medqa_test_184__clinical_note__correct,115,4.134796619415283,62.47688319320645,gemma-2-2b-it
medqa-sonnet,clinical_note,0,medqa_test_184,medqa_test_184__clinical_note__wrong,113,4.295040130615234,73.33515737095654,gemma-2-2b-it
medqa-sonnet,patient,0,medqa_test_184,medqa_test_184__patient__wrong,180,2.462029933929444,11.72859566599866,gemma-2-2b-it
medqa-sonnet,textbook,1,medqa_test_116,medqa_test_116__textbook__correct,157,2.394124984741211,10.95860491610263,gemma-2-2b-it
medqa-sonnet,clinical_note,1,medqa_test_116,medqa_test_116__clinical_note__correct,90,4.711889743804932,111.26221845281206,gemma-2-2b-it
medqa-sonnet,colloquial,0,medqa_test_184,medqa_test_184__colloquial__wrong,163,3.729163885116577,41.64427420599027,gemma-2-2b-it
medqa-sonnet,colloquial,1,medqa_test_184,medqa_test_184__colloquial__correct,184,3.706688642501831,40.718748704195534,gemma-2-2b-it
medqa-sonnet,clinical_note,0,medqa_test_116,medqa_test_116__clinical_note__wrong,89,4.7520432472229,115.82069323402789,gemma-2-2b-it
medqa-sonnet,textbook,0,medqa_test_116,medqa_test_116__textbook__wrong,165,2.375701665878296,10.758559452355303,gemma-2-2b-it
medqa-sonnet,patient,0,medqa_test_116,medqa_test_116__patient__wrong,123,2.9299657344818115,18.72698879570368,gemma-2-2b-it
medqa-sonnet,patient,1,medqa_test_116,medqa_test_116__patient__correct,120,3.040244579315185,20.910356850483765,gemma-2-2b-it
medqa-sonnet,colloquial,1,medqa_test_116,medqa_test_116__colloquial__correct,110,4.4952569007873535,89.59118207419328,gemma-2-2b-it
medqa-sonnet,colloquial,0,medqa_test_116,medqa_test_116__colloquial__wrong,95,4.575021743774414,97.03014891566536,gemma-2-2b-it
medqa-sonnet,textbook,1,medqa_test_684,medqa_test_684__textbook__correct,177,2.5020205974578857,12.20713476321899,gemma-2-2b-it
medqa-sonnet,patient,1,medqa_test_684,medqa_test_684__patient__correct,144,2.585319995880127,13.26753396696912,gemma-2-2b-it
medqa-sonnet,textbook,0,medqa_test_684,medqa_test_684__textbook__wrong,187,2.3589751720428467,10.580103109084725,gemma-2-2b-it
medqa-sonnet,clinical_note,1,medqa_test_684,medqa_test_684__clinical_note__correct,107,4.337558269500732,76.52046868097793,gemma-2-2b-it
medqa-sonnet,clinical_note,0,medqa_test_684,medqa_test_684__clinical_note__wrong,109,3.8972907066345215,49.26878452796794,gemma-2-2b-it
medqa-sonnet,patient,0,medqa_test_684,medqa_test_684__patient__wrong,200,2.6959500312805176,14.81959114277431,gemma-2-2b-it
medqa-sonnet,textbook,0,medqa_test_99,medqa_test_99__textbook__wrong,111,2.5048274993896484,12.241447126558567,gemma-2-2b-it
medqa-sonnet,clinical_note,1,medqa_test_99,medqa_test_99__clinical_note__correct,62,4.680689334869385,107.84438785141424,gemma-2-2b-it
medqa-sonnet,patient,1,medqa_test_99,medqa_test_99__patient__correct,123,2.721381425857544,15.201307225889366,gemma-2-2b-it
medqa-sonnet,textbook,1,medqa_test_99,medqa_test_99__textbook__correct,130,2.306748151779175,10.04171736351915,gemma-2-2b-it
medqa-sonnet,colloquial,1,medqa_test_684,medqa_test_684__colloquial__correct,154,3.7241246700286874,41.43494761490957,gemma-2-2b-it
medqa-sonnet,patient,0,medqa_test_99,medqa_test_99__patient__wrong,126,2.694002151489258,14.79075245693764,gemma-2-2b-it
medqa-sonnet,clinical_note,0,medqa_test_99,medqa_test_99__clinical_note__wrong,62,4.472862720489502,87.60715918766043,gemma-2-2b-it
medqa-sonnet,colloquial,0,medqa_test_684,medqa_test_684__colloquial__wrong,172,3.611344337463379,37.015781082792266,gemma-2-2b-it
medqa-sonnet,textbook,1,medqa_test_585,medqa_test_585__textbook__correct,200,1.3936042785644531,4.029346800444025,gemma-2-2b-it
medqa-sonnet,colloquial,0,medqa_test_99,medqa_test_99__colloquial__wrong,87,4.349493026733398,77.43919337096858,gemma-2-2b-it
medqa-sonnet,colloquial,1,medqa_test_99,medqa_test_99__colloquial__correct,96,4.218898773193359,67.95860522975204,gemma-2-2b-it
medqa-sonnet,textbook,0,medqa_test_585,medqa_test_585__textbook__wrong,203,1.7116827964782717,5.538273427387715,gemma-2-2b-it
medqa-sonnet,clinical_note,0,medqa_test_585,medqa_test_585__clinical_note__wrong,115,2.8745083808898926,17.716712105900907,gemma-2-2b-it
medqa-sonnet,clinical_note,1,medqa_test_585,medqa_test_585__clinical_note__correct,113,3.1155807971954346,22.546521507932365,gemma-2-2b-it
medqa-sonnet,patient,1,medqa_test_585,medqa_test_585__patient__correct,206,2.323676586151123,10.21315490741564,gemma-2-2b-it
medqa-sonnet,patient,0,medqa_test_585,medqa_test_585__patient__wrong,204,2.4194703102111816,11.239904075390278,gemma-2-2b-it
medqa-sonnet,textbook,1,medqa_test_144,medqa_test_144__textbook__correct,170,2.0526907444000244,7.788830688158394,gemma-2-2b-it
medqa-sonnet,textbook,0,medqa_test_144,medqa_test_144__textbook__wrong,163,1.982856035232544,7.263458081748766,gemma-2-2b-it
medqa-sonnet,colloquial,1,medqa_test_585,medqa_test_585__colloquial__correct,181,3.466353178024292,32.01975890489993,gemma-2-2b-it
medqa-sonnet,colloquial,0,medqa_test_585,medqa_test_585__colloquial__wrong,172,3.543784618377685,34.59761047898016,gemma-2-2b-it
medqa-sonnet,patient,0,medqa_test_144,medqa_test_144__patient__wrong,158,2.317643880844116,10.151727426845218,gemma-2-2b-it
medqa-sonnet,patient,1,medqa_test_144,medqa_test_144__patient__correct,177,2.234893083572388,9.34548261316474,gemma-2-2b-it
medqa-sonnet,clinical_note,1,medqa_test_144,medqa_test_144__clinical_note__correct,100,4.035048961639404,56.5456887401692,gemma-2-2b-it
medqa-sonnet,clinical_note,0,medqa_test_144,medqa_test_144__clinical_note__wrong,93,4.029856204986572,56.25282179026532,gemma-2-2b-it
medqa-sonnet,colloquial,1,medqa_test_144,medqa_test_144__colloquial__correct,138,3.433055877685547,30.971142309268654,gemma-2-2b-it
medqa-sonnet,colloquial,0,medqa_test_144,medqa_test_144__colloquial__wrong,105,3.5459001064300537,34.67087878237441,gemma-2-2b-it
medqa-sonnet,textbook,1,medqa_test_1079,medqa_test_1079__textbook__correct,208,2.3335983753204346,10.314992045046386,gemma-2-2b-it
medqa-sonnet,textbook,0,medqa_test_1079,medqa_test_1079__textbook__wrong,205,2.377096176147461,10.773572839721473,gemma-2-2b-it
medqa-sonnet,patient,1,medqa_test_1079,medqa_test_1079__patient__correct,163,2.5272605419158936,12.519163394527014,gemma-2-2b-it
medqa-sonnet,clinical_note,1,medqa_test_1079,medqa_test_1079__clinical_note__correct,165,3.317510843276977,27.591585230307636,gemma-2-2b-it
medqa-sonnet,clinical_note,0,medqa_test_1079,medqa_test_1079__clinical_note__wrong,141,3.479161500930786,32.432516036829455,gemma-2-2b-it
medqa-sonnet,patient,0,medqa_test_1079,medqa_test_1079__patient__wrong,199,2.521033525466919,12.44144857499228,gemma-2-2b-it
medqa-sonnet,colloquial,1,medqa_test_1079,medqa_test_1079__colloquial__correct,108,4.318610668182373,75.0842388709767,gemma-2-2b-it
medqa-sonnet,textbook,0,medqa_test_884,medqa_test_884__textbook__wrong,55,2.813230037689209,16.663655620844217,gemma-2-2b-it
medqa-sonnet,clinical_note,0,medqa_test_884,medqa_test_884__clinical_note__wrong,19,4.289075374603272,72.8990330308264,gemma-2-2b-it
medqa-sonnet,colloquial,0,medqa_test_1079,medqa_test_1079__colloquial__wrong,134,4.247801780700684,69.95147453280529,gemma-2-2b-it
medqa-sonnet,textbook,1,medqa_test_884,medqa_test_884__textbook__correct,68,2.1115591526031494,8.261111582268766,gemma-2-2b-it
medqa-sonnet,patient,1,medqa_test_884,medqa_test_884__patient__correct,89,2.4146945476531982,11.186352937892815,gemma-2-2b-it
medqa-sonnet,clinical_note,1,medqa_test_884,medqa_test_884__clinical_note__correct,37,3.4306764602661133,30.89753663779398,gemma-2-2b-it
medqa-sonnet,patient,0,medqa_test_884,medqa_test_884__patient__wrong,75,2.511525154113769,12.323711293708804,gemma-2-2b-it
medqa-sonnet,clinical_note,0,medqa_test_617,medqa_test_617__clinical_note__wrong,34,4.497899055480957,89.82820882920281,gemma-2-2b-it
medqa-sonnet,textbook,0,medqa_test_617,medqa_test_617__textbook__wrong,83,2.5135347843170166,12.348502298172969,gemma-2-2b-it
medqa-sonnet,colloquial,1,medqa_test_884,medqa_test_884__colloquial__correct,75,3.6703872680664062,39.2671098138026,gemma-2-2b-it
medqa-sonnet,colloquial,0,medqa_test_884,medqa_test_884__colloquial__wrong,52,3.804499387741089,44.90276561055057,gemma-2-2b-it
medqa-sonnet,clinical_note,1,medqa_test_617,medqa_test_617__clinical_note__correct,43,4.32226037979126,75.35877537401515,gemma-2-2b-it
medqa-sonnet,textbook,1,medqa_test_617,medqa_test_617__textbook__correct,80,2.7203328609466557,15.1853760224428,gemma-2-2b-it
medqa-sonnet,patient,1,medqa_test_617,medqa_test_617__patient__correct,98,2.3773059844970703,10.775833462398834,gemma-2-2b-it
medqa-sonnet,patient,0,medqa_test_617,medqa_test_617__patient__wrong,93,2.714045763015747,15.090203569034175,gemma-2-2b-it
medqa-sonnet,colloquial,0,medqa_test_617,medqa_test_617__colloquial__wrong,57,4.767157077789307,117.5844828012234,gemma-2-2b-it
medqa-sonnet,textbook,0,medqa_test_301,medqa_test_301__textbook__wrong,119,2.4092659950256348,11.12579176075158,gemma-2-2b-it
medqa-sonnet,colloquial,1,medqa_test_617,medqa_test_617__colloquial__correct,72,4.25421953201294,70.40184935125562,gemma-2-2b-it
medqa-sonnet,clinical_note,1,medqa_test_301,medqa_test_301__clinical_note__correct,70,4.4027838706970215,81.67793326408872,gemma-2-2b-it
medqa-sonnet,textbook,1,medqa_test_301,medqa_test_301__textbook__correct,124,2.499531507492065,12.176787890284912,gemma-2-2b-it
medqa-sonnet,clinical_note,0,medqa_test_301,medqa_test_301__clinical_note__wrong,66,4.368479251861572,78.92351759859923,gemma-2-2b-it
medqa-sonnet,patient,1,medqa_test_301,medqa_test_301__patient__correct,128,2.914501905441284,18.439625437852897,gemma-2-2b-it
medqa-sonnet,patient,0,medqa_test_301,medqa_test_301__patient__wrong,128,2.9982309341430664,20.050035696861062,gemma-2-2b-it
medqa-sonnet,colloquial,0,medqa_test_301,medqa_test_301__colloquial__wrong,83,4.904001235961914,134.82818119816451,gemma-2-2b-it
medqa-sonnet,colloquial,1,medqa_test_301,medqa_test_301__colloquial__correct,100,4.685976982116699,108.41614121487706,gemma-2-2b-it
medqa-sonnet,textbook,1,medqa_test_524,medqa_test_524__textbook__correct,154,2.1167635917663574,8.304218110271174,gemma-2-2b-it
medqa-sonnet,textbook,0,medqa_test_524,medqa_test_524__textbook__wrong,153,2.0891458988189697,8.078012776802957,gemma-2-2b-it
medqa-sonnet,clinical_note,1,medqa_test_524,medqa_test_524__clinical_note__correct,91,4.199366092681885,66.64407148339656,gemma-2-2b-it
medqa-sonnet,clinical_note,0,medqa_test_524,medqa_test_524__clinical_note__wrong,97,4.165763854980469,64.44188790517856,gemma-2-2b-it
medqa-sonnet,patient,1,medqa_test_524,medqa_test_524__patient__correct,166,2.581373691558838,13.215279414340554,gemma-2-2b-it
medqa-sonnet,patient,0,medqa_test_524,medqa_test_524__patient__wrong,157,2.6899237632751465,14.730552868528235,gemma-2-2b-it
medqa-sonnet,colloquial,0,medqa_test_524,medqa_test_524__colloquial__wrong,142,4.204193115234375,66.96654157851437,gemma-2-2b-it
medqa-sonnet,colloquial,1,medqa_test_524,medqa_test_524__colloquial__correct,147,4.215950012207031,67.75850671230732,gemma-2-2b-it
medqa-sonnet,clinical_note,1,medqa_test_557,medqa_test_557__clinical_note__correct,111,4.204181671142578,66.96577521165042,gemma-2-2b-it
medqa-sonnet,textbook,0,medqa_test_557,medqa_test_557__textbook__wrong,258,2.0805857181549072,8.009158650357548,gemma-2-2b-it
medqa-sonnet,textbook,1,medqa_test_557,medqa_test_557__textbook__correct,292,2.00147557258606,7.399967235654457,gemma-2-2b-it
medqa-sonnet,clinical_note,0,medqa_test_557,medqa_test_557__clinical_note__wrong,111,4.060971736907959,58.03067423739368,gemma-2-2b-it
medqa-sonnet,patient,0,medqa_test_557,medqa_test_557__patient__wrong,188,2.888883113861084,17.97322434202502,gemma-2-2b-it
medqa-sonnet,patient,1,medqa_test_557,medqa_test_557__patient__correct,210,2.893919944763184,18.063980804406768,gemma-2-2b-it
medqa-sonnet,clinical_note,1,medqa_test_1096,medqa_test_1096__clinical_note__correct,73,4.11798620223999,61.43539913960478,gemma-2-2b-it
medqa-sonnet,textbook,1,medqa_test_1096,medqa_test_1096__textbook__correct,165,2.236032247543335,9.356134716342916,gemma-2-2b-it
medqa-sonnet,patient,0,medqa_test_1096,medqa_test_1096__patient__wrong,96,2.8419439792633057,17.149070592105325,gemma-2-2b-it
medqa-sonnet,textbook,0,medqa_test_1096,medqa_test_1096__textbook__wrong,157,2.2676029205322266,9.656226307784385,gemma-2-2b-it
medqa-sonnet,clinical_note,0,medqa_test_1096,medqa_test_1096__clinical_note__wrong,77,4.078246116638184,59.04182651011849,gemma-2-2b-it
medqa-sonnet,patient,1,medqa_test_1096,medqa_test_1096__patient__correct,132,2.3591294288635254,10.581735288036915,gemma-2-2b-it
medqa-sonnet,colloquial,0,medqa_test_557,medqa_test_557__colloquial__wrong,159,3.73722243309021,41.98122242072797,gemma-2-2b-it
medqa-sonnet,colloquial,1,medqa_test_557,medqa_test_557__colloquial__correct,192,3.712574243545532,40.95910965454974,gemma-2-2b-it
medqa-sonnet,colloquial,1,medqa_test_1096,medqa_test_1096__colloquial__correct,127,3.628511905670166,37.65673812400398,gemma-2-2b-it
medqa-sonnet,colloquial,0,medqa_test_1096,medqa_test_1096__colloquial__wrong,119,4.208844661712647,67.27876515743849,gemma-2-2b-it
medqa-sonnet,clinical_note,1,medqa_test_868,medqa_test_868__clinical_note__correct,157,2.934924602508545,18.82008409455956,gemma-2-2b-it
medqa-sonnet,textbook,1,medqa_test_868,medqa_test_868__textbook__correct,265,1.7970443964004517,6.031793502205688,gemma-2-2b-it
medqa-sonnet,patient,1,medqa_test_868,medqa_test_868__patient__correct,160,2.393962383270264,10.956823175684471,gemma-2-2b-it
medqa-sonnet,textbook,0,medqa_test_868,medqa_test_868__textbook__wrong,261,1.817500591278076,6.156451714927842,gemma-2-2b-it
medqa-sonnet,patient,0,medqa_test_868,medqa_test_868__patient__wrong,137,2.4719412326812744,11.845419262030235,gemma-2-2b-it
medqa-sonnet,clinical_note,0,medqa_test_868,medqa_test_868__clinical_note__wrong,159,3.046060085296631,21.032315437547314,gemma-2-2b-it
medqa-sonnet,colloquial,0,medqa_test_868,medqa_test_868__colloquial__wrong,173,3.691016435623169,40.08557065926304,gemma-2-2b-it
medqa-sonnet,patient,0,medqa_test_547,medqa_test_547__patient__wrong,139,2.356610059738159,10.555109544980224,gemma-2-2b-it
medqa-sonnet,patient,1,medqa_test_547,medqa_test_547__patient__correct,171,2.051942110061645,7.783001884143069,gemma-2-2b-it
medqa-sonnet,clinical_note,1,medqa_test_547,medqa_test_547__clinical_note__correct,108,3.400286912918091,29.97269836820525,gemma-2-2b-it
medqa-sonnet,colloquial,1,medqa_test_868,medqa_test_868__colloquial__correct,177,3.719871282577514,41.259083003983896,gemma-2-2b-it
medqa-sonnet,clinical_note,0,medqa_test_547,medqa_test_547__clinical_note__wrong,116,3.4728691577911377,32.229080232217235,gemma-2-2b-it
medqa-sonnet,textbook,1,medqa_test_547,medqa_test_547__textbook__correct,252,1.7275608777999878,5.626912429643371,gemma-2-2b-it
medqa-sonnet,textbook,0,medqa_test_547,medqa_test_547__textbook__wrong,249,1.710105061531067,5.529542389297253,gemma-2-2b-it
medqa-sonnet,textbook,1,medqa_test_661,medqa_test_661__textbook__correct,113,2.226917266845703,9.271241218063592,gemma-2-2b-it
medqa-sonnet,clinical_note,1,medqa_test_661,medqa_test_661__clinical_note__correct,62,4.702998638153076,110.27735904590504,gemma-2-2b-it
medqa-sonnet,textbook,0,medqa_test_661,medqa_test_661__textbook__wrong,116,2.058436393737793,7.833711388959663,gemma-2-2b-it
medqa-sonnet,clinical_note,0,medqa_test_661,medqa_test_661__clinical_note__wrong,59,4.272482395172119,71.69940113302223,gemma-2-2b-it
medqa-sonnet,patient,1,medqa_test_661,medqa_test_661__patient__correct,129,2.4695069789886475,11.816619573546207,gemma-2-2b-it
medqa-sonnet,patient,0,medqa_test_661,medqa_test_661__patient__wrong,133,2.5412042140960693,12.694949206637649,gemma-2-2b-it
medqa-sonnet,colloquial,0,medqa_test_547,medqa_test_547__colloquial__wrong,139,3.234393835067749,25.39097599388417,gemma-2-2b-it
medqa-sonnet,colloquial,1,medqa_test_547,medqa_test_547__colloquial__correct,198,3.5426993370056152,34.560082704589874,gemma-2-2b-it
medqa-sonnet,colloquial,0,medqa_test_661,medqa_test_661__colloquial__wrong,71,4.515331268310547,91.40784152868744,gemma-2-2b-it
medqa-sonnet,colloquial,1,medqa_test_661,medqa_test_661__colloquial__correct,91,4.074241638183594,58.80586754954273,gemma-2-2b-it
medqa-sonnet,clinical_note,1,medqa_test_895,medqa_test_895__clinical_note__correct,57,4.448497772216797,85.49840939622966,gemma-2-2b-it
medqa-sonnet,textbook,0,medqa_test_895,medqa_test_895__textbook__wrong,194,2.285313129425049,9.828763417250132,gemma-2-2b-it
medqa-sonnet,textbook,1,medqa_test_895,medqa_test_895__textbook__correct,226,1.880672812461853,6.557915625573142,gemma-2-2b-it
medqa-sonnet,patient,1,medqa_test_895,medqa_test_895__patient__correct,155,2.4426960945129395,11.50401488082762,gemma-2-2b-it
medqa-sonnet,clinical_note,0,medqa_test_895,medqa_test_895__clinical_note__wrong,70,4.053252220153809,57.584430085971945,gemma-2-2b-it
medqa-sonnet,patient,0,medqa_test_895,medqa_test_895__patient__wrong,166,2.486837148666382,12.02318836189231,gemma-2-2b-it
medqa-sonnet,colloquial,1,medqa_test_895,medqa_test_895__colloquial__correct,104,4.282833576202393,72.44542908791335,gemma-2-2b-it
medqa-sonnet,textbook,0,medqa_test_818,medqa_test_818__textbook__wrong,110,2.083984851837158,8.03642917311147,gemma-2-2b-it
medqa-sonnet,clinical_note,0,medqa_test_818,medqa_test_818__clinical_note__wrong,53,3.97433876991272,53.21491796486821,gemma-2-2b-it
medqa-sonnet,textbook,1,medqa_test_818,medqa_test_818__textbook__correct,118,2.1519784927368164,8.601860290678644,gemma-2-2b-it
medqa-sonnet,clinical_note,1,medqa_test_818,medqa_test_818__clinical_note__correct,57,4.431949138641357,84.0951704154913,gemma-2-2b-it
medqa-sonnet,colloquial,0,medqa_test_895,medqa_test_895__colloquial__wrong,117,3.964219570159912,52.67914096924894,gemma-2-2b-it
medqa-sonnet,patient,0,medqa_test_818,medqa_test_818__patient__wrong,128,2.3451483249664307,10.434820357149208,gemma-2-2b-it
medqa-sonnet,patient,1,medqa_test_818,medqa_test_818__patient__correct,134,2.355416774749756,10.54252180308464,gemma-2-2b-it
medqa-sonnet,colloquial,1,medqa_test_818,medqa_test_818__colloquial__correct,103,3.4208409786224365,30.595134058647904,gemma-2-2b-it
medqa-sonnet,colloquial,0,medqa_test_818,medqa_test_818__colloquial__wrong,104,3.670120239257813,39.256625764086046,gemma-2-2b-it
medqa-sonnet,clinical_note,0,medqa_test_390,medqa_test_390__clinical_note__wrong,154,2.850553035736084,17.29734524593181,gemma-2-2b-it
medqa-sonnet,textbook,1,medqa_test_390,medqa_test_390__textbook__correct,240,1.8826147317886357,6.570662941793819,gemma-2-2b-it
medqa-sonnet,clinical_note,1,medqa_test_390,medqa_test_390__clinical_note__correct,143,3.1954538822174072,24.42125555079688,gemma-2-2b-it
medqa-sonnet,textbook,0,medqa_test_390,medqa_test_390__textbook__wrong,243,1.955185413360596,7.065228890095983,gemma-2-2b-it
medqa-sonnet,patient,0,medqa_test_390,medqa_test_390__patient__wrong,189,2.216588020324707,9.175969173258103,gemma-2-2b-it
medqa-sonnet,patient,1,medqa_test_390,medqa_test_390__patient__correct,201,2.309340715408325,10.0677849310429,gemma-2-2b-it
medqa-sonnet,colloquial,1,medqa_test_390,medqa_test_390__colloquial__correct,141,3.534579277038574,34.28058904889325,gemma-2-2b-it
medqa-sonnet,textbook,1,medqa_test_515,medqa_test_515__textbook__correct,137,2.253223419189453,9.518368129955848,gemma-2-2b-it
medqa-sonnet,clinical_note,1,medqa_test_515,medqa_test_515__clinical_note__correct,69,4.225241661071777,68.39102900106677,gemma-2-2b-it
medqa-sonnet,colloquial,0,medqa_test_390,medqa_test_390__colloquial__wrong,156,3.2220959663391118,25.0806332924012,gemma-2-2b-it
medqa-sonnet,textbook,0,medqa_test_515,medqa_test_515__textbook__wrong,144,2.176408290863037,8.814589891781603,gemma-2-2b-it
medqa-sonnet,clinical_note,0,medqa_test_515,medqa_test_515__clinical_note__wrong,76,4.1128830909729,61.12268604554672,gemma-2-2b-it
medqa-sonnet,patient,1,medqa_test_515,medqa_test_515__patient__correct,156,2.784617185592652,16.19361753994786,gemma-2-2b-it
medqa-sonnet,patient,0,medqa_test_515,medqa_test_515__patient__wrong,145,2.867428541183472,17.591723595453807,gemma-2-2b-it
medqa-sonnet,colloquial,0,medqa_test_515,medqa_test_515__colloquial__wrong,123,4.261414051055908,70.91018321324029,gemma-2-2b-it
medqa-sonnet,colloquial,1,medqa_test_515,medqa_test_515__colloquial__correct,129,4.088082790374756,59.62546753137068,gemma-2-2b-it
medqa-sonnet,textbook,0,medqa_test_380,medqa_test_380__textbook__wrong,230,1.639257311820984,5.151342250184183,gemma-2-2b-it
medqa-sonnet,clinical_note,1,medqa_test_380,medqa_test_380__clinical_note__correct,120,3.092323064804077,22.028191499132223,gemma-2-2b-it
medqa-sonnet,textbook,1,medqa_test_380,medqa_test_380__textbook__correct,219,1.606459617614746,4.98513067950453,gemma-2-2b-it
medqa-sonnet,patient,1,medqa_test_380,medqa_test_380__patient__correct,135,2.682874917984009,14.627084574714884,gemma-2-2b-it
medqa-sonnet,patient,0,medqa_test_380,medqa_test_380__patient__wrong,133,2.8473517894744877,17.242060721029933,gemma-2-2b-it
medqa-sonnet,clinical_note,0,medqa_test_380,medqa_test_380__clinical_note__wrong,112,3.23047947883606,25.2917809378238,gemma-2-2b-it
medqa-sonnet,colloquial,1,medqa_test_380,medqa_test_380__colloquial__correct,156,3.2638356685638428,26.14964640347428,gemma-2-2b-it
medqa-sonnet,clinical_note,1,medqa_test_534,medqa_test_534__clinical_note__correct,104,2.907788753509521,18.31625200635158,gemma-2-2b-it
medqa-sonnet,clinical_note,0,medqa_test_534,medqa_test_534__clinical_note__wrong,98,3.633933782577514,37.861462817368455,gemma-2-2b-it
medqa-sonnet,colloquial,0,medqa_test_380,medqa_test_380__colloquial__wrong,157,3.3157033920288086,27.54175982720214,gemma-2-2b-it
medqa-sonnet,textbook,1,medqa_test_534,medqa_test_534__textbook__correct,214,1.732861042022705,5.656815164287869,gemma-2-2b-it
medqa-sonnet,textbook,0,medqa_test_534,medqa_test_534__textbook__wrong,216,1.5972142219543457,4.939253576724451,gemma-2-2b-it
medqa-sonnet,patient,0,medqa_test_534,medqa_test_534__patient__wrong,147,2.463430643081665,11.745035528335652,gemma-2-2b-it
medqa-sonnet,patient,1,medqa_test_534,medqa_test_534__patient__correct,218,2.346186876296997,10.44566308310451,gemma-2-2b-it
medqa-sonnet,colloquial,0,medqa_test_534,medqa_test_534__colloquial__wrong,132,4.011054992675781,55.20508080829245,gemma-2-2b-it
medqa-sonnet,colloquial,1,medqa_test_534,medqa_test_534__colloquial__correct,167,3.500233888626098,33.1231981920962,gemma-2-2b-it
medqa-sonnet,textbook,0,medqa_test_937,medqa_test_937__textbook__wrong,339,1.405086874961853,4.075880817877678,gemma-2-2b-it
medqa-sonnet,patient,1,medqa_test_937,medqa_test_937__patient__correct,185,2.341265916824341,10.394386666466712,gemma-2-2b-it
medqa-sonnet,clinical_note,1,medqa_test_937,medqa_test_937__clinical_note__correct,197,2.634948968887329,13.94260093856865,gemma-2-2b-it
medqa-sonnet,clinical_note,0,medqa_test_937,medqa_test_937__clinical_note__wrong,191,2.636521816253662,13.964547776723576,gemma-2-2b-it
medqa-sonnet,patient,0,medqa_test_937,medqa_test_937__patient__wrong,172,2.4123542308807373,11.160203938895084,gemma-2-2b-it
medqa-sonnet,textbook,1,medqa_test_937,medqa_test_937__textbook__correct,346,1.339585304260254,3.817460092634704,gemma-2-2b-it
medqa-sonnet,textbook,1,medqa_test_98,medqa_test_98__textbook__correct,139,1.7679158449172974,5.858630334276141,gemma-2-2b-it
medqa-sonnet,clinical_note,0,medqa_test_98,medqa_test_98__clinical_note__wrong,74,2.662748098373413,14.335630740086753,gemma-2-2b-it
medqa-sonnet,clinical_note,1,medqa_test_98,medqa_test_98__clinical_note__correct,79,2.439978837966919,11.472797952496071,gemma-2-2b-it
medqa-sonnet,textbook,0,medqa_test_98,medqa_test_98__textbook__wrong,140,1.6101537942886353,5.003580690795537,gemma-2-2b-it
medqa-sonnet,patient,0,medqa_test_98,medqa_test_98__patient__wrong,115,2.3106157779693604,10.080630174185035,gemma-2-2b-it
medqa-sonnet,patient,1,medqa_test_98,medqa_test_98__patient__correct,143,2.0819976329803467,8.020474887096583,gemma-2-2b-it
medqa-sonnet,colloquial,1,medqa_test_937,medqa_test_937__colloquial__correct,238,2.91106915473938,18.376435320699272,gemma-2-2b-it
medqa-sonnet,colloquial,0,medqa_test_937,medqa_test_937__colloquial__wrong,252,2.8806443214416504,17.825754996382383,gemma-2-2b-it
medqa-sonnet,textbook,0,medqa_test_369,medqa_test_369__textbook__wrong,104,2.191999912261963,8.953100637746441,gemma-2-2b-it
medqa-sonnet,textbook,1,medqa_test_369,medqa_test_369__textbook__correct,105,2.574488401412964,13.12460091334306,gemma-2-2b-it
medqa-sonnet,colloquial,0,medqa_test_98,medqa_test_98__colloquial__wrong,84,3.915168046951294,50.15749961775346,gemma-2-2b-it
medqa-sonnet,colloquial,1,medqa_test_98,medqa_test_98__colloquial__correct,71,4.2459564208984375,69.82250792508954,gemma-2-2b-it
medqa-sonnet,clinical_note,1,medqa_test_369,medqa_test_369__clinical_note__correct,53,3.869654893875122,47.92584372433995,gemma-2-2b-it
medqa-sonnet,patient,1,medqa_test_369,medqa_test_369__patient__correct,119,2.6024744510650635,13.49709464855615,gemma-2-2b-it
medqa-sonnet,patient,0,medqa_test_369,medqa_test_369__patient__wrong,98,2.5788803100585938,13.182369726381673,gemma-2-2b-it
medqa-sonnet,clinical_note,0,medqa_test_369,medqa_test_369__clinical_note__wrong,48,3.6482961177825928,38.40916556812965,gemma-2-2b-it
medqa-sonnet,textbook,1,medqa_test_1260,medqa_test_1260__textbook__correct,114,2.126941442489624,8.389168776846812,gemma-2-2b-it
medqa-sonnet,textbook,0,medqa_test_1260,medqa_test_1260__textbook__wrong,101,2.6016502380371094,13.4859747505192,gemma-2-2b-it
medqa-sonnet,colloquial,1,medqa_test_369,medqa_test_369__colloquial__correct,77,4.184625148773193,65.66888024215916,gemma-2-2b-it
medqa-sonnet,colloquial,0,medqa_test_369,medqa_test_369__colloquial__wrong,75,4.167649745941162,64.56353294765857,gemma-2-2b-it
medqa-sonnet,clinical_note,1,medqa_test_1260,medqa_test_1260__clinical_note__correct,54,4.675580024719238,107.29478267320847,gemma-2-2b-it
medqa-sonnet,patient,0,medqa_test_1260,medqa_test_1260__patient__wrong,102,2.7234020233154297,15.232054001593838,gemma-2-2b-it
medqa-sonnet,clinical_note,0,medqa_test_1260,medqa_test_1260__clinical_note__wrong,56,5.026741981506348,152.43556489904375,gemma-2-2b-it
medqa-sonnet,patient,1,medqa_test_1260,medqa_test_1260__patient__correct,141,2.4582130908966064,11.683914781550849,gemma-2-2b-it
medqa-sonnet,colloquial,0,medqa_test_1260,medqa_test_1260__colloquial__wrong,87,3.844015598297119,46.71267767065509,gemma-2-2b-it
medqa-sonnet,colloquial,1,medqa_test_1260,medqa_test_1260__colloquial__correct,92,4.123197078704834,61.75636695061999,gemma-2-2b-it
medqa-sonnet,clinical_note,1,medqa_test_780,medqa_test_780__clinical_note__correct,134,2.793861389160156,16.3440086892055,gemma-2-2b-it
medqa-sonnet,clinical_note,0,medqa_test_780,medqa_test_780__clinical_note__wrong,130,3.1297836303710938,22.869030843369,gemma-2-2b-it
medqa-sonnet,textbook,1,medqa_test_780,medqa_test_780__textbook__correct,386,1.5100723505020142,4.527058317407791,gemma-2-2b-it
medqa-sonnet,textbook,0,medqa_test_780,medqa_test_780__textbook__wrong,362,1.5040141344070437,4.499715328343059,gemma-2-2b-it
medqa-sonnet,patient,0,medqa_test_780,medqa_test_780__patient__wrong,156,2.717555284500122,15.143256002538138,gemma-2-2b-it
medqa-sonnet,patient,1,medqa_test_780,medqa_test_780__patient__correct,215,2.530707836151123,12.562395107731504,gemma-2-2b-it
medqa-sonnet,colloquial,0,medqa_test_780,medqa_test_780__colloquial__wrong,156,3.740023851394653,42.098994272749074,gemma-2-2b-it
medqa-sonnet,colloquial,1,medqa_test_780,medqa_test_780__colloquial__correct,163,3.607471227645874,36.87269217607536,gemma-2-2b-it
medqa-sonnet,clinical_note,1,medqa_test_128,medqa_test_128__clinical_note__correct,110,3.807786226272583,45.050596565881456,gemma-2-2b-it
medqa-sonnet,textbook,0,medqa_test_128,medqa_test_128__textbook__wrong,257,1.8024375438690183,6.064411732464779,gemma-2-2b-it
medqa-sonnet,textbook,1,medqa_test_128,medqa_test_128__textbook__correct,269,1.84027636051178,6.298278616034539,gemma-2-2b-it
medqa-sonnet,patient,1,medqa_test_128,medqa_test_128__patient__correct,202,2.399465799331665,11.017289365015728,gemma-2-2b-it
medqa-sonnet,patient,0,medqa_test_128,medqa_test_128__patient__wrong,184,2.388209342956543,10.893969104605995,gemma-2-2b-it
medqa-sonnet,clinical_note,0,medqa_test_128,medqa_test_128__clinical_note__wrong,163,3.289702892303467,26.83488961914191,gemma-2-2b-it
medqa-sonnet,clinical_note,1,medqa_test_1268,medqa_test_1268__clinical_note__correct,97,3.843121290206909,46.67092081962675,gemma-2-2b-it
medqa-sonnet,textbook,1,medqa_test_1268,medqa_test_1268__textbook__correct,180,2.192544937133789,8.957981630284317,gemma-2-2b-it
medqa-sonnet,textbook,0,medqa_test_1268,medqa_test_1268__textbook__wrong,196,1.9616657495498655,7.111162620818828,gemma-2-2b-it
medqa-sonnet,colloquial,0,medqa_test_128,medqa_test_128__colloquial__wrong,176,3.7633211612701416,43.09130175315345,gemma-2-2b-it
medqa-sonnet,clinical_note,0,medqa_test_1268,medqa_test_1268__clinical_note__wrong,105,3.859052419662476,47.42039543822453,gemma-2-2b-it
medqa-sonnet,patient,1,medqa_test_1268,medqa_test_1268__patient__correct,161,2.5375096797943115,12.648133815120428,gemma-2-2b-it
medqa-sonnet,patient,0,medqa_test_1268,medqa_test_1268__patient__wrong,164,2.3831241130828857,10.83871138565246,gemma-2-2b-it
medqa-sonnet,colloquial,1,medqa_test_128,medqa_test_128__colloquial__correct,202,3.7225067615509033,41.36796386328825,gemma-2-2b-it
medqa-sonnet,colloquial,0,medqa_test_1268,medqa_test_1268__colloquial__wrong,115,3.6105644702911377,36.98692494371124,gemma-2-2b-it
medqa-sonnet,colloquial,1,medqa_test_1268,medqa_test_1268__colloquial__correct,145,3.3578572273254395,28.72756823294348,gemma-2-2b-it
medqa-sonnet,patient,1,medqa_test_588,medqa_test_588__patient__correct,144,2.4271342754364014,11.326377249800103,gemma-2-2b-it
medqa-sonnet,patient,0,medqa_test_588,medqa_test_588__patient__wrong,145,2.407925128936768,11.11088356105115,gemma-2-2b-it
medqa-sonnet,clinical_note,1,medqa_test_588,medqa_test_588__clinical_note__correct,122,4.458227157592773,86.3343162060576,gemma-2-2b-it
medqa-sonnet,textbook,1,medqa_test_588,medqa_test_588__textbook__correct,229,1.985924482345581,7.285779847795699,gemma-2-2b-it
medqa-sonnet,clinical_note,0,medqa_test_588,medqa_test_588__clinical_note__wrong,140,4.01837968826294,55.61092575090488,gemma-2-2b-it
medqa-sonnet,textbook,1,medqa_test_232,medqa_test_232__textbook__correct,208,1.8121929168701167,6.123861838451871,gemma-2-2b-it
medqa-sonnet,colloquial,1,medqa_test_588,medqa_test_588__colloquial__correct,122,4.067838191986084,58.43051041280464,gemma-2-2b-it
medqa-sonnet,colloquial,0,medqa_test_588,medqa_test_588__colloquial__wrong,115,4.102023124694824,60.46248709402213,gemma-2-2b-it
medqa-sonnet,textbook,0,medqa_test_588,medqa_test_588__textbook__wrong,211,2.0717451572418213,7.938665255143722,gemma-2-2b-it
medqa-sonnet,patient,0,medqa_test_232,medqa_test_232__patient__wrong,155,2.8412294387817383,17.13682126378766,gemma-2-2b-it
medqa-sonnet,clinical_note,1,medqa_test_232,medqa_test_232__clinical_note__correct,126,3.676424980163574,39.50491048133203,gemma-2-2b-it
medqa-sonnet,patient,1,medqa_test_232,medqa_test_232__patient__correct,199,2.800824880599976,16.458217237429707,gemma-2-2b-it
medqa-sonnet,textbook,0,medqa_test_232,medqa_test_232__textbook__wrong,204,1.7873122692108154,5.973376044803354,gemma-2-2b-it
medqa-sonnet,clinical_note,0,medqa_test_232,medqa_test_232__clinical_note__wrong,122,3.76359486579895,43.10309765181735,gemma-2-2b-it
medqa-sonnet,colloquial,1,medqa_test_232,medqa_test_232__colloquial__correct,132,3.9989967346191406,54.54340106782005,gemma-2-2b-it
medqa-sonnet,colloquial,0,medqa_test_232,medqa_test_232__colloquial__wrong,135,3.699665546417236,40.43377887616039,gemma-2-2b-it
medqa-sonnet,textbook,1,medqa_test_657,medqa_test_657__textbook__correct,366,2.100407600402832,8.169499125161712,gemma-2-2b-it
medqa-sonnet,clinical_note,1,medqa_test_657,medqa_test_657__clinical_note__correct,143,3.96953797340393,52.96005623164327,gemma-2-2b-it
medqa-sonnet,patient,1,medqa_test_657,medqa_test_657__patient__correct,280,2.289082288742065,9.86587949672642,gemma-2-2b-it
medqa-sonnet,clinical_note,0,medqa_test_657,medqa_test_657__clinical_note__wrong,175,3.683947801589966,39.80321952433382,gemma-2-2b-it
medqa-sonnet,textbook,0,medqa_test_657,medqa_test_657__textbook__wrong,359,2.165011167526245,8.71469923794028,gemma-2-2b-it
medqa-sonnet,patient,0,medqa_test_657,medqa_test_657__patient__wrong,316,2.2189712524414062,9.197863717220786,gemma-2-2b-it
medqa-sonnet,colloquial,1,medqa_test_657,medqa_test_657__colloquial__correct,258,3.4395182132720947,31.171936324733235,gemma-2-2b-it
medqa-sonnet,clinical_note,0,medqa_test_1125,medqa_test_1125__clinical_note__wrong,131,3.786616086959839,44.1068935674942,gemma-2-2b-it
medqa-sonnet,clinical_note,1,medqa_test_1125,medqa_test_1125__clinical_note__correct,128,4.151745796203613,63.54483985851422,gemma-2-2b-it
medqa-sonnet,textbook,1,medqa_test_1125,medqa_test_1125__textbook__correct,270,2.20316219329834,9.05359750689915,gemma-2-2b-it
medqa-sonnet,patient,0,medqa_test_1125,medqa_test_1125__patient__wrong,202,2.448760986328125,11.573997490484828,gemma-2-2b-it
medqa-sonnet,textbook,0,medqa_test_1125,medqa_test_1125__textbook__wrong,273,2.187307834625244,8.911190394412403,gemma-2-2b-it
medqa-sonnet,colloquial,0,medqa_test_657,medqa_test_657__colloquial__wrong,273,3.2646291255950928,26.17040325802492,gemma-2-2b-it
medqa-sonnet,patient,1,medqa_test_1125,medqa_test_1125__patient__correct,198,2.3596837520599365,10.587602615412951,gemma-2-2b-it
medqa-sonnet,textbook,1,medqa_test_782,medqa_test_782__textbook__correct,204,1.8743486404418943,6.516573105460714,gemma-2-2b-it
medqa-sonnet,colloquial,1,medqa_test_1125,medqa_test_1125__colloquial__correct,178,3.698133945465088,40.371897862541104,gemma-2-2b-it
medqa-sonnet,clinical_note,0,medqa_test_782,medqa_test_782__clinical_note__wrong,127,3.1595561504364014,23.560136451740185,gemma-2-2b-it
medqa-sonnet,textbook,0,medqa_test_782,medqa_test_782__textbook__wrong,199,2.1174919605255127,8.31026884662807,gemma-2-2b-it
medqa-sonnet,clinical_note,1,medqa_test_782,medqa_test_782__clinical_note__correct,131,3.0227527618408203,20.547777039706844,gemma-2-2b-it
medqa-sonnet,patient,0,medqa_test_782,medqa_test_782__patient__wrong,159,2.5003273487091064,12.186482537167269,gemma-2-2b-it
medqa-sonnet,patient,1,medqa_test_782,medqa_test_782__patient__correct,207,2.6662158966064453,14.385430112218266,gemma-2-2b-it
medqa-sonnet,colloquial,0,medqa_test_1125,medqa_test_1125__colloquial__wrong,176,3.703632116317749,40.594480793405886,gemma-2-2b-it
medqa-sonnet,textbook,0,medqa_test_647,medqa_test_647__textbook__wrong,88,2.007108688354492,7.441769736398895,gemma-2-2b-it
medqa-sonnet,textbook,1,medqa_test_647,medqa_test_647__textbook__correct,115,2.303738594055176,10.011541665993542,gemma-2-2b-it
medqa-sonnet,colloquial,0,medqa_test_782,medqa_test_782__colloquial__wrong,125,3.883157968521118,48.57737893424022,gemma-2-2b-it
medqa-sonnet,colloquial,1,medqa_test_782,medqa_test_782__colloquial__correct,169,3.69665789604187,40.31235090392521,gemma-2-2b-it
medqa-sonnet,patient,1,medqa_test_647,medqa_test_647__patient__correct,129,2.6542904376983643,14.214896125623154,gemma-2-2b-it
medqa-sonnet,clinical_note,0,medqa_test_647,medqa_test_647__clinical_note__wrong,55,4.814588069915772,123.29601251109536,gemma-2-2b-it
medqa-sonnet,patient,0,medqa_test_647,medqa_test_647__patient__wrong,121,2.645284414291382,14.087451185847373,gemma-2-2b-it
medqa-sonnet,clinical_note,1,medqa_test_647,medqa_test_647__clinical_note__correct,61,4.407958507537842,82.10168233485997,gemma-2-2b-it
medqa-sonnet,colloquial,0,medqa_test_647,medqa_test_647__colloquial__wrong,85,4.191604137420654,66.12878558224591,gemma-2-2b-it
medqa-sonnet,colloquial,1,medqa_test_647,medqa_test_647__colloquial__correct,96,4.049764156341553,57.383921815352856,gemma-2-2b-it
medqa-sonnet,textbook,1,medqa_test_381,medqa_test_381__textbook__correct,133,2.419670820236206,11.24215801479888,gemma-2-2b-it
medqa-sonnet,textbook,0,medqa_test_381,medqa_test_381__textbook__wrong,128,2.4620535373687744,11.72887250446206,gemma-2-2b-it
medqa-sonnet,clinical_note,0,medqa_test_381,medqa_test_381__clinical_note__wrong,67,4.886617660522461,132.5046395814716,gemma-2-2b-it
medqa-sonnet,clinical_note,1,medqa_test_381,medqa_test_381__clinical_note__correct,79,4.699840545654297,109.92964229534522,gemma-2-2b-it
medqa-sonnet,patient,1,medqa_test_381,medqa_test_381__patient__correct,182,2.804410696029663,16.517339303804114,gemma-2-2b-it
medqa-sonnet,patient,0,medqa_test_381,medqa_test_381__patient__wrong,161,2.658698320388794,14.277692016988835,gemma-2-2b-it
medqa-sonnet,colloquial,1,medqa_test_381,medqa_test_381__colloquial__correct,119,4.325491905212402,75.60269307320085,gemma-2-2b-it
medqa-sonnet,textbook,1,medqa_test_1136,medqa_test_1136__textbook__correct,160,2.15793514251709,8.653251467556617,gemma-2-2b-it
medqa-sonnet,textbook,0,medqa_test_1136,medqa_test_1136__textbook__wrong,158,2.1452476978302,8.544157344440807,gemma-2-2b-it
medqa-sonnet,colloquial,0,medqa_test_381,medqa_test_381__colloquial__wrong,110,4.420374870300293,83.12744152718561,gemma-2-2b-it
medqa-sonnet,patient,1,medqa_test_1136,medqa_test_1136__patient__correct,145,2.9749011993408203,19.58768787751544,gemma-2-2b-it
medqa-sonnet,patient,0,medqa_test_1136,medqa_test_1136__patient__wrong,166,2.76102614402771,15.816064183979211,gemma-2-2b-it
medqa-sonnet,clinical_note,1,medqa_test_1136,medqa_test_1136__clinical_note__correct,80,4.752409934997559,115.86317105386188,gemma-2-2b-it
medqa-sonnet,clinical_note,0,medqa_test_1136,medqa_test_1136__clinical_note__wrong,79,4.561367511749268,95.71428077730174,gemma-2-2b-it
medqa-sonnet,textbook,0,medqa_test_176,medqa_test_176__textbook__wrong,131,1.971352815628052,7.180383656087432,gemma-2-2b-it
medqa-sonnet,textbook,1,medqa_test_176,medqa_test_176__textbook__correct,143,1.6226695775985718,5.066597955099137,gemma-2-2b-it
medqa-sonnet,clinical_note,1,medqa_test_176,medqa_test_176__clinical_note__correct,84,2.90320086479187,18.23241155281856,gemma-2-2b-it
medqa-sonnet,patient,1,medqa_test_176,medqa_test_176__patient__correct,176,1.93690288066864,6.93723222874066,gemma-2-2b-it
medqa-sonnet,colloquial,1,medqa_test_1136,medqa_test_1136__colloquial__correct,109,4.559271812438965,95.51390246477403,gemma-2-2b-it
medqa-sonnet,clinical_note,0,medqa_test_176,medqa_test_176__clinical_note__wrong,82,3.0732271671295166,21.6115342912218,gemma-2-2b-it
medqa-sonnet,patient,0,medqa_test_176,medqa_test_176__patient__wrong,158,1.8399343490600584,6.296124900940331,gemma-2-2b-it
medqa-sonnet,colloquial,0,medqa_test_1136,medqa_test_1136__colloquial__wrong,114,4.39714241027832,81.21844773983152,gemma-2-2b-it
medqa-sonnet,colloquial,1,medqa_test_176,medqa_test_176__colloquial__correct,101,2.813941240310669,16.67551107171902,gemma-2-2b-it
medqa-sonnet,textbook,0,medqa_test_805,medqa_test_805__textbook__wrong,94,2.084585905075073,8.041260946818397,gemma-2-2b-it
medqa-sonnet,clinical_note,0,medqa_test_805,medqa_test_805__clinical_note__wrong,43,5.272519111633301,194.90633535081133,gemma-2-2b-it
medqa-sonnet,textbook,1,medqa_test_805,medqa_test_805__textbook__correct,126,1.879788517951965,6.552119060102384,gemma-2-2b-it
medqa-sonnet,clinical_note,1,medqa_test_805,medqa_test_805__clinical_note__correct,64,4.311852931976318,74.57854997198483,gemma-2-2b-it
medqa-sonnet,colloquial,0,medqa_test_176,medqa_test_176__colloquial__wrong,100,2.9137508869171143,18.425782136508857,gemma-2-2b-it
medqa-sonnet,patient,0,medqa_test_805,medqa_test_805__patient__wrong,106,2.899578809738159,18.1664922082278,gemma-2-2b-it
medqa-sonnet,patient,1,medqa_test_805,medqa_test_805__patient__correct,129,2.681029796600342,14.60012071163536,gemma-2-2b-it
medqa-sonnet,colloquial,1,medqa_test_805,medqa_test_805__colloquial__correct,80,4.311782360076904,74.57328700776864,gemma-2-2b-it
medqa-sonnet,colloquial,0,medqa_test_805,medqa_test_805__colloquial__wrong,77,4.530434608459473,92.7988834990436,gemma-2-2b-it
medqa-sonnet,textbook,1,medqa_test_653,medqa_test_653__textbook__correct,244,1.418656587600708,4.131566312931669,gemma-2-2b-it
medqa-sonnet,clinical_note,0,medqa_test_653,medqa_test_653__clinical_note__wrong,155,2.6315219402313232,13.894901026779609,gemma-2-2b-it
medqa-sonnet,textbook,0,medqa_test_653,medqa_test_653__textbook__wrong,262,1.4672775268554688,4.3374105685360265,gemma-2-2b-it
medqa-sonnet,clinical_note,1,medqa_test_653,medqa_test_653__clinical_note__correct,142,2.6094653606414795,13.591782207231896,gemma-2-2b-it
medqa-sonnet,patient,0,medqa_test_653,medqa_test_653__patient__wrong,208,2.0341804027557373,7.645982930182727,gemma-2-2b-it
medqa-sonnet,patient,1,medqa_test_653,medqa_test_653__patient__correct,198,2.168835401535034,8.74809009367097,gemma-2-2b-it
medqa-sonnet,textbook,1,medqa_test_844,medqa_test_844__textbook__correct,134,2.458215713500977,11.683945423876995,gemma-2-2b-it
medqa-sonnet,colloquial,1,medqa_test_653,medqa_test_653__colloquial__correct,198,3.201657056808472,24.573215693080915,gemma-2-2b-it
medqa-sonnet,clinical_note,1,medqa_test_844,medqa_test_844__clinical_note__correct,79,4.451270580291748,85.73580905594251,gemma-2-2b-it
medqa-sonnet,colloquial,0,medqa_test_653,medqa_test_653__colloquial__wrong,192,3.270746946334839,26.33099984350825,gemma-2-2b-it
medqa-sonnet,textbook,0,medqa_test_844,medqa_test_844__textbook__wrong,125,2.368520021438598,10.681572082534885,gemma-2-2b-it
medqa-sonnet,clinical_note,0,medqa_test_844,medqa_test_844__clinical_note__wrong,83,3.6600937843322754,38.86498762733281,gemma-2-2b-it
medqa-sonnet,patient,0,medqa_test_844,medqa_test_844__patient__wrong,125,2.803413152694702,16.50087075748027,gemma-2-2b-it
medqa-sonnet,patient,1,medqa_test_844,medqa_test_844__patient__correct,150,2.800400495529175,16.451234097617096,gemma-2-2b-it
medqa-sonnet,colloquial,0,medqa_test_844,medqa_test_844__colloquial__wrong,121,3.833446502685547,46.22156678468817,gemma-2-2b-it
medqa-sonnet,colloquial,1,medqa_test_844,medqa_test_844__colloquial__correct,128,4.06351375579834,58.17837695954543,gemma-2-2b-it
medqa-sonnet,textbook,1,medqa_test_188,medqa_test_188__textbook__correct,168,1.8765203952789309,6.53074088352512,gemma-2-2b-it
medqa-sonnet,clinical_note,1,medqa_test_188,medqa_test_188__clinical_note__correct,87,4.070815086364746,58.604711030569085,gemma-2-2b-it
medqa-sonnet,clinical_note,0,medqa_test_188,medqa_test_188__clinical_note__wrong,100,4.214609146118164,67.66771251345907,gemma-2-2b-it
medqa-sonnet,textbook,0,medqa_test_188,medqa_test_188__textbook__wrong,158,1.9516775608062744,7.0404885270291215,gemma-2-2b-it
medqa-sonnet,patient,0,medqa_test_188,medqa_test_188__patient__wrong,196,2.3704679012298584,10.70239877829812,gemma-2-2b-it
medqa-sonnet,patient,1,medqa_test_188,medqa_test_188__patient__correct,241,2.449524164199829,11.582833880696572,gemma-2-2b-it
medqa-sonnet,textbook,0,medqa_test_297,medqa_test_297__textbook__wrong,229,1.373508095741272,3.949180526487975,gemma-2-2b-it
medqa-sonnet,colloquial,0,medqa_test_188,medqa_test_188__colloquial__wrong,118,3.9540200233459473,52.144568437917,gemma-2-2b-it
medqa-sonnet,colloquial,1,medqa_test_188,medqa_test_188__colloquial__correct,144,3.749805450439453,42.51281034689503,gemma-2-2b-it
medqa-sonnet,textbook,1,medqa_test_297,medqa_test_297__textbook__correct,230,1.393118381500244,4.027389428242223,gemma-2-2b-it
medqa-sonnet,patient,1,medqa_test_297,medqa_test_297__patient__correct,160,2.6610896587371826,14.31187566548038,gemma-2-2b-it
medqa-sonnet,patient,0,medqa_test_297,medqa_test_297__patient__wrong,137,2.9071056842803955,18.303745010271506,gemma-2-2b-it
medqa-sonnet,clinical_note,1,medqa_test_297,medqa_test_297__clinical_note__correct,102,3.658093214035034,38.78731320995529,gemma-2-2b-it
medqa-sonnet,clinical_note,0,medqa_test_297,medqa_test_297__clinical_note__wrong,104,3.631946325302124,37.786289504253645,gemma-2-2b-it
medqa-sonnet,textbook,0,medqa_test_797,medqa_test_797__textbook__wrong,144,1.9966471195220947,7.364322963779825,gemma-2-2b-it
medqa-sonnet,colloquial,0,medqa_test_297,medqa_test_297__colloquial__wrong,125,3.965412855148315,52.74203971797224,gemma-2-2b-it
medqa-sonnet,textbook,1,medqa_test_797,medqa_test_797__textbook__correct,179,1.8151381015777588,6.1419243283183205,gemma-2-2b-it
medqa-sonnet,colloquial,1,medqa_test_297,medqa_test_297__colloquial__correct,151,3.5730369091033936,35.62461776413247,gemma-2-2b-it
medqa-sonnet,patient,1,medqa_test_797,medqa_test_797__patient__correct,141,2.7820920944213867,16.152778761785285,gemma-2-2b-it
medqa-sonnet,clinical_note,1,medqa_test_797,medqa_test_797__clinical_note__correct,93,3.8774030208587646,48.29862154734195,gemma-2-2b-it
medqa-sonnet,patient,0,medqa_test_797,medqa_test_797__patient__wrong,142,2.870081901550293,17.638462758125407,gemma-2-2b-it
medqa-sonnet,clinical_note,0,medqa_test_797,medqa_test_797__clinical_note__wrong,96,3.90804123878479,49.80130750392232,gemma-2-2b-it
medqa-sonnet,colloquial,1,medqa_test_797,medqa_test_797__colloquial__correct,126,3.660167932510376,38.86786950219884,gemma-2-2b-it
medqa-sonnet,colloquial,0,medqa_test_797,medqa_test_797__colloquial__wrong,119,4.092139720916748,59.86785525430884,gemma-2-2b-it
medqa-sonnet,patient,1,medqa_test_522,medqa_test_522__patient__correct,144,2.579366683959961,13.188782846435444,gemma-2-2b-it
medqa-sonnet,textbook,1,medqa_test_522,medqa_test_522__textbook__correct,436,1.532539963722229,4.629921733401045,gemma-2-2b-it
medqa-sonnet,clinical_note,1,medqa_test_522,medqa_test_522__clinical_note__correct,196,3.690122842788696,40.04976648011763,gemma-2-2b-it
medqa-sonnet,textbook,0,medqa_test_522,medqa_test_522__textbook__wrong,426,1.6004749536514282,4.955385443974111,gemma-2-2b-it
medqa-sonnet,clinical_note,0,medqa_test_522,medqa_test_522__clinical_note__wrong,185,3.357088327407837,28.70548809789108,gemma-2-2b-it
medqa-sonnet,patient,0,medqa_test_522,medqa_test_522__patient__wrong,255,2.6524133682250977,14.188238804688783,gemma-2-2b-it
medqa-sonnet,textbook,0,medqa_test_508,medqa_test_508__textbook__wrong,146,2.9845962524414062,19.77851509690182,gemma-2-2b-it
medqa-sonnet,colloquial,0,medqa_test_522,medqa_test_522__colloquial__wrong,195,3.745265007019043,42.3202208885045,gemma-2-2b-it
medqa-sonnet,patient,0,medqa_test_508,medqa_test_508__patient__wrong,171,2.6872472763061523,14.6911794504543,gemma-2-2b-it
medqa-sonnet,textbook,1,medqa_test_508,medqa_test_508__textbook__correct,200,2.563427448272705,12.980230228259732,gemma-2-2b-it
medqa-sonnet,clinical_note,1,medqa_test_508,medqa_test_508__clinical_note__correct,136,4.158092498779297,63.9494225823536,gemma-2-2b-it
medqa-sonnet,patient,1,medqa_test_508,medqa_test_508__patient__correct,191,2.504708766937256,12.23999375580324,gemma-2-2b-it
medqa-sonnet,clinical_note,0,medqa_test_508,medqa_test_508__clinical_note__wrong,80,4.359340190887451,78.20551668347007,gemma-2-2b-it
medqa-sonnet,colloquial,1,medqa_test_522,medqa_test_522__colloquial__correct,292,3.547119617462158,34.71318609341524,gemma-2-2b-it
medqa-sonnet,textbook,0,medqa_test_354,medqa_test_354__textbook__wrong,137,1.9566106796264648,7.075305902000388,gemma-2-2b-it
medqa-sonnet,textbook,1,medqa_test_354,medqa_test_354__textbook__correct,138,1.90918231010437,6.747569123055414,gemma-2-2b-it
medqa-sonnet,patient,1,medqa_test_354,medqa_test_354__patient__correct,100,2.569050073623657,13.053418762842734,gemma-2-2b-it
medqa-sonnet,clinical_note,0,medqa_test_354,medqa_test_354__clinical_note__wrong,72,3.8884332180023193,48.83431382925976,gemma-2-2b-it
medqa-sonnet,patient,0,medqa_test_354,medqa_test_354__patient__wrong,130,2.4769411087036133,11.904793197241004,gemma-2-2b-it
medqa-sonnet,colloquial,0,medqa_test_508,medqa_test_508__colloquial__wrong,138,3.926725149154663,50.74053759231206,gemma-2-2b-it
medqa-sonnet,clinical_note,1,medqa_test_354,medqa_test_354__clinical_note__correct,74,3.9736576080322266,53.17868233384331,gemma-2-2b-it
medqa-sonnet,colloquial,1,medqa_test_508,medqa_test_508__colloquial__correct,164,3.898512363433838,49.32901085404058,gemma-2-2b-it
medqa-sonnet,patient,0,medqa_test_207,medqa_test_207__patient__wrong,71,3.027994394302368,20.65576370080318,gemma-2-2b-it
medqa-sonnet,textbook,0,medqa_test_207,medqa_test_207__textbook__wrong,115,1.6427825689315796,5.169534102719672,gemma-2-2b-it
medqa-sonnet,textbook,1,medqa_test_207,medqa_test_207__textbook__correct,142,1.8973873853683472,6.668449574914412,gemma-2-2b-it
medqa-sonnet,colloquial,1,medqa_test_354,medqa_test_354__colloquial__correct,120,3.808839082717896,45.09805335505035,gemma-2-2b-it
medqa-sonnet,clinical_note,1,medqa_test_207,medqa_test_207__clinical_note__correct,86,4.212372303009033,67.5165196174472,gemma-2-2b-it
medqa-sonnet,colloquial,0,medqa_test_354,medqa_test_354__colloquial__wrong,96,4.370599746704102,79.09105207584226,gemma-2-2b-it
medqa-sonnet,patient,1,medqa_test_207,medqa_test_207__patient__correct,107,2.412548303604126,11.162370040250876,gemma-2-2b-it
medqa-sonnet,clinical_note,0,medqa_test_207,medqa_test_207__clinical_note__wrong,61,5.174554824829102,176.71792632971716,gemma-2-2b-it
medqa-sonnet,colloquial,0,medqa_test_207,medqa_test_207__colloquial__wrong,68,4.420015335083008,83.09755965654809,gemma-2-2b-it
medqa-sonnet,colloquial,1,medqa_test_207,medqa_test_207__colloquial__correct,97,3.382091522216797,29.432265019115544,gemma-2-2b-it
medqa-sonnet,patient,0,medqa_test_113,medqa_test_113__patient__wrong,125,2.5936665534973145,13.378735633649976,gemma-2-2b-it
medqa-sonnet,clinical_note,0,medqa_test_113,medqa_test_113__clinical_note__wrong,106,3.5853359699249268,36.06547259774892,gemma-2-2b-it
medqa-sonnet,clinical_note,1,medqa_test_113,medqa_test_113__clinical_note__correct,105,3.536362648010254,34.3417786019141,gemma-2-2b-it
medqa-sonnet,textbook,0,medqa_test_113,medqa_test_113__textbook__wrong,216,1.7451791763305664,5.726927513354967,gemma-2-2b-it
medqa-sonnet,patient,1,medqa_test_113,medqa_test_113__patient__correct,116,2.7603445053100586,15.805287015755402,gemma-2-2b-it
medqa-sonnet,textbook,1,medqa_test_113,medqa_test_113__textbook__correct,207,1.7809053659439087,5.935227539692983,gemma-2-2b-it
medqa-sonnet,colloquial,0,medqa_test_113,medqa_test_113__colloquial__wrong,140,3.684306144714356,39.81748529024584,gemma-2-2b-it
medqa-sonnet,patient,0,medqa_test_700,medqa_test_700__patient__wrong,129,2.4028995037078857,11.05518450283977,gemma-2-2b-it
medqa-sonnet,colloquial,1,medqa_test_113,medqa_test_113__colloquial__correct,180,3.427182674407959,30.78977561781662,gemma-2-2b-it
medqa-sonnet,patient,1,medqa_test_700,medqa_test_700__patient__correct,130,2.1847457885742188,8.888388736174344,gemma-2-2b-it
medqa-sonnet,clinical_note,1,medqa_test_700,medqa_test_700__clinical_note__correct,117,3.765531539916992,43.18665519119234,gemma-2-2b-it
medqa-sonnet,textbook,0,medqa_test_700,medqa_test_700__textbook__wrong,197,2.130880355834961,8.422278150367069,gemma-2-2b-it
medqa-sonnet,textbook,1,medqa_test_700,medqa_test_700__textbook__correct,209,2.1273956298828125,8.392979896960426,gemma-2-2b-it
medqa-sonnet,clinical_note,0,medqa_test_700,medqa_test_700__clinical_note__wrong,119,3.915656328201294,50.181996564576885,gemma-2-2b-it
medqa-sonnet,colloquial,0,medqa_test_700,medqa_test_700__colloquial__wrong,93,3.5898516178131104,36.22869983391862,gemma-2-2b-it
medqa-sonnet,clinical_note,1,medqa_test_855,medqa_test_855__clinical_note__correct,101,4.205677509307861,67.06602013037568,gemma-2-2b-it
medqa-sonnet,colloquial,1,medqa_test_700,medqa_test_700__colloquial__correct,120,3.78367280960083,43.97726560538307,gemma-2-2b-it
medqa-sonnet,textbook,0,medqa_test_855,medqa_test_855__textbook__wrong,173,2.4608490467071533,11.71475369175508,gemma-2-2b-it
medqa-sonnet,clinical_note,0,medqa_test_855,medqa_test_855__clinical_note__wrong,108,4.0091962814331055,55.10256580634872,gemma-2-2b-it
medqa-sonnet,patient,1,medqa_test_855,medqa_test_855__patient__correct,207,2.388278007507324,10.894717159782932,gemma-2-2b-it
medqa-sonnet,patient,0,medqa_test_855,medqa_test_855__patient__wrong,167,2.425745964050293,11.310663621529253,gemma-2-2b-it
medqa-sonnet,textbook,1,medqa_test_855,medqa_test_855__textbook__correct,195,2.2607929706573486,9.590691289011962,gemma-2-2b-it
medqa-sonnet,colloquial,0,medqa_test_855,medqa_test_855__colloquial__wrong,109,4.294444561004639,73.29149418336259,gemma-2-2b-it
medqa-sonnet,colloquial,1,medqa_test_855,medqa_test_855__colloquial__correct,112,4.087328433990479,59.5805056400499,gemma-2-2b-it
medqa-sonnet,textbook,0,medqa_test_927,medqa_test_927__textbook__wrong,230,1.8089619874954224,6.104108002160444,gemma-2-2b-it
medqa-sonnet,textbook,1,medqa_test_927,medqa_test_927__textbook__correct,273,1.733572244644165,5.660839737035531,gemma-2-2b-it
medqa-sonnet,clinical_note,1,medqa_test_927,medqa_test_927__clinical_note__correct,142,3.0107107162475586,20.301823634963803,gemma-2-2b-it
medqa-sonnet,patient,1,medqa_test_927,medqa_test_927__patient__correct,195,2.3128247261047363,10.10292237550551,gemma-2-2b-it
medqa-sonnet,textbook,1,medqa_test_965,medqa_test_965__textbook__correct,154,2.2277536392211914,9.278998671712628,gemma-2-2b-it
medqa-sonnet,patient,0,medqa_test_927,medqa_test_927__patient__wrong,197,2.5060038566589355,12.255855915152496,gemma-2-2b-it
medqa-sonnet,clinical_note,0,medqa_test_927,medqa_test_927__clinical_note__wrong,134,3.493873119354248,32.91317782450825,gemma-2-2b-it
medqa-sonnet,textbook,0,medqa_test_965,medqa_test_965__textbook__wrong,137,2.3036577701568604,10.01073252686728,gemma-2-2b-it
medqa-sonnet,colloquial,1,medqa_test_927,medqa_test_927__colloquial__correct,174,3.688272476196289,39.97572825024736,gemma-2-2b-it
medqa-sonnet,colloquial,0,medqa_test_927,medqa_test_927__colloquial__wrong,163,3.9117393493652335,49.98581920818329,gemma-2-2b-it
medqa-sonnet,patient,1,medqa_test_965,medqa_test_965__patient__correct,159,2.6065428256988525,13.552117737430052,gemma-2-2b-it
medqa-sonnet,patient,0,medqa_test_965,medqa_test_965__patient__wrong,160,2.8940296173095703,18.065962035820828,gemma-2-2b-it
medqa-sonnet,clinical_note,1,medqa_test_965,medqa_test_965__clinical_note__correct,88,3.930628776550293,50.93899684840571,gemma-2-2b-it
medqa-sonnet,clinical_note,0,medqa_test_965,medqa_test_965__clinical_note__wrong,87,3.792942523956299,44.38681757793172,gemma-2-2b-it
medqa-sonnet,colloquial,1,medqa_test_965,medqa_test_965__colloquial__correct,147,3.975015878677368,53.250962453874855,gemma-2-2b-it
medqa-sonnet,clinical_note,0,medqa_test_744,medqa_test_744__clinical_note__wrong,108,3.809479951858521,45.12696456891073,gemma-2-2b-it
medqa-sonnet,textbook,1,medqa_test_744,medqa_test_744__textbook__correct,225,2.3031160831451416,10.005311311513216,gemma-2-2b-it
medqa-sonnet,clinical_note,1,medqa_test_744,medqa_test_744__clinical_note__correct,113,3.783503532409668,43.96982188743001,gemma-2-2b-it
medqa-sonnet,colloquial,0,medqa_test_965,medqa_test_965__colloquial__wrong,176,3.852484226226807,47.1099497579117,gemma-2-2b-it
medqa-sonnet,textbook,0,medqa_test_744,medqa_test_744__textbook__wrong,235,2.307263135910034,10.046890020411723,gemma-2-2b-it
medqa-sonnet,patient,1,medqa_test_744,medqa_test_744__patient__correct,230,2.539262056350708,12.670317539742832,gemma-2-2b-it
medqa-sonnet,patient,0,medqa_test_744,medqa_test_744__patient__wrong,229,2.398085355758667,11.002091111299276,gemma-2-2b-it
medqa-sonnet,colloquial,1,medqa_test_744,medqa_test_744__colloquial__correct,131,3.7771599292755127,43.69177762114081,gemma-2-2b-it
medqa-sonnet,colloquial,0,medqa_test_744,medqa_test_744__colloquial__wrong,127,4.076223373413086,58.92252075867617,gemma-2-2b-it
medqa-sonnet,patient,0,medqa_test_513,medqa_test_513__patient__wrong,131,2.642949342727661,14.054594355632434,gemma-2-2b-it
medqa-sonnet,textbook,0,medqa_test_513,medqa_test_513__textbook__wrong,207,2.0184340476989746,7.526529514328601,gemma-2-2b-it
medqa-sonnet,clinical_note,1,medqa_test_513,medqa_test_513__clinical_note__correct,133,3.3336548805236816,28.04063983403843,gemma-2-2b-it
medqa-sonnet,textbook,1,medqa_test_513,medqa_test_513__textbook__correct,241,1.9773908853530884,7.223870469339526,gemma-2-2b-it
medqa-sonnet,patient,1,medqa_test_513,medqa_test_513__patient__correct,163,2.407116413116455,11.101901646135554,gemma-2-2b-it
medqa-sonnet,clinical_note,0,medqa_test_513,medqa_test_513__clinical_note__wrong,138,3.4530320167541504,31.596046965971595,gemma-2-2b-it
medqa-sonnet,colloquial,1,medqa_test_513,medqa_test_513__colloquial__correct,140,4.0264201164245605,56.059863812930125,gemma-2-2b-it
medqa-sonnet,textbook,1,medqa_test_364,medqa_test_364__textbook__correct,133,2.718700408935547,15.160606847560816,gemma-2-2b-it
medqa-sonnet,textbook,0,medqa_test_364,medqa_test_364__textbook__wrong,116,3.0418248176574707,20.94342632007004,gemma-2-2b-it
medqa-sonnet,patient,1,medqa_test_364,medqa_test_364__patient__correct,126,2.974985122680664,19.58933181068316,gemma-2-2b-it
medqa-sonnet,clinical_note,1,medqa_test_364,medqa_test_364__clinical_note__correct,62,4.945323944091797,140.5163629249348,gemma-2-2b-it
medqa-sonnet,patient,0,medqa_test_364,medqa_test_364__patient__wrong,110,3.241180896759033,25.56389224722568,gemma-2-2b-it
medqa-sonnet,clinical_note,0,medqa_test_364,medqa_test_364__clinical_note__wrong,55,5.300053596496582,200.3475476136901,gemma-2-2b-it
medqa-sonnet,colloquial,0,medqa_test_513,medqa_test_513__colloquial__wrong,113,4.324947834014893,75.56157101312418,gemma-2-2b-it
medqa-sonnet,colloquial,1,medqa_test_364,medqa_test_364__colloquial__correct,98,4.339421272277832,76.66315940196964,gemma-2-2b-it
medqa-sonnet,colloquial,0,medqa_test_364,medqa_test_364__colloquial__wrong,83,4.609775543212891,100.46159781805558,gemma-2-2b-it
medqa-sonnet,clinical_note,1,medqa_test_1007,medqa_test_1007__clinical_note__correct,80,4.169266223907471,64.66798287385366,gemma-2-2b-it
medqa-sonnet,textbook,1,medqa_test_1007,medqa_test_1007__textbook__correct,208,2.2537732124328613,9.523602703276635,gemma-2-2b-it
medqa-sonnet,patient,0,medqa_test_1007,medqa_test_1007__patient__wrong,137,2.5414209365844727,12.697700785773632,gemma-2-2b-it
medqa-sonnet,textbook,0,medqa_test_1007,medqa_test_1007__textbook__wrong,215,2.0836997032165527,8.034137923107078,gemma-2-2b-it
medqa-sonnet,clinical_note,0,medqa_test_1007,medqa_test_1007__clinical_note__wrong,75,4.209075450897217,67.29429416068214,gemma-2-2b-it
medqa-sonnet,patient,1,medqa_test_1007,medqa_test_1007__patient__correct,241,2.295194625854492,9.926367752101752,gemma-2-2b-it
medqa-sonnet,clinical_note,1,medqa_test_243,medqa_test_243__clinical_note__correct,85,3.344709634780884,28.352341937338004,gemma-2-2b-it
medqa-sonnet,textbook,0,medqa_test_243,medqa_test_243__textbook__wrong,162,2.395724296569824,10.976145164995115,gemma-2-2b-it
medqa-sonnet,textbook,1,medqa_test_243,medqa_test_243__textbook__correct,162,2.404062509536743,11.06804922627979,gemma-2-2b-it
medqa-sonnet,patient,0,medqa_test_243,medqa_test_243__patient__wrong,131,2.747875452041626,15.609433640672515,gemma-2-2b-it
medqa-sonnet,patient,1,medqa_test_243,medqa_test_243__patient__correct,158,2.493384599685669,12.102167873882324,gemma-2-2b-it
medqa-sonnet,colloquial,1,medqa_test_1007,medqa_test_1007__colloquial__correct,196,3.524243831634521,33.928108551528254,gemma-2-2b-it
medqa-sonnet,colloquial,0,medqa_test_1007,medqa_test_1007__colloquial__wrong,173,3.5255684852600098,33.97308132362363,gemma-2-2b-it
medqa-sonnet,clinical_note,0,medqa_test_243,medqa_test_243__clinical_note__wrong,81,3.6755077838897705,39.46869333629581,gemma-2-2b-it
medqa-sonnet,textbook,0,medqa_test_786,medqa_test_786__textbook__wrong,138,2.25278377532959,9.514184357603895,gemma-2-2b-it
medqa-sonnet,colloquial,1,medqa_test_243,medqa_test_243__colloquial__correct,130,3.542287349700928,34.54584732186647,gemma-2-2b-it
medqa-sonnet,clinical_note,0,medqa_test_786,medqa_test_786__clinical_note__wrong,81,4.234519481658936,69.02850130204257,gemma-2-2b-it
medqa-sonnet,clinical_note,1,medqa_test_786,medqa_test_786__clinical_note__correct,84,3.955451250076294,52.21925257032242,gemma-2-2b-it
medqa-sonnet,textbook,1,medqa_test_786,medqa_test_786__textbook__correct,166,2.060931921005249,7.853285042471059,gemma-2-2b-it
medqa-sonnet,colloquial,0,medqa_test_243,medqa_test_243__colloquial__wrong,125,4.056628227233887,57.77916405632033,gemma-2-2b-it
medqa-sonnet,patient,0,medqa_test_786,medqa_test_786__patient__wrong,146,2.7509827613830566,15.65801241519138,gemma-2-2b-it
medqa-sonnet,patient,1,medqa_test_786,medqa_test_786__patient__correct,187,2.5308308601379395,12.563940678730823,gemma-2-2b-it
medqa-sonnet,patient,1,medqa_test_977,medqa_test_977__patient__correct,91,2.672985315322876,14.483141463453572,gemma-2-2b-it
medqa-sonnet,clinical_note,1,medqa_test_977,medqa_test_977__clinical_note__correct,38,3.916239976882935,50.21129376951975,gemma-2-2b-it
medqa-sonnet,colloquial,0,medqa_test_786,medqa_test_786__colloquial__wrong,113,3.906160116195679,49.70771319819036,gemma-2-2b-it
medqa-sonnet,textbook,1,medqa_test_977,medqa_test_977__textbook__correct,119,2.093909502029419,8.116585022898436,gemma-2-2b-it
medqa-sonnet,colloquial,1,medqa_test_786,medqa_test_786__colloquial__correct,115,4.067541599273682,58.41318291896548,gemma-2-2b-it
medqa-sonnet,textbook,0,medqa_test_977,medqa_test_977__textbook__wrong,84,2.1038990020751958,8.198071978699005,gemma-2-2b-it
medqa-sonnet,patient,0,medqa_test_977,medqa_test_977__patient__wrong,89,2.733879566192627,15.392487507288893,gemma-2-2b-it
medqa-sonnet,clinical_note,0,medqa_test_977,medqa_test_977__clinical_note__wrong,34,4.150173187255859,63.44498720993223,gemma-2-2b-it
medqa-sonnet,colloquial,1,medqa_test_977,medqa_test_977__colloquial__correct,64,4.065156936645508,58.274053139390304,gemma-2-2b-it
medqa-sonnet,colloquial,0,medqa_test_977,medqa_test_977__colloquial__wrong,60,3.9759268760681152,53.299496045356136,gemma-2-2b-it
medqa-sonnet,clinical_note,1,medqa_test_984,medqa_test_984__clinical_note__correct,65,4.477889060974121,88.04861111306347,gemma-2-2b-it
medqa-sonnet,clinical_note,0,medqa_test_984,medqa_test_984__clinical_note__wrong,56,4.52410364151001,92.21323265884897,gemma-2-2b-it
medqa-sonnet,textbook,0,medqa_test_984,medqa_test_984__textbook__wrong,126,2.546539068222046,12.762855883844573,gemma-2-2b-it
medqa-sonnet,textbook,1,medqa_test_984,medqa_test_984__textbook__correct,127,2.704154253005981,14.941674468951453,gemma-2-2b-it
medqa-sonnet,patient,0,medqa_test_984,medqa_test_984__patient__wrong,139,2.530697822570801,12.562269313808878,gemma-2-2b-it
medqa-sonnet,patient,1,medqa_test_984,medqa_test_984__patient__correct,146,2.666898727416992,14.395256281545649,gemma-2-2b-it
medqa-sonnet,colloquial,1,medqa_test_984,medqa_test_984__colloquial__correct,113,3.890947341918945,48.95724381146258,gemma-2-2b-it
medqa-sonnet,colloquial,0,medqa_test_984,medqa_test_984__colloquial__wrong,89,4.068540573120117,58.47156531737791,gemma-2-2b-it
medqa-sonnet,textbook,1,medqa_test_483,medqa_test_483__textbook__correct,221,1.3217183351516724,3.749859359522439,gemma-2-2b-it
medqa-sonnet,textbook,0,medqa_test_483,medqa_test_483__textbook__wrong,228,1.3611572980880735,3.9007049690225215,gemma-2-2b-it
medqa-sonnet,clinical_note,1,medqa_test_483,medqa_test_483__clinical_note__correct,138,2.6566147804260254,14.247974844304304,gemma-2-2b-it
medqa-sonnet,patient,1,medqa_test_483,medqa_test_483__patient__correct,143,2.617290735244751,13.69856023868525,gemma-2-2b-it
medqa-sonnet,clinical_note,0,medqa_test_483,medqa_test_483__clinical_note__wrong,142,2.4917893409729004,12.08287717605601,gemma-2-2b-it
medqa-sonnet,patient,0,medqa_test_483,medqa_test_483__patient__wrong,120,2.868743896484375,17.614878187256217,gemma-2-2b-it
medqa-sonnet,textbook,1,medqa_test_697,medqa_test_697__textbook__correct,122,2.015688419342041,7.505892804796313,gemma-2-2b-it
medqa-sonnet,colloquial,1,medqa_test_483,medqa_test_483__colloquial__correct,117,3.345097064971924,28.36332861873983,gemma-2-2b-it
medqa-sonnet,textbook,0,medqa_test_697,medqa_test_697__textbook__wrong,111,2.141070604324341,8.508542036305434,gemma-2-2b-it
medqa-sonnet,clinical_note,1,medqa_test_697,medqa_test_697__clinical_note__correct,75,3.551306962966919,34.85884695049392,gemma-2-2b-it
medqa-sonnet,clinical_note,0,medqa_test_697,medqa_test_697__clinical_note__wrong,59,3.5263805389404297,34.00068049383491,gemma-2-2b-it
medqa-sonnet,colloquial,0,medqa_test_483,medqa_test_483__colloquial__wrong,144,3.2903027534484863,26.850991655765547,gemma-2-2b-it
medqa-sonnet,patient,1,medqa_test_697,medqa_test_697__patient__correct,150,2.4372246265411377,11.441242915858052,gemma-2-2b-it
medqa-sonnet,patient,0,medqa_test_697,medqa_test_697__patient__wrong,124,2.4309182167053223,11.369316785208271,gemma-2-2b-it
medqa-sonnet,colloquial,0,medqa_test_697,medqa_test_697__colloquial__wrong,95,3.859019279479981,47.41882394370567,gemma-2-2b-it
medqa-sonnet,colloquial,1,medqa_test_697,medqa_test_697__colloquial__correct,121,3.492663860321045,32.873401321807265,gemma-2-2b-it
medqa-sonnet,textbook,1,medqa_test_905,medqa_test_905__textbook__correct,199,2.47399377822876,11.869757493714522,gemma-2-2b-it
medqa-sonnet,patient,1,medqa_test_905,medqa_test_905__patient__correct,90,2.869502544403076,17.628246748305475,gemma-2-2b-it
medqa-sonnet,clinical_note,1,medqa_test_905,medqa_test_905__clinical_note__correct,80,4.52800989151001,92.574145047007,gemma-2-2b-it
medqa-sonnet,textbook,0,medqa_test_905,medqa_test_905__textbook__wrong,175,2.82556676864624,16.870503949657667,gemma-2-2b-it
medqa-sonnet,patient,0,medqa_test_905,medqa_test_905__patient__wrong,103,3.202958822250366,24.60522508590684,gemma-2-2b-it
medqa-sonnet,clinical_note,0,medqa_test_905,medqa_test_905__clinical_note__wrong,122,3.4753379821777344,32.30874647196543,gemma-2-2b-it
medqa-sonnet,colloquial,1,medqa_test_905,medqa_test_905__colloquial__correct,67,4.68616247177124,108.4362531526782,gemma-2-2b-it
medqa-sonnet,colloquial,0,medqa_test_905,medqa_test_905__colloquial__wrong,65,4.6291046142578125,102.42231556041672,gemma-2-2b-it
medqa-sonnet,textbook,1,medqa_test_368,medqa_test_368__textbook__correct,158,1.605390191078186,4.979802298131694,gemma-2-2b-it
medqa-sonnet,textbook,0,medqa_test_368,medqa_test_368__textbook__wrong,142,1.9135006666183472,6.776770537811808,gemma-2-2b-it
medqa-sonnet,clinical_note,1,medqa_test_368,medqa_test_368__clinical_note__correct,110,3.4309675693511963,30.906532500741115,gemma-2-2b-it
medqa-sonnet,patient,0,medqa_test_368,medqa_test_368__patient__wrong,160,2.2968556880950928,9.942869768404908,gemma-2-2b-it
medqa-sonnet,clinical_note,0,medqa_test_368,medqa_test_368__clinical_note__wrong,107,3.530906915664673,34.154929213182136,gemma-2-2b-it
medqa-sonnet,patient,1,medqa_test_368,medqa_test_368__patient__correct,219,2.1396260261535645,8.49625965577996,gemma-2-2b-it
medqa-sonnet,colloquial,0,medqa_test_368,medqa_test_368__colloquial__wrong,101,4.452405452728272,85.8331634944487,gemma-2-2b-it
medqa-sonnet,colloquial,1,medqa_test_368,medqa_test_368__colloquial__correct,114,4.030811309814453,56.30657479773136,gemma-2-2b-it
medqa-sonnet,patient,1,medqa_test_537,medqa_test_537__patient__correct,101,3.1220791339874268,22.69351348258826,gemma-2-2b-it
medqa-sonnet,textbook,0,medqa_test_537,medqa_test_537__textbook__wrong,220,1.9675217866897583,7.152928023753927,gemma-2-2b-it
medqa-sonnet,patient,0,medqa_test_537,medqa_test_537__patient__wrong,109,2.775974750518799,16.05426827757589,gemma-2-2b-it
medqa-sonnet,clinical_note,1,medqa_test_537,medqa_test_537__clinical_note__correct,107,3.3269236087799072,27.8525245054361,gemma-2-2b-it
medqa-sonnet,textbook,1,medqa_test_537,medqa_test_537__textbook__correct,232,1.922837734222412,6.840342026252626,gemma-2-2b-it
medqa-sonnet,clinical_note,0,medqa_test_537,medqa_test_537__clinical_note__wrong,98,3.66499662399292,39.05600430952972,gemma-2-2b-it
medqa-sonnet,colloquial,0,medqa_test_537,medqa_test_537__colloquial__wrong,78,4.63417387008667,102.9428386983802,gemma-2-2b-it
medqa-sonnet,colloquial,1,medqa_test_537,medqa_test_537__colloquial__correct,182,3.0697758197784424,21.53707394776076,gemma-2-2b-it
medqa-sonnet,clinical_note,1,medqa_test_1091,medqa_test_1091__clinical_note__correct,114,3.0765485763549805,21.683434379302327,gemma-2-2b-it
medqa-sonnet,textbook,0,medqa_test_1091,medqa_test_1091__textbook__wrong,247,1.672440528869629,5.32514812904506,gemma-2-2b-it
medqa-sonnet,patient,1,medqa_test_1091,medqa_test_1091__patient__correct,159,2.81994366645813,16.775905599339985,gemma-2-2b-it
medqa-sonnet,textbook,1,medqa_test_1091,medqa_test_1091__textbook__correct,262,1.6108028888702393,5.0068295422024045,gemma-2-2b-it
medqa-sonnet,clinical_note,0,medqa_test_1091,medqa_test_1091__clinical_note__wrong,143,3.397773504257202,29.897459321380847,gemma-2-2b-it
medqa-sonnet,patient,0,medqa_test_1091,medqa_test_1091__patient__wrong,192,2.680929183959961,14.59865182883601,gemma-2-2b-it
medqa-sonnet,textbook,0,medqa_test_97,medqa_test_97__textbook__wrong,125,2.206439018249512,9.083313221114944,gemma-2-2b-it
medqa-sonnet,textbook,1,medqa_test_97,medqa_test_97__textbook__correct,158,2.219411611557007,9.2019149722908,gemma-2-2b-it
medqa-sonnet,clinical_note,1,medqa_test_97,medqa_test_97__clinical_note__correct,102,3.314577102661133,27.51075729812841,gemma-2-2b-it
medqa-sonnet,colloquial,1,medqa_test_1091,medqa_test_1091__colloquial__correct,213,3.42881178855896,30.839976557409464,gemma-2-2b-it
medqa-sonnet,patient,0,medqa_test_97,medqa_test_97__patient__wrong,132,2.6154744625091557,13.673702498258402,gemma-2-2b-it
medqa-sonnet,colloquial,0,medqa_test_1091,medqa_test_1091__colloquial__wrong,181,3.7660374641418457,43.208509894189646,gemma-2-2b-it
medqa-sonnet,clinical_note,0,medqa_test_97,medqa_test_97__clinical_note__wrong,74,3.6071064472198486,36.85924419264435,gemma-2-2b-it
medqa-sonnet,patient,1,medqa_test_97,medqa_test_97__patient__correct,172,2.2208144664764404,9.214832982906705,gemma-2-2b-it
medqa-sonnet,colloquial,1,medqa_test_97,medqa_test_97__colloquial__correct,141,3.5313470363616943,34.16996481293077,gemma-2-2b-it
medqa-sonnet,colloquial,0,medqa_test_97,medqa_test_97__colloquial__wrong,116,3.878149271011353,48.33467785287991,gemma-2-2b-it
medqa-sonnet,patient,0,medqa_test_264,medqa_test_264__patient__wrong,171,3.108809232711792,22.39436204389813,gemma-2-2b-it
medqa-sonnet,clinical_note,1,medqa_test_264,medqa_test_264__clinical_note__correct,149,3.6658775806427,39.09042611607354,gemma-2-2b-it
medqa-sonnet,textbook,1,medqa_test_264,medqa_test_264__textbook__correct,332,2.0038259029388428,7.417380058184898,gemma-2-2b-it
medqa-sonnet,clinical_note,0,medqa_test_264,medqa_test_264__clinical_note__wrong,177,3.688380718231201,39.980055538613286,gemma-2-2b-it
medqa-sonnet,textbook,0,medqa_test_264,medqa_test_264__textbook__wrong,316,2.1662368774414062,8.725387480207996,gemma-2-2b-it
medqa-sonnet,patient,1,medqa_test_264,medqa_test_264__patient__correct,242,2.6355252265930176,13.950637785221844,gemma-2-2b-it
medqa-sonnet,textbook,1,medqa_test_750,medqa_test_750__textbook__correct,168,2.5051307678222656,12.245160134032126,gemma-2-2b-it
medqa-sonnet,clinical_note,1,medqa_test_750,medqa_test_750__clinical_note__correct,82,3.836684703826904,46.37148411523905,gemma-2-2b-it
medqa-sonnet,textbook,0,medqa_test_750,medqa_test_750__textbook__wrong,172,2.509190082550049,12.29496811765421,gemma-2-2b-it
medqa-sonnet,patient,0,medqa_test_750,medqa_test_750__patient__wrong,127,2.670546054840088,14.44785636108856,gemma-2-2b-it
medqa-sonnet,patient,1,medqa_test_750,medqa_test_750__patient__correct,149,2.4984006881713867,12.1630259258889,gemma-2-2b-it
medqa-sonnet,colloquial,0,medqa_test_264,medqa_test_264__colloquial__wrong,261,3.4056763648986816,30.13467086623273,gemma-2-2b-it
medqa-sonnet,colloquial,1,medqa_test_264,medqa_test_264__colloquial__correct,278,3.513437032699585,33.56342836603815,gemma-2-2b-it
medqa-sonnet,clinical_note,0,medqa_test_750,medqa_test_750__clinical_note__wrong,81,4.292705059051514,73.1641143069746,gemma-2-2b-it
medqa-sonnet,textbook,0,medqa_test_952,medqa_test_952__textbook__wrong,138,2.1198959350585938,8.3302705534627,gemma-2-2b-it
medqa-sonnet,textbook,1,medqa_test_952,medqa_test_952__textbook__correct,141,2.0383780002593994,7.678145143833004,gemma-2-2b-it
medqa-sonnet,patient,1,medqa_test_952,medqa_test_952__patient__correct,126,2.484451532363892,11.994539833513397,gemma-2-2b-it
medqa-sonnet,colloquial,0,medqa_test_750,medqa_test_750__colloquial__wrong,120,3.794632911682129,44.46191196098452,gemma-2-2b-it
medqa-sonnet,clinical_note,0,medqa_test_952,medqa_test_952__clinical_note__wrong,79,4.035219192504883,56.55531538105497,gemma-2-2b-it
medqa-sonnet,patient,0,medqa_test_952,medqa_test_952__patient__wrong,105,2.470794439315796,11.83184279999543,gemma-2-2b-it
medqa-sonnet,clinical_note,1,medqa_test_952,medqa_test_952__clinical_note__correct,96,3.84696888923645,46.85083771135144,gemma-2-2b-it
medqa-sonnet,colloquial,1,medqa_test_750,medqa_test_750__colloquial__correct,125,3.78246808052063,43.92431681551806,gemma-2-2b-it
medqa-sonnet,clinical_note,1,medqa_test_637,medqa_test_637__clinical_note__correct,81,4.876503467559815,131.17121670350903,gemma-2-2b-it
medqa-sonnet,clinical_note,0,medqa_test_637,medqa_test_637__clinical_note__wrong,87,5.131922721862793,169.34240356952208,gemma-2-2b-it
medqa-sonnet,textbook,1,medqa_test_637,medqa_test_637__textbook__correct,143,3.2231345176696777,25.10669434800803,gemma-2-2b-it
medqa-sonnet,colloquial,0,medqa_test_952,medqa_test_952__colloquial__wrong,118,3.908632516860962,49.83076263244181,gemma-2-2b-it
medqa-sonnet,colloquial,1,medqa_test_952,medqa_test_952__colloquial__correct,104,4.018354415893555,55.60952034880648,gemma-2-2b-it
medqa-sonnet,patient,0,medqa_test_637,medqa_test_637__patient__wrong,152,2.904574394226074,18.257471513099603,gemma-2-2b-it
medqa-sonnet,textbook,0,medqa_test_637,medqa_test_637__textbook__wrong,176,2.7972772121429443,16.399932388069153,gemma-2-2b-it
medqa-sonnet,patient,1,medqa_test_637,medqa_test_637__patient__correct,187,2.6277918815612797,13.843168772887022,gemma-2-2b-it
medqa-sonnet,textbook,0,medqa_test_616,medqa_test_616__textbook__wrong,99,2.1575772762298584,8.650155314618864,gemma-2-2b-it
medqa-sonnet,colloquial,1,medqa_test_637,medqa_test_637__colloquial__correct,131,4.050385475158691,57.41958660423285,gemma-2-2b-it
medqa-sonnet,clinical_note,1,medqa_test_616,medqa_test_616__clinical_note__correct,62,4.875545501708984,131.04561932589965,gemma-2-2b-it
medqa-sonnet,clinical_note,0,medqa_test_616,medqa_test_616__clinical_note__wrong,55,4.887007236480713,132.5562702597919,gemma-2-2b-it
medqa-sonnet,textbook,1,medqa_test_616,medqa_test_616__textbook__correct,142,2.2744107246398926,9.72218827823676,gemma-2-2b-it
medqa-sonnet,colloquial,0,medqa_test_637,medqa_test_637__colloquial__wrong,131,4.224355697631836,68.33046388295367,gemma-2-2b-it
medqa-sonnet,patient,0,medqa_test_616,medqa_test_616__patient__wrong,122,2.511005401611328,12.31730767821628,gemma-2-2b-it
medqa-sonnet,patient,1,medqa_test_616,medqa_test_616__patient__correct,129,2.6635046005249023,14.346479778727716,gemma-2-2b-it
medqa-sonnet,colloquial,1,medqa_test_616,medqa_test_616__colloquial__correct,91,4.254542350769043,70.42458005744233,gemma-2-2b-it
medqa-sonnet,colloquial,0,medqa_test_616,medqa_test_616__colloquial__wrong,94,4.041999340057373,56.94007164237907,gemma-2-2b-it
medqa-sonnet,clinical_note,1,medqa_test_803,medqa_test_803__clinical_note__correct,130,3.178077459335327,24.00056710239716,gemma-2-2b-it
medqa-sonnet,patient,0,medqa_test_803,medqa_test_803__patient__wrong,115,2.559922695159912,12.934817352905569,gemma-2-2b-it
medqa-sonnet,clinical_note,0,medqa_test_803,medqa_test_803__clinical_note__wrong,123,3.260788917541504,26.070096187947605,gemma-2-2b-it
medqa-sonnet,textbook,1,medqa_test_803,medqa_test_803__textbook__correct,230,1.7620398998260498,5.824306285991573,gemma-2-2b-it
medqa-sonnet,textbook,0,medqa_test_803,medqa_test_803__textbook__wrong,221,1.795497179031372,6.022468222510033,gemma-2-2b-it
medqa-sonnet,patient,1,medqa_test_803,medqa_test_803__patient__correct,147,2.9545857906341557,19.193770833428857,gemma-2-2b-it
medqa-sonnet,textbook,1,medqa_test_613,medqa_test_613__textbook__correct,217,1.9291300773620603,6.8835195067735375,gemma-2-2b-it
medqa-sonnet,colloquial,1,medqa_test_803,medqa_test_803__colloquial__correct,164,3.687843799591065,39.95859526328737,gemma-2-2b-it
medqa-sonnet,textbook,0,medqa_test_613,medqa_test_613__textbook__wrong,223,1.8677620887756348,6.473792403328714,gemma-2-2b-it
medqa-sonnet,clinical_note,1,medqa_test_613,medqa_test_613__clinical_note__correct,109,3.7746663093566895,43.5829626621361,gemma-2-2b-it
medqa-sonnet,clinical_note,0,medqa_test_613,medqa_test_613__clinical_note__wrong,106,3.95842719078064,52.37488543182075,gemma-2-2b-it
medqa-sonnet,patient,1,medqa_test_613,medqa_test_613__patient__correct,167,2.75049352645874,15.650353842245924,gemma-2-2b-it
medqa-sonnet,colloquial,0,medqa_test_803,medqa_test_803__colloquial__wrong,158,3.571449041366577,35.56809546978811,gemma-2-2b-it
medqa-sonnet,patient,0,medqa_test_613,medqa_test_613__patient__wrong,133,2.916008949279785,18.46743571214102,gemma-2-2b-it
medqa-sonnet,clinical_note,1,medqa_test_1189,medqa_test_1189__clinical_note__correct,73,4.317763805389404,75.0206797394689,gemma-2-2b-it
medqa-sonnet,textbook,1,medqa_test_1189,medqa_test_1189__textbook__correct,161,2.7156872749328613,15.114994659893208,gemma-2-2b-it
medqa-sonnet,textbook,0,medqa_test_1189,medqa_test_1189__textbook__wrong,131,3.2728679180145264,26.38690641564422,gemma-2-2b-it
medqa-sonnet,clinical_note,0,medqa_test_1189,medqa_test_1189__clinical_note__wrong,83,4.497200012207031,89.76543696669228,gemma-2-2b-it
medqa-sonnet,patient,1,medqa_test_1189,medqa_test_1189__patient__correct,172,2.444486379623413,11.52462879426474,gemma-2-2b-it
medqa-sonnet,colloquial,0,medqa_test_613,medqa_test_613__colloquial__wrong,169,3.7096123695373535,40.83797341596167,gemma-2-2b-it
medqa-sonnet,patient,0,medqa_test_1189,medqa_test_1189__patient__wrong,158,2.6808669567108154,14.597743423155556,gemma-2-2b-it
medqa-sonnet,clinical_note,1,medqa_test_143,medqa_test_143__clinical_note__correct,60,4.568704605102539,96.41912799352173,gemma-2-2b-it
medqa-sonnet,colloquial,0,medqa_test_1189,medqa_test_1189__colloquial__wrong,112,3.761402130126953,43.00868749810626,gemma-2-2b-it
medqa-sonnet,textbook,0,medqa_test_143,medqa_test_143__textbook__wrong,118,2.198185443878174,9.008651954898912,gemma-2-2b-it
medqa-sonnet,textbook,1,medqa_test_143,medqa_test_143__textbook__correct,142,2.2114908695220947,9.12931687253379,gemma-2-2b-it
medqa-sonnet,colloquial,1,medqa_test_1189,medqa_test_1189__colloquial__correct,120,3.793745517730713,44.422474230231806,gemma-2-2b-it
medqa-sonnet,patient,1,medqa_test_143,medqa_test_143__patient__correct,123,2.759951114654541,15.799070586358416,gemma-2-2b-it
medqa-sonnet,patient,0,medqa_test_143,medqa_test_143__patient__wrong,118,3.040269613265991,20.910880325880797,gemma-2-2b-it
medqa-sonnet,clinical_note,0,medqa_test_143,medqa_test_143__clinical_note__wrong,59,4.345226764678955,77.10952121270279,gemma-2-2b-it
medqa-sonnet,textbook,0,medqa_test_174,medqa_test_174__textbook__wrong,132,2.52712082862854,12.517414423234358,gemma-2-2b-it
medqa-sonnet,colloquial,0,medqa_test_143,medqa_test_143__colloquial__wrong,95,4.17033576965332,64.73718524078076,gemma-2-2b-it
medqa-sonnet,colloquial,1,medqa_test_143,medqa_test_143__colloquial__correct,102,4.265644550323486,71.21080413132059,gemma-2-2b-it
medqa-sonnet,textbook,1,medqa_test_174,medqa_test_174__textbook__correct,158,2.710399627685547,15.035282829729576,gemma-2-2b-it
medqa-sonnet,patient,0,medqa_test_174,medqa_test_174__patient__wrong,101,3.1160755157470703,22.55767844994274,gemma-2-2b-it
medqa-sonnet,clinical_note,0,medqa_test_174,medqa_test_174__clinical_note__wrong,41,6.152804851531982,470.033914932685,gemma-2-2b-it
medqa-sonnet,patient,1,medqa_test_174,medqa_test_174__patient__correct,147,2.9217824935913086,18.57436665879013,gemma-2-2b-it
medqa-sonnet,clinical_note,1,medqa_test_174,medqa_test_174__clinical_note__correct,63,5.523706436157227,250.56201033984055,gemma-2-2b-it
medqa-sonnet,colloquial,1,medqa_test_613,medqa_test_613__colloquial__correct,144,3.9980783462524414,54.49333203772572,gemma-2-2b-it
medqa-sonnet,textbook,1,medqa_test_132,medqa_test_132__textbook__correct,269,1.449773907661438,4.262150766590716,gemma-2-2b-it
medqa-sonnet,colloquial,1,medqa_test_174,medqa_test_174__colloquial__correct,118,4.236106872558594,69.13816353221225,gemma-2-2b-it
medqa-sonnet,colloquial,0,medqa_test_174,medqa_test_174__colloquial__wrong,115,4.352295398712158,77.6565111569445,gemma-2-2b-it
medqa-sonnet,textbook,0,medqa_test_132,medqa_test_132__textbook__wrong,237,1.3940670490264893,4.031211894646538,gemma-2-2b-it
medqa-sonnet,clinical_note,1,medqa_test_132,medqa_test_132__clinical_note__correct,127,3.067992687225342,21.49870470899176,gemma-2-2b-it
medqa-sonnet,clinical_note,0,medqa_test_132,medqa_test_132__clinical_note__wrong,133,3.041775941848755,20.94240271818625,gemma-2-2b-it
medqa-sonnet,patient,0,medqa_test_132,medqa_test_132__patient__wrong,208,2.07993221282959,8.00392633238827,gemma-2-2b-it
medqa-sonnet,patient,1,medqa_test_132,medqa_test_132__patient__correct,237,2.0698134899139404,7.923345196235698,gemma-2-2b-it
medqa-sonnet,colloquial,0,medqa_test_132,medqa_test_132__colloquial__wrong,137,3.540271043777466,34.476262500998324,gemma-2-2b-it
medqa-sonnet,textbook,1,medqa_test_809,medqa_test_809__textbook__correct,178,1.5740927457809448,4.82636089491137,gemma-2-2b-it
medqa-sonnet,textbook,0,medqa_test_809,medqa_test_809__textbook__wrong,238,1.7557274103164673,5.7876562119657065,gemma-2-2b-it
medqa-sonnet,colloquial,1,medqa_test_132,medqa_test_132__colloquial__correct,177,3.332019567489624,27.9948220836274,gemma-2-2b-it
medqa-sonnet,clinical_note,0,medqa_test_809,medqa_test_809__clinical_note__wrong,82,3.096652030944824,22.12375749601444,gemma-2-2b-it
medqa-sonnet,clinical_note,1,medqa_test_809,medqa_test_809__clinical_note__correct,90,3.3303136825561523,27.947106848341324,gemma-2-2b-it
medqa-sonnet,patient,1,medqa_test_809,medqa_test_809__patient__correct,233,2.1921353340148926,8.954313164428353,gemma-2-2b-it
medqa-sonnet,textbook,1,medqa_test_840,medqa_test_840__textbook__correct,83,2.1072518825531006,8.225605266310454,gemma-2-2b-it
medqa-sonnet,patient,0,medqa_test_809,medqa_test_809__patient__wrong,172,2.2723817825317383,9.70248251873832,gemma-2-2b-it
medqa-sonnet,textbook,0,medqa_test_840,medqa_test_840__textbook__wrong,82,2.1302051544189453,8.416593335647311,gemma-2-2b-it
medqa-sonnet,patient,1,medqa_test_840,medqa_test_840__patient__correct,88,2.7210068702697754,15.19561455750345,gemma-2-2b-it
medqa-sonnet,clinical_note,1,medqa_test_840,medqa_test_840__clinical_note__correct,51,3.6654109954833984,39.07219135774162,gemma-2-2b-it
medqa-sonnet,patient,0,medqa_test_840,medqa_test_840__patient__wrong,92,3.039499044418335,20.89477325952338,gemma-2-2b-it
medqa-sonnet,colloquial,0,medqa_test_809,medqa_test_809__colloquial__wrong,179,3.368083953857422,29.02286460114296,gemma-2-2b-it
medqa-sonnet,clinical_note,0,medqa_test_840,medqa_test_840__clinical_note__wrong,56,3.4682328701019287,32.08000279428409,gemma-2-2b-it
medqa-sonnet,colloquial,1,medqa_test_840,medqa_test_840__colloquial__correct,69,4.377528190612793,79.64093270269537,gemma-2-2b-it
medqa-sonnet,colloquial,1,medqa_test_809,medqa_test_809__colloquial__correct,146,3.4369044303894043,31.090566039602415,gemma-2-2b-it
medqa-sonnet,colloquial,0,medqa_test_840,medqa_test_840__colloquial__wrong,70,4.213191032409668,67.57182001202692,gemma-2-2b-it
medqa-sonnet,clinical_note,0,medqa_test_526,medqa_test_526__clinical_note__wrong,79,4.976876735687256,145.02073550615236,gemma-2-2b-it
medqa-sonnet,textbook,1,medqa_test_526,medqa_test_526__textbook__correct,160,2.8745713233947754,17.717827275234548,gemma-2-2b-it
medqa-sonnet,textbook,0,medqa_test_526,medqa_test_526__textbook__wrong,146,2.72108006477356,15.196726833676438,gemma-2-2b-it
medqa-sonnet,clinical_note,1,medqa_test_526,medqa_test_526__clinical_note__correct,97,4.550878047943115,94.71553659636452,gemma-2-2b-it
medqa-sonnet,patient,0,medqa_test_526,medqa_test_526__patient__wrong,175,3.0405967235565186,20.917721608885408,gemma-2-2b-it
medqa-sonnet,colloquial,1,medqa_test_526,medqa_test_526__colloquial__correct,113,4.803522109985352,121.9391451433193,gemma-2-2b-it
medqa-sonnet,patient,1,medqa_test_526,medqa_test_526__patient__correct,163,2.9267513751983643,18.666890166456056,gemma-2-2b-it
medqa-sonnet,colloquial,0,medqa_test_526,medqa_test_526__colloquial__wrong,114,4.746902942657471,115.22686712689227,gemma-2-2b-it
medqa-sonnet,patient,1,medqa_test_831,medqa_test_831__patient__correct,117,2.282402992248535,9.800201946486393,gemma-2-2b-it
medqa-sonnet,textbook,1,medqa_test_831,medqa_test_831__textbook__correct,223,1.9761887788772583,7.215191825240009,gemma-2-2b-it
medqa-sonnet,clinical_note,1,medqa_test_831,medqa_test_831__clinical_note__correct,84,3.468689441680908,32.094652955982774,gemma-2-2b-it
medqa-sonnet,clinical_note,0,medqa_test_831,medqa_test_831__clinical_note__wrong,88,3.2573602199554443,25.980862776689275,gemma-2-2b-it
medqa-sonnet,textbook,0,medqa_test_831,medqa_test_831__textbook__wrong,217,1.938794732093811,6.950368863782095,gemma-2-2b-it
medqa-sonnet,patient,0,medqa_test_831,medqa_test_831__patient__wrong,179,2.3726449012756348,10.72572328043763,gemma-2-2b-it
medqa-sonnet,colloquial,1,medqa_test_831,medqa_test_831__colloquial__correct,130,3.5789241790771484,35.834968093650616,gemma-2-2b-it
medqa-sonnet,textbook,0,medqa_test_1218,medqa_test_1218__textbook__wrong,163,1.729185938835144,5.6360639396482215,gemma-2-2b-it
medqa-sonnet,textbook,1,medqa_test_1218,medqa_test_1218__textbook__correct,171,1.6907377243041992,5.423480262867602,gemma-2-2b-it
medqa-sonnet,colloquial,0,medqa_test_831,medqa_test_831__colloquial__wrong,197,3.078157424926758,21.718347819423023,gemma-2-2b-it
medqa-sonnet,clinical_note,1,medqa_test_1218,medqa_test_1218__clinical_note__correct,94,3.968305826187134,52.89484183087789,gemma-2-2b-it
medqa-sonnet,patient,0,medqa_test_1218,medqa_test_1218__patient__wrong,136,2.9075512886047363,18.31190305569488,gemma-2-2b-it
medqa-sonnet,clinical_note,0,medqa_test_1218,medqa_test_1218__clinical_note__wrong,89,3.52107834815979,33.8208794900294,gemma-2-2b-it
medqa-sonnet,patient,1,medqa_test_1218,medqa_test_1218__patient__correct,182,2.3120694160461426,10.095294417713363,gemma-2-2b-it
medqa-sonnet,colloquial,1,medqa_test_1218,medqa_test_1218__colloquial__correct,118,3.836715221405029,46.37289928222194,gemma-2-2b-it
medqa-sonnet,colloquial,0,medqa_test_1218,medqa_test_1218__colloquial__wrong,87,4.371739387512207,79.1812388468451,gemma-2-2b-it
medqa-sonnet,clinical_note,1,medqa_test_843,medqa_test_843__clinical_note__correct,124,2.932344436645508,18.771587747253573,gemma-2-2b-it
medqa-sonnet,textbook,1,medqa_test_843,medqa_test_843__textbook__correct,250,1.623071789741516,5.068636212198495,gemma-2-2b-it
medqa-sonnet,textbook,0,medqa_test_843,medqa_test_843__textbook__wrong,193,1.677431583404541,5.351792670632676,gemma-2-2b-it
medqa-sonnet,clinical_note,0,medqa_test_843,medqa_test_843__clinical_note__wrong,91,3.7354440689086914,41.90663086361377,gemma-2-2b-it
medqa-sonnet,patient,0,medqa_test_843,medqa_test_843__patient__wrong,175,2.5576694011688232,12.905704219231108,gemma-2-2b-it
medqa-sonnet,patient,1,medqa_test_843,medqa_test_843__patient__correct,223,2.2454655170440674,9.444811253861614,gemma-2-2b-it
medqa-sonnet,textbook,0,medqa_test_1222,medqa_test_1222__textbook__wrong,83,2.2566659450531006,9.551191824215069,gemma-2-2b-it
medqa-sonnet,colloquial,1,medqa_test_843,medqa_test_843__colloquial__correct,160,3.796754837036133,44.556356986472,gemma-2-2b-it
medqa-sonnet,patient,1,medqa_test_1222,medqa_test_1222__patient__correct,88,3.0767266750335693,21.687296514222904,gemma-2-2b-it
medqa-sonnet,clinical_note,1,medqa_test_1222,medqa_test_1222__clinical_note__correct,48,4.244189739227295,69.69926267971881,gemma-2-2b-it
medqa-sonnet,textbook,1,medqa_test_1222,medqa_test_1222__textbook__correct,86,2.1036415100097656,8.1959613119643,gemma-2-2b-it
medqa-sonnet,colloquial,0,medqa_test_843,medqa_test_843__colloquial__wrong,145,3.807770729064941,45.04989841284182,gemma-2-2b-it
medqa-sonnet,clinical_note,0,medqa_test_1222,medqa_test_1222__clinical_note__wrong,46,4.367403984069824,78.83869929148314,gemma-2-2b-it
medqa-sonnet,patient,0,medqa_test_1222,medqa_test_1222__patient__wrong,89,3.2217421531677246,25.07176100365449,gemma-2-2b-it
medqa-sonnet,colloquial,1,medqa_test_1222,medqa_test_1222__colloquial__correct,62,4.701052188873291,110.06291852631458,gemma-2-2b-it
medqa-sonnet,colloquial,0,medqa_test_1222,medqa_test_1222__colloquial__wrong,68,4.62632417678833,102.13793225473076,gemma-2-2b-it
medqa-sonnet,clinical_note,1,medqa_test_1270,medqa_test_1270__clinical_note__correct,113,3.787899017333984,44.16351595448492,gemma-2-2b-it
medqa-sonnet,clinical_note,0,medqa_test_1270,medqa_test_1270__clinical_note__wrong,121,3.754300117492676,42.70432134157101,gemma-2-2b-it
medqa-sonnet,patient,1,medqa_test_1270,medqa_test_1270__patient__correct,203,2.232579708099365,9.323887990769457,gemma-2-2b-it
medqa-sonnet,textbook,1,medqa_test_1270,medqa_test_1270__textbook__correct,201,2.475252628326416,11.884709148065914,gemma-2-2b-it
medqa-sonnet,patient,0,medqa_test_1270,medqa_test_1270__patient__wrong,199,2.343153238296509,10.414022739574945,gemma-2-2b-it
medqa-sonnet,textbook,0,medqa_test_1270,medqa_test_1270__textbook__wrong,210,2.3538451194763184,10.525965606822028,gemma-2-2b-it
medqa-sonnet,colloquial,1,medqa_test_1270,medqa_test_1270__colloquial__correct,194,3.1519250869750977,23.381031803937944,gemma-2-2b-it
medqa-sonnet,colloquial,0,medqa_test_1270,medqa_test_1270__colloquial__wrong,173,3.3186466693878174,27.62294227795727,gemma-2-2b-it
medmcqa-sonnet,textbook,0,medmcqa_validation_1617,medmcqa_validation_1617__textbook__wrong,40,1.7996259927749634,6.047385275616178,gemma-2-2b-it
medmcqa-sonnet,patient,0,medmcqa_validation_1617,medmcqa_validation_1617__patient__wrong,37,3.4419984817504883,31.249347055823904,gemma-2-2b-it
medmcqa-sonnet,textbook,1,medmcqa_validation_1617,medmcqa_validation_1617__textbook__correct,60,1.6557916402816772,5.237224279245262,gemma-2-2b-it
medmcqa-sonnet,patient,1,medmcqa_validation_1617,medmcqa_validation_1617__patient__correct,59,2.8714988231658936,17.663472791717645,gemma-2-2b-it
medmcqa-sonnet,clinical_note,1,medmcqa_validation_1617,medmcqa_validation_1617__clinical_note__correct,19,4.397706031799316,81.26423710760399,gemma-2-2b-it
medmcqa-sonnet,clinical_note,0,medmcqa_validation_1617,medmcqa_validation_1617__clinical_note__wrong,18,5.882135391235352,358.5741207949264,gemma-2-2b-it
medmcqa-sonnet,colloquial,1,medmcqa_validation_1617,medmcqa_validation_1617__colloquial__correct,35,4.75128173828125,115.73252831395004,gemma-2-2b-it
medmcqa-sonnet,colloquial,0,medmcqa_validation_1617,medmcqa_validation_1617__colloquial__wrong,26,6.253206253051758,519.6763703173295,gemma-2-2b-it
medmcqa-sonnet,textbook,0,medmcqa_validation_3694,medmcqa_validation_3694__textbook__wrong,51,2.0964269638061523,8.13704395693834,gemma-2-2b-it
medmcqa-sonnet,patient,1,medmcqa_validation_3694,medmcqa_validation_3694__patient__correct,87,2.554063558578491,12.859252081179346,gemma-2-2b-it
medmcqa-sonnet,patient,0,medmcqa_validation_3694,medmcqa_validation_3694__patient__wrong,74,2.3729636669158936,10.72914281747286,gemma-2-2b-it
medmcqa-sonnet,textbook,1,medmcqa_validation_3694,medmcqa_validation_3694__textbook__correct,51,2.3537702560424805,10.525177626388071,gemma-2-2b-it
medmcqa-sonnet,clinical_note,0,medmcqa_validation_3694,medmcqa_validation_3694__clinical_note__wrong,27,3.812353372573853,45.25681979873047,gemma-2-2b-it
medmcqa-sonnet,clinical_note,1,medmcqa_validation_3694,medmcqa_validation_3694__clinical_note__correct,26,4.03236722946167,56.39425149498662,gemma-2-2b-it
medmcqa-sonnet,colloquial,1,medmcqa_validation_3694,medmcqa_validation_3694__colloquial__correct,42,4.362828731536865,78.47881623856316,gemma-2-2b-it
medmcqa-sonnet,colloquial,0,medmcqa_validation_3694,medmcqa_validation_3694__colloquial__wrong,41,4.427436351776123,83.7165218577353,gemma-2-2b-it
medmcqa-sonnet,textbook,1,medmcqa_validation_1610,medmcqa_validation_1610__textbook__correct,33,3.004161834716797,20.169303799096685,gemma-2-2b-it
medmcqa-sonnet,textbook,0,medmcqa_validation_1610,medmcqa_validation_1610__textbook__wrong,35,2.921781539916992,18.57434894490215,gemma-2-2b-it
medmcqa-sonnet,patient,0,medmcqa_validation_1610,medmcqa_validation_1610__patient__wrong,61,3.1528801918029785,23.40337380807432,gemma-2-2b-it
medmcqa-sonnet,patient,1,medmcqa_validation_1610,medmcqa_validation_1610__patient__correct,59,3.1674067974090576,23.74582670625328,gemma-2-2b-it
medmcqa-sonnet,clinical_note,0,medmcqa_validation_1610,medmcqa_validation_1610__clinical_note__wrong,18,4.91889238357544,136.8509508492489,gemma-2-2b-it
medmcqa-sonnet,clinical_note,1,medmcqa_validation_1610,medmcqa_validation_1610__clinical_note__correct,18,6.041171073913574,420.3850487023648,gemma-2-2b-it
medmcqa-sonnet,colloquial,0,medmcqa_validation_1610,medmcqa_validation_1610__colloquial__wrong,30,4.973486423492432,144.5299024468618,gemma-2-2b-it
medmcqa-sonnet,colloquial,1,medmcqa_validation_1610,medmcqa_validation_1610__colloquial__correct,37,4.30023717880249,73.71727580151929,gemma-2-2b-it
medmcqa-sonnet,textbook,0,medmcqa_validation_3422,medmcqa_validation_3422__textbook__wrong,58,2.4759676456451416,11.893209959686397,gemma-2-2b-it
medmcqa-sonnet,textbook,1,medmcqa_validation_3422,medmcqa_validation_3422__textbook__correct,60,2.5120999813079834,12.330797334523432,gemma-2-2b-it
medmcqa-sonnet,clinical_note,1,medmcqa_validation_3422,medmcqa_validation_3422__clinical_note__correct,27,4.122075080871582,61.68711529807889,gemma-2-2b-it
medmcqa-sonnet,patient,1,medmcqa_validation_3422,medmcqa_validation_3422__patient__correct,72,2.801962852478028,16.476956886383235,gemma-2-2b-it
medmcqa-sonnet,patient,0,medmcqa_validation_3422,medmcqa_validation_3422__patient__wrong,70,2.650526285171509,14.161489666540822,gemma-2-2b-it
medmcqa-sonnet,clinical_note,0,medmcqa_validation_3422,medmcqa_validation_3422__clinical_note__wrong,28,4.022452354431152,55.83787231189465,gemma-2-2b-it
medmcqa-sonnet,colloquial,1,medmcqa_validation_3422,medmcqa_validation_3422__colloquial__correct,48,4.594873905181885,98.97565444363826,gemma-2-2b-it
medmcqa-sonnet,textbook,1,medmcqa_validation_352,medmcqa_validation_352__textbook__correct,57,2.5218725204467773,12.451891267959793,gemma-2-2b-it
medmcqa-sonnet,colloquial,0,medmcqa_validation_3422,medmcqa_validation_3422__colloquial__wrong,54,4.428253173828125,83.78493129427021,gemma-2-2b-it
medmcqa-sonnet,textbook,0,medmcqa_validation_352,medmcqa_validation_352__textbook__wrong,59,2.7826061248779297,16.16108391639498,gemma-2-2b-it
medmcqa-sonnet,clinical_note,0,medmcqa_validation_352,medmcqa_validation_352__clinical_note__wrong,17,7.351528167724609,1558.5764751603297,gemma-2-2b-it
medmcqa-sonnet,patient,1,medmcqa_validation_352,medmcqa_validation_352__patient__correct,81,2.6632258892059326,14.34248180959152,gemma-2-2b-it
medmcqa-sonnet,patient,0,medmcqa_validation_352,medmcqa_validation_352__patient__wrong,69,3.032837390899658,20.75604212214803,gemma-2-2b-it
medmcqa-sonnet,clinical_note,1,medmcqa_validation_352,medmcqa_validation_352__clinical_note__correct,24,5.1522393226623535,172.81805271826028,gemma-2-2b-it
medmcqa-sonnet,colloquial,1,medmcqa_validation_352,medmcqa_validation_352__colloquial__correct,34,5.083154201507568,161.28197030924505,gemma-2-2b-it
medmcqa-sonnet,colloquial,0,medmcqa_validation_352,medmcqa_validation_352__colloquial__wrong,32,6.505969047546387,669.1237680301591,gemma-2-2b-it
medmcqa-sonnet,textbook,1,medmcqa_validation_872,medmcqa_validation_872__textbook__correct,60,1.9492183923721316,7.023196051152617,gemma-2-2b-it
medmcqa-sonnet,textbook,0,medmcqa_validation_872,medmcqa_validation_872__textbook__wrong,61,2.541863441467285,12.703320823727244,gemma-2-2b-it
medmcqa-sonnet,clinical_note,1,medmcqa_validation_872,medmcqa_validation_872__clinical_note__correct,46,3.088953018188477,21.954080415966544,gemma-2-2b-it
medmcqa-sonnet,patient,0,medmcqa_validation_872,medmcqa_validation_872__patient__wrong,74,2.996197462081909,20.009305934897625,gemma-2-2b-it
medmcqa-sonnet,clinical_note,0,medmcqa_validation_872,medmcqa_validation_872__clinical_note__wrong,43,3.988388776779175,53.96786499705168,gemma-2-2b-it
medmcqa-sonnet,patient,1,medmcqa_validation_872,medmcqa_validation_872__patient__correct,89,2.2869253158569336,9.844621996331746,gemma-2-2b-it
medmcqa-sonnet,colloquial,1,medmcqa_validation_872,medmcqa_validation_872__colloquial__correct,50,4.188889026641846,65.94948212824184,gemma-2-2b-it
medmcqa-sonnet,textbook,1,medmcqa_validation_1940,medmcqa_validation_1940__textbook__correct,42,2.311043262481689,10.084940408672622,gemma-2-2b-it
medmcqa-sonnet,colloquial,0,medmcqa_validation_872,medmcqa_validation_872__colloquial__wrong,57,4.539076805114746,93.60434516553435,gemma-2-2b-it
medmcqa-sonnet,textbook,0,medmcqa_validation_1940,medmcqa_validation_1940__textbook__wrong,31,2.9825439453125,19.737965134091063,gemma-2-2b-it
medmcqa-sonnet,clinical_note,1,medmcqa_validation_1940,medmcqa_validation_1940__clinical_note__correct,22,4.537232398986816,93.431859853091,gemma-2-2b-it
medmcqa-sonnet,patient,1,medmcqa_validation_1940,medmcqa_validation_1940__patient__correct,50,3.153997898101806,23.429546530376992,gemma-2-2b-it
medmcqa-sonnet,patient,0,medmcqa_validation_1940,medmcqa_validation_1940__patient__wrong,49,2.570729732513428,13.075362477528298,gemma-2-2b-it
medmcqa-sonnet,colloquial,1,medmcqa_validation_1940,medmcqa_validation_1940__colloquial__correct,38,3.9162440299987793,50.211497282122544,gemma-2-2b-it
medmcqa-sonnet,colloquial,0,medmcqa_validation_1940,medmcqa_validation_1940__colloquial__wrong,37,4.949936389923096,141.1659840567728,gemma-2-2b-it
medmcqa-sonnet,clinical_note,0,medmcqa_validation_1940,medmcqa_validation_1940__clinical_note__wrong,23,3.9869654178619385,53.89110399735013,gemma-2-2b-it
medmcqa-sonnet,textbook,1,medmcqa_validation_1966,medmcqa_validation_1966__textbook__correct,59,2.569631814956665,13.061014685290946,gemma-2-2b-it
medmcqa-sonnet,textbook,0,medmcqa_validation_1966,medmcqa_validation_1966__textbook__wrong,43,2.8938868045806885,18.063382170705797,gemma-2-2b-it
medmcqa-sonnet,clinical_note,1,medmcqa_validation_1966,medmcqa_validation_1966__clinical_note__correct,23,5.6279802322387695,278.0998528848192,gemma-2-2b-it
medmcqa-sonnet,patient,1,medmcqa_validation_1966,medmcqa_validation_1966__patient__correct,64,3.118330240249634,22.608597182550152,gemma-2-2b-it
medmcqa-sonnet,patient,0,medmcqa_validation_1966,medmcqa_validation_1966__patient__wrong,73,2.7242116928100586,15.24439192520563,gemma-2-2b-it
medmcqa-sonnet,clinical_note,0,medmcqa_validation_1966,medmcqa_validation_1966__clinical_note__wrong,26,5.090855121612549,162.52878452352783,gemma-2-2b-it
medmcqa-sonnet,colloquial,1,medmcqa_validation_1966,medmcqa_validation_1966__colloquial__correct,42,4.839069366455078,126.35170985821696,gemma-2-2b-it
medmcqa-sonnet,colloquial,0,medmcqa_validation_1966,medmcqa_validation_1966__colloquial__wrong,56,4.382526874542236,80.0400292007347,gemma-2-2b-it
medmcqa-sonnet,textbook,1,medmcqa_validation_3192,medmcqa_validation_3192__textbook__correct,38,3.496614456176758,33.003527713982784,gemma-2-2b-it
medmcqa-sonnet,textbook,0,medmcqa_validation_3192,medmcqa_validation_3192__textbook__wrong,37,4.11699104309082,61.37429155099915,gemma-2-2b-it
medmcqa-sonnet,clinical_note,0,medmcqa_validation_3192,medmcqa_validation_3192__clinical_note__wrong,26,7.11840295791626,1234.4773460601114,gemma-2-2b-it
medmcqa-sonnet,patient,1,medmcqa_validation_3192,medmcqa_validation_3192__patient__correct,88,2.709328413009644,15.019185437526712,gemma-2-2b-it
medmcqa-sonnet,patient,0,medmcqa_validation_3192,medmcqa_validation_3192__patient__wrong,88,2.849618673324585,17.281190804941794,gemma-2-2b-it
medmcqa-sonnet,clinical_note,1,medmcqa_validation_3192,medmcqa_validation_3192__clinical_note__correct,20,6.856460571289063,949.9986573607008,gemma-2-2b-it
medmcqa-sonnet,colloquial,1,medmcqa_validation_3192,medmcqa_validation_3192__colloquial__correct,47,5.977198600769043,394.33413204004887,gemma-2-2b-it
medmcqa-sonnet,textbook,1,medmcqa_validation_2118,medmcqa_validation_2118__textbook__correct,43,2.9571375846862797,19.242811928455183,gemma-2-2b-it
medmcqa-sonnet,colloquial,0,medmcqa_validation_3192,medmcqa_validation_3192__colloquial__wrong,55,5.552711486816406,257.9359986284933,gemma-2-2b-it
medmcqa-sonnet,textbook,0,medmcqa_validation_2118,medmcqa_validation_2118__textbook__wrong,43,3.56913161277771,35.48576438354779,gemma-2-2b-it
medmcqa-sonnet,clinical_note,1,medmcqa_validation_2118,medmcqa_validation_2118__clinical_note__correct,14,6.118283271789551,454.0844853416924,gemma-2-2b-it
medmcqa-sonnet,patient,1,medmcqa_validation_2118,medmcqa_validation_2118__patient__correct,65,2.9067554473876958,18.297335485985784,gemma-2-2b-it
medmcqa-sonnet,clinical_note,0,medmcqa_validation_2118,medmcqa_validation_2118__clinical_note__wrong,13,5.992133617401123,400.26771766823873,gemma-2-2b-it
medmcqa-sonnet,patient,0,medmcqa_validation_2118,medmcqa_validation_2118__patient__wrong,65,2.96606969833374,19.41546082340821,gemma-2-2b-it
medmcqa-sonnet,colloquial,1,medmcqa_validation_2118,medmcqa_validation_2118__colloquial__correct,29,6.193512439727783,489.5626491209198,gemma-2-2b-it
medmcqa-sonnet,textbook,1,medmcqa_validation_437,medmcqa_validation_437__textbook__correct,53,3.306614637374878,27.29257364079355,gemma-2-2b-it
medmcqa-sonnet,textbook,0,medmcqa_validation_437,medmcqa_validation_437__textbook__wrong,40,3.5452117919921875,34.64702252717932,gemma-2-2b-it
medmcqa-sonnet,colloquial,0,medmcqa_validation_2118,medmcqa_validation_2118__colloquial__wrong,36,4.89459753036499,133.566239439808,gemma-2-2b-it
medmcqa-sonnet,clinical_note,0,medmcqa_validation_437,medmcqa_validation_437__clinical_note__wrong,18,5.791521072387695,327.51081334832014,gemma-2-2b-it
medmcqa-sonnet,patient,0,medmcqa_validation_437,medmcqa_validation_437__patient__wrong,56,3.6745026111602783,39.429040414442014,gemma-2-2b-it
medmcqa-sonnet,clinical_note,1,medmcqa_validation_437,medmcqa_validation_437__clinical_note__correct,18,5.781721591949463,324.31705169999026,gemma-2-2b-it
medmcqa-sonnet,patient,1,medmcqa_validation_437,medmcqa_validation_437__patient__correct,75,2.9728829860687256,19.54819561118436,gemma-2-2b-it
medmcqa-sonnet,colloquial,1,medmcqa_validation_437,medmcqa_validation_437__colloquial__correct,48,4.956727981567383,142.1279888486429,gemma-2-2b-it
medmcqa-sonnet,colloquial,0,medmcqa_validation_437,medmcqa_validation_437__colloquial__wrong,41,5.728997707366943,307.6607476883433,gemma-2-2b-it
medmcqa-sonnet,textbook,1,medmcqa_validation_2771,medmcqa_validation_2771__textbook__correct,98,2.2916007041931152,9.890757193127948,gemma-2-2b-it
medmcqa-sonnet,textbook,0,medmcqa_validation_2771,medmcqa_validation_2771__textbook__wrong,86,2.4702630043029785,11.82555661496272,gemma-2-2b-it
medmcqa-sonnet,patient,1,medmcqa_validation_2771,medmcqa_validation_2771__patient__correct,113,2.529258728027344,12.544204022534744,gemma-2-2b-it
medmcqa-sonnet,patient,0,medmcqa_validation_2771,medmcqa_validation_2771__patient__wrong,90,2.697676658630371,14.845201157268328,gemma-2-2b-it
medmcqa-sonnet,clinical_note,1,medmcqa_validation_2771,medmcqa_validation_2771__clinical_note__correct,57,4.617645263671875,101.25532160547358,gemma-2-2b-it
medmcqa-sonnet,clinical_note,0,medmcqa_validation_2771,medmcqa_validation_2771__clinical_note__wrong,46,5.067938804626465,158.8465758521585,gemma-2-2b-it
medmcqa-sonnet,textbook,1,medmcqa_validation_193,medmcqa_validation_193__textbook__correct,42,1.863518476486206,6.446378346780283,gemma-2-2b-it
medmcqa-sonnet,colloquial,0,medmcqa_validation_2771,medmcqa_validation_2771__colloquial__wrong,83,4.02131462097168,55.77437982187372,gemma-2-2b-it
medmcqa-sonnet,colloquial,1,medmcqa_validation_2771,medmcqa_validation_2771__colloquial__correct,90,3.877577066421509,48.30702843967886,gemma-2-2b-it
medmcqa-sonnet,patient,1,medmcqa_validation_193,medmcqa_validation_193__patient__correct,57,2.777378559112549,16.076821223656363,gemma-2-2b-it
medmcqa-sonnet,textbook,0,medmcqa_validation_193,medmcqa_validation_193__textbook__wrong,38,2.1240155696868896,8.364659009800613,gemma-2-2b-it
medmcqa-sonnet,clinical_note,0,medmcqa_validation_193,medmcqa_validation_193__clinical_note__wrong,19,4.914096832275391,136.1962461835996,gemma-2-2b-it
medmcqa-sonnet,patient,0,medmcqa_validation_193,medmcqa_validation_193__patient__wrong,74,3.002429962158203,20.13440336559593,gemma-2-2b-it
medmcqa-sonnet,clinical_note,1,medmcqa_validation_193,medmcqa_validation_193__clinical_note__correct,19,4.891786098480225,133.191254424927,gemma-2-2b-it
medmcqa-sonnet,colloquial,1,medmcqa_validation_193,medmcqa_validation_193__colloquial__correct,37,4.360695838928223,78.31160773375409,gemma-2-2b-it
medmcqa-sonnet,textbook,0,medmcqa_validation_1522,medmcqa_validation_1522__textbook__wrong,31,3.7065775394439697,40.71422497800677,gemma-2-2b-it
medmcqa-sonnet,textbook,1,medmcqa_validation_1522,medmcqa_validation_1522__textbook__correct,46,3.32466721534729,27.78974910169868,gemma-2-2b-it
medmcqa-sonnet,colloquial,0,medmcqa_validation_193,medmcqa_validation_193__colloquial__wrong,33,4.962348937988281,142.9291335705792,gemma-2-2b-it
medmcqa-sonnet,patient,1,medmcqa_validation_1522,medmcqa_validation_1522__patient__correct,40,3.792149066925049,44.35161251412942,gemma-2-2b-it
medmcqa-sonnet,clinical_note,0,medmcqa_validation_1522,medmcqa_validation_1522__clinical_note__wrong,12,6.824004650115967,919.6605643001708,gemma-2-2b-it
medmcqa-sonnet,clinical_note,1,medmcqa_validation_1522,medmcqa_validation_1522__clinical_note__correct,11,7.13449239730835,1254.5000395190998,gemma-2-2b-it
medmcqa-sonnet,colloquial,1,medmcqa_validation_1522,medmcqa_validation_1522__colloquial__correct,29,6.526200771331787,682.7991672654811,gemma-2-2b-it
medmcqa-sonnet,patient,0,medmcqa_validation_1522,medmcqa_validation_1522__patient__wrong,57,3.241569995880127,25.57384107064452,gemma-2-2b-it
medmcqa-sonnet,colloquial,0,medmcqa_validation_1522,medmcqa_validation_1522__colloquial__wrong,23,5.966556549072266,390.1598586335356,gemma-2-2b-it
medmcqa-sonnet,textbook,1,medmcqa_validation_828,medmcqa_validation_828__textbook__correct,103,2.272477388381958,9.703410177172849,gemma-2-2b-it
medmcqa-sonnet,textbook,0,medmcqa_validation_828,medmcqa_validation_828__textbook__wrong,77,2.5788300037384038,13.181706586549552,gemma-2-2b-it
medmcqa-sonnet,patient,1,medmcqa_validation_828,medmcqa_validation_828__patient__correct,102,2.933907985687256,18.80096100256645,gemma-2-2b-it
medmcqa-sonnet,clinical_note,0,medmcqa_validation_828,medmcqa_validation_828__clinical_note__wrong,34,5.504992961883545,245.9167248821832,gemma-2-2b-it
medmcqa-sonnet,patient,0,medmcqa_validation_828,medmcqa_validation_828__patient__wrong,85,3.087193489074707,21.915485536672787,gemma-2-2b-it
medmcqa-sonnet,clinical_note,1,medmcqa_validation_828,medmcqa_validation_828__clinical_note__correct,40,5.042119026184082,154.79768808366913,gemma-2-2b-it
medmcqa-sonnet,colloquial,1,medmcqa_validation_828,medmcqa_validation_828__colloquial__correct,59,5.712971210479736,302.7693245578062,gemma-2-2b-it
medmcqa-sonnet,textbook,1,medmcqa_validation_3367,medmcqa_validation_3367__textbook__correct,74,1.775726318359375,5.904568175522974,gemma-2-2b-it
medmcqa-sonnet,textbook,0,medmcqa_validation_3367,medmcqa_validation_3367__textbook__wrong,51,2.350999355316162,10.496053772346784,gemma-2-2b-it
medmcqa-sonnet,colloquial,0,medmcqa_validation_828,medmcqa_validation_828__colloquial__wrong,70,4.798137187957764,121.28427714362437,gemma-2-2b-it
medmcqa-sonnet,clinical_note,0,medmcqa_validation_3367,medmcqa_validation_3367__clinical_note__wrong,23,3.5616049766540527,35.21967856916542,gemma-2-2b-it
medmcqa-sonnet,patient,1,medmcqa_validation_3367,medmcqa_validation_3367__patient__correct,93,2.9661757946014404,19.417520840615392,gemma-2-2b-it
medmcqa-sonnet,clinical_note,1,medmcqa_validation_3367,medmcqa_validation_3367__clinical_note__correct,25,3.055827379226685,21.238750760535293,gemma-2-2b-it
medmcqa-sonnet,patient,0,medmcqa_validation_3367,medmcqa_validation_3367__patient__wrong,79,2.5384562015533447,12.660111216528913,gemma-2-2b-it
medmcqa-sonnet,colloquial,1,medmcqa_validation_3367,medmcqa_validation_3367__colloquial__correct,49,4.652019500732422,104.79640844455004,gemma-2-2b-it
medmcqa-sonnet,textbook,1,medmcqa_validation_1839,medmcqa_validation_1839__textbook__correct,65,2.986699342727661,19.8201548706328,gemma-2-2b-it
medmcqa-sonnet,textbook,0,medmcqa_validation_1839,medmcqa_validation_1839__textbook__wrong,51,3.307605028152466,27.31961734373048,gemma-2-2b-it
medmcqa-sonnet,colloquial,0,medmcqa_validation_3367,medmcqa_validation_3367__colloquial__wrong,52,3.9684433937072754,52.902118943632544,gemma-2-2b-it
medmcqa-sonnet,patient,0,medmcqa_validation_1839,medmcqa_validation_1839__patient__wrong,86,2.543123722076416,12.719340665260408,gemma-2-2b-it
medmcqa-sonnet,clinical_note,1,medmcqa_validation_1839,medmcqa_validation_1839__clinical_note__correct,31,5.087416648864746,161.97089342354846,gemma-2-2b-it
medmcqa-sonnet,patient,1,medmcqa_validation_1839,medmcqa_validation_1839__patient__correct,107,2.2723517417907715,9.70219105335218,gemma-2-2b-it
medmcqa-sonnet,clinical_note,0,medmcqa_validation_1839,medmcqa_validation_1839__clinical_note__wrong,29,5.056379318237305,157.02096292295153,gemma-2-2b-it
medmcqa-sonnet,colloquial,0,medmcqa_validation_1839,medmcqa_validation_1839__colloquial__wrong,43,5.073678016662598,159.7608511324601,gemma-2-2b-it
medmcqa-sonnet,textbook,1,medmcqa_validation_923,medmcqa_validation_923__textbook__correct,60,2.9209887981414795,18.559630117426117,gemma-2-2b-it
medmcqa-sonnet,colloquial,1,medmcqa_validation_1839,medmcqa_validation_1839__colloquial__correct,61,4.472690105438232,87.5920381784801,gemma-2-2b-it
medmcqa-sonnet,textbook,0,medmcqa_validation_923,medmcqa_validation_923__textbook__wrong,54,2.896143674850464,18.10419491811339,gemma-2-2b-it
medmcqa-sonnet,clinical_note,0,medmcqa_validation_923,medmcqa_validation_923__clinical_note__wrong,22,6.147363662719727,467.48331708846047,gemma-2-2b-it
medmcqa-sonnet,clinical_note,1,medmcqa_validation_923,medmcqa_validation_923__clinical_note__correct,23,5.801612377166748,330.83255695889795,gemma-2-2b-it
medmcqa-sonnet,patient,0,medmcqa_validation_923,medmcqa_validation_923__patient__wrong,71,2.875748634338379,17.738698950997918,gemma-2-2b-it
medmcqa-sonnet,patient,1,medmcqa_validation_923,medmcqa_validation_923__patient__correct,71,3.0504133701324463,21.12407467955064,gemma-2-2b-it
medmcqa-sonnet,colloquial,1,medmcqa_validation_923,medmcqa_validation_923__colloquial__correct,49,4.245745658874512,69.80779354267464,gemma-2-2b-it
medmcqa-sonnet,textbook,1,medmcqa_validation_753,medmcqa_validation_753__textbook__correct,75,2.7112157344818115,15.047558234570024,gemma-2-2b-it
medmcqa-sonnet,colloquial,0,medmcqa_validation_923,medmcqa_validation_923__colloquial__wrong,39,4.629115104675293,102.42339001890204,gemma-2-2b-it
medmcqa-sonnet,textbook,0,medmcqa_validation_753,medmcqa_validation_753__textbook__wrong,76,2.6664412021636963,14.388671594714292,gemma-2-2b-it
medmcqa-sonnet,patient,1,medmcqa_validation_753,medmcqa_validation_753__patient__correct,105,2.5956923961639404,13.405866319093429,gemma-2-2b-it
medmcqa-sonnet,clinical_note,0,medmcqa_validation_753,medmcqa_validation_753__clinical_note__wrong,44,4.893993854522705,133.48563306022325,gemma-2-2b-it
medmcqa-sonnet,clinical_note,1,medmcqa_validation_753,medmcqa_validation_753__clinical_note__correct,47,4.668658256530762,106.55467743308694,gemma-2-2b-it
medmcqa-sonnet,patient,0,medmcqa_validation_753,medmcqa_validation_753__patient__wrong,108,2.5191164016723637,12.417619626710634,gemma-2-2b-it
medmcqa-sonnet,textbook,0,medmcqa_validation_2829,medmcqa_validation_2829__textbook__wrong,49,1.956221103668213,7.0725500697615376,gemma-2-2b-it
medmcqa-sonnet,textbook,1,medmcqa_validation_2829,medmcqa_validation_2829__textbook__correct,46,2.127091407775879,8.39042695528306,gemma-2-2b-it
medmcqa-sonnet,colloquial,0,medmcqa_validation_753,medmcqa_validation_753__colloquial__wrong,62,4.078202247619629,59.03923645994772,gemma-2-2b-it
medmcqa-sonnet,colloquial,1,medmcqa_validation_753,medmcqa_validation_753__colloquial__correct,70,3.877875566482544,48.321450242964026,gemma-2-2b-it
medmcqa-sonnet,clinical_note,0,medmcqa_validation_2829,medmcqa_validation_2829__clinical_note__wrong,22,4.104234218597412,60.59632323818582,gemma-2-2b-it
medmcqa-sonnet,clinical_note,1,medmcqa_validation_2829,medmcqa_validation_2829__clinical_note__correct,22,4.3491716384887695,77.41430932347997,gemma-2-2b-it
medmcqa-sonnet,patient,1,medmcqa_validation_2829,medmcqa_validation_2829__patient__correct,74,2.659783840179444,14.29319914936488,gemma-2-2b-it
medmcqa-sonnet,patient,0,medmcqa_validation_2829,medmcqa_validation_2829__patient__wrong,73,2.6230833530426025,13.778141030560668,gemma-2-2b-it
medmcqa-sonnet,colloquial,1,medmcqa_validation_2829,medmcqa_validation_2829__colloquial__correct,35,5.206104755401611,182.38224928745933,gemma-2-2b-it
medmcqa-sonnet,colloquial,0,medmcqa_validation_2829,medmcqa_validation_2829__colloquial__wrong,45,3.932219028472901,51.020067130080335,gemma-2-2b-it
medmcqa-sonnet,textbook,0,medmcqa_validation_3124,medmcqa_validation_3124__textbook__wrong,52,2.218817710876465,9.196451571245852,gemma-2-2b-it
medmcqa-sonnet,textbook,1,medmcqa_validation_3124,medmcqa_validation_3124__textbook__correct,69,2.497749090194702,12.155103104332795,gemma-2-2b-it
medmcqa-sonnet,patient,1,medmcqa_validation_3124,medmcqa_validation_3124__patient__correct,84,2.459233283996582,11.695840713133874,gemma-2-2b-it
medmcqa-sonnet,clinical_note,1,medmcqa_validation_3124,medmcqa_validation_3124__clinical_note__correct,32,4.385900020599365,80.31047177436893,gemma-2-2b-it
medmcqa-sonnet,clinical_note,0,medmcqa_validation_3124,medmcqa_validation_3124__clinical_note__wrong,25,4.5969438552856445,99.18074129637176,gemma-2-2b-it
medmcqa-sonnet,patient,0,medmcqa_validation_3124,medmcqa_validation_3124__patient__wrong,84,2.256739377975464,9.551893221895298,gemma-2-2b-it
medmcqa-sonnet,colloquial,1,medmcqa_validation_3124,medmcqa_validation_3124__colloquial__correct,61,4.155220031738281,63.76599354674713,gemma-2-2b-it
medmcqa-sonnet,textbook,1,medmcqa_validation_228,medmcqa_validation_228__textbook__correct,60,3.0540614128112797,21.201276938481566,gemma-2-2b-it
medmcqa-sonnet,colloquial,0,medmcqa_validation_3124,medmcqa_validation_3124__colloquial__wrong,49,4.964193344116211,143.19299620052087,gemma-2-2b-it
medmcqa-sonnet,textbook,0,medmcqa_validation_228,medmcqa_validation_228__textbook__wrong,65,2.506740093231201,12.264882446925323,gemma-2-2b-it
medmcqa-sonnet,patient,0,medmcqa_validation_228,medmcqa_validation_228__patient__wrong,63,2.6060891151428223,13.54597039321895,gemma-2-2b-it
medmcqa-sonnet,clinical_note,1,medmcqa_validation_228,medmcqa_validation_228__clinical_note__correct,36,4.150461673736572,63.46329287135226,gemma-2-2b-it
medmcqa-sonnet,clinical_note,0,medmcqa_validation_228,medmcqa_validation_228__clinical_note__wrong,34,4.854700565338135,128.34225534065985,gemma-2-2b-it
medmcqa-sonnet,colloquial,0,medmcqa_validation_228,medmcqa_validation_228__colloquial__wrong,49,4.171703815460205,64.82580928265135,gemma-2-2b-it
medmcqa-sonnet,textbook,1,medmcqa_validation_789,medmcqa_validation_789__textbook__correct,51,2.858335018157959,17.432478000982126,gemma-2-2b-it
medmcqa-sonnet,colloquial,1,medmcqa_validation_228,medmcqa_validation_228__colloquial__correct,36,5.221520900726318,185.21566460327224,gemma-2-2b-it
medmcqa-sonnet,textbook,0,medmcqa_validation_789,medmcqa_validation_789__textbook__wrong,30,3.587532520294189,36.14477929359036,gemma-2-2b-it
medmcqa-sonnet,patient,0,medmcqa_validation_789,medmcqa_validation_789__patient__wrong,51,3.34389066696167,28.32913178717228,gemma-2-2b-it
medmcqa-sonnet,patient,1,medmcqa_validation_789,medmcqa_validation_789__patient__correct,61,2.9051382541656494,18.26776907280164,gemma-2-2b-it
medmcqa-sonnet,clinical_note,1,medmcqa_validation_789,medmcqa_validation_789__clinical_note__correct,17,5.687994003295898,295.30065395616424,gemma-2-2b-it
medmcqa-sonnet,patient,1,medmcqa_validation_228,medmcqa_validation_228__patient__correct,60,2.402670860290528,11.05265709662392,gemma-2-2b-it
medmcqa-sonnet,clinical_note,0,medmcqa_validation_789,medmcqa_validation_789__clinical_note__wrong,18,5.5638861656188965,260.83451539947384,gemma-2-2b-it
medmcqa-sonnet,colloquial,1,medmcqa_validation_789,medmcqa_validation_789__colloquial__correct,34,5.805150508880615,332.00515930817767,gemma-2-2b-it
medmcqa-sonnet,textbook,0,medmcqa_validation_289,medmcqa_validation_289__textbook__wrong,27,3.324937582015991,27.797263539368316,gemma-2-2b-it
medmcqa-sonnet,colloquial,0,medmcqa_validation_789,medmcqa_validation_789__colloquial__wrong,29,6.189255237579346,487.4829120309467,gemma-2-2b-it
medmcqa-sonnet,textbook,1,medmcqa_validation_289,medmcqa_validation_289__textbook__correct,26,3.011957883834839,20.327159206932123,gemma-2-2b-it
medmcqa-sonnet,clinical_note,0,medmcqa_validation_289,medmcqa_validation_289__clinical_note__wrong,15,6.18070125579834,483.3307760484828,gemma-2-2b-it
medmcqa-sonnet,patient,0,medmcqa_validation_289,medmcqa_validation_289__patient__wrong,46,3.8032617568969727,44.84722693812103,gemma-2-2b-it
medmcqa-sonnet,clinical_note,1,medmcqa_validation_289,medmcqa_validation_289__clinical_note__correct,18,5.129889011383057,168.99836010969355,gemma-2-2b-it
medmcqa-sonnet,patient,1,medmcqa_validation_289,medmcqa_validation_289__patient__correct,81,2.773343086242676,16.012074377711674,gemma-2-2b-it
medmcqa-sonnet,colloquial,1,medmcqa_validation_289,medmcqa_validation_289__colloquial__correct,28,5.173010349273682,176.4452004757173,gemma-2-2b-it
medmcqa-sonnet,colloquial,0,medmcqa_validation_289,medmcqa_validation_289__colloquial__wrong,24,5.2131218910217285,183.66655105531805,gemma-2-2b-it
medmcqa-sonnet,textbook,0,medmcqa_validation_236,medmcqa_validation_236__textbook__wrong,92,2.4449000358581543,11.529397014952682,gemma-2-2b-it
medmcqa-sonnet,textbook,1,medmcqa_validation_236,medmcqa_validation_236__textbook__correct,108,2.358283758163452,10.57279040729276,gemma-2-2b-it
medmcqa-sonnet,patient,1,medmcqa_validation_236,medmcqa_validation_236__patient__correct,122,2.461092948913574,11.717611294501818,gemma-2-2b-it
medmcqa-sonnet,patient,0,medmcqa_validation_236,medmcqa_validation_236__patient__wrong,110,2.517338514328003,12.395562111627784,gemma-2-2b-it
medmcqa-sonnet,clinical_note,1,medmcqa_validation_236,medmcqa_validation_236__clinical_note__correct,56,4.886142730712891,132.44172411962475,gemma-2-2b-it
medmcqa-sonnet,colloquial,1,medmcqa_validation_236,medmcqa_validation_236__colloquial__correct,74,4.268171787261963,71.39099830672073,gemma-2-2b-it
medmcqa-sonnet,clinical_note,0,medmcqa_validation_236,medmcqa_validation_236__clinical_note__wrong,49,5.262809753417969,193.02307733061247,gemma-2-2b-it
medmcqa-sonnet,colloquial,0,medmcqa_validation_236,medmcqa_validation_236__colloquial__wrong,71,4.359470844268799,78.21573516618993,gemma-2-2b-it
medmcqa-sonnet,textbook,0,medmcqa_validation_399,medmcqa_validation_399__textbook__wrong,36,2.9426698684692383,18.96641661187772,gemma-2-2b-it
medmcqa-sonnet,textbook,1,medmcqa_validation_399,medmcqa_validation_399__textbook__correct,99,2.6772475242614746,14.545003379012028,gemma-2-2b-it
medmcqa-sonnet,clinical_note,1,medmcqa_validation_399,medmcqa_validation_399__clinical_note__correct,20,4.845041275024414,127.10852829307412,gemma-2-2b-it
medmcqa-sonnet,patient,1,medmcqa_validation_399,medmcqa_validation_399__patient__correct,73,2.8447208404541016,17.196757359815493,gemma-2-2b-it
medmcqa-sonnet,patient,0,medmcqa_validation_399,medmcqa_validation_399__patient__wrong,81,2.779604911804199,16.11265377100418,gemma-2-2b-it
medmcqa-sonnet,clinical_note,0,medmcqa_validation_399,medmcqa_validation_399__clinical_note__wrong,20,5.162017822265625,174.51624332469615,gemma-2-2b-it
medmcqa-sonnet,colloquial,0,medmcqa_validation_399,medmcqa_validation_399__colloquial__wrong,38,4.947681427001953,140.84801863185396,gemma-2-2b-it
medmcqa-sonnet,textbook,0,medmcqa_validation_3057,medmcqa_validation_3057__textbook__wrong,38,1.6922898292541504,5.431904609473387,gemma-2-2b-it
medmcqa-sonnet,textbook,1,medmcqa_validation_3057,medmcqa_validation_3057__textbook__correct,40,1.66739821434021,5.298364639399513,gemma-2-2b-it
medmcqa-sonnet,colloquial,1,medmcqa_validation_399,medmcqa_validation_399__colloquial__correct,40,4.5316548347473145,92.91218825083104,gemma-2-2b-it
medmcqa-sonnet,clinical_note,1,medmcqa_validation_3057,medmcqa_validation_3057__clinical_note__correct,16,6.226619243621826,506.0417843383197,gemma-2-2b-it
medmcqa-sonnet,patient,1,medmcqa_validation_3057,medmcqa_validation_3057__patient__correct,47,2.7205140590667725,15.188127833335292,gemma-2-2b-it
medmcqa-sonnet,patient,0,medmcqa_validation_3057,medmcqa_validation_3057__patient__wrong,47,2.74949049949646,15.634663985363083,gemma-2-2b-it
medmcqa-sonnet,clinical_note,0,medmcqa_validation_3057,medmcqa_validation_3057__clinical_note__wrong,14,5.344998836517334,209.55764078204624,gemma-2-2b-it
medmcqa-sonnet,colloquial,1,medmcqa_validation_3057,medmcqa_validation_3057__colloquial__correct,36,4.274572372436523,71.84940795207979,gemma-2-2b-it
medmcqa-sonnet,textbook,0,medmcqa_validation_1559,medmcqa_validation_1559__textbook__wrong,30,2.796795606613159,16.392035991569692,gemma-2-2b-it
medmcqa-sonnet,colloquial,0,medmcqa_validation_3057,medmcqa_validation_3057__colloquial__wrong,28,5.165531635284424,175.13053940120454,gemma-2-2b-it
medmcqa-sonnet,textbook,1,medmcqa_validation_1559,medmcqa_validation_1559__textbook__correct,49,3.0744707584381104,21.63842692568915,gemma-2-2b-it
medmcqa-sonnet,clinical_note,1,medmcqa_validation_1559,medmcqa_validation_1559__clinical_note__correct,15,5.216960430145264,184.37291713682623,gemma-2-2b-it
medmcqa-sonnet,patient,0,medmcqa_validation_1559,medmcqa_validation_1559__patient__wrong,48,3.595341920852661,36.42815340398917,gemma-2-2b-it
medmcqa-sonnet,patient,1,medmcqa_validation_1559,medmcqa_validation_1559__patient__correct,49,3.542030096054077,34.53696141967375,gemma-2-2b-it
medmcqa-sonnet,clinical_note,0,medmcqa_validation_1559,medmcqa_validation_1559__clinical_note__wrong,18,5.242400169372559,189.12348648861743,gemma-2-2b-it
medmcqa-sonnet,colloquial,1,medmcqa_validation_1559,medmcqa_validation_1559__colloquial__correct,34,4.198184967041016,66.5654029296242,gemma-2-2b-it
medmcqa-sonnet,colloquial,0,medmcqa_validation_1559,medmcqa_validation_1559__colloquial__wrong,34,4.494949817657471,89.56367435738609,gemma-2-2b-it
medmcqa-sonnet,textbook,0,medmcqa_validation_3791,medmcqa_validation_3791__textbook__wrong,47,2.3284263610839844,10.261780483433832,gemma-2-2b-it
medmcqa-sonnet,textbook,1,medmcqa_validation_3791,medmcqa_validation_3791__textbook__correct,62,1.7095389366149902,5.526412863511016,gemma-2-2b-it
medmcqa-sonnet,clinical_note,1,medmcqa_validation_3791,medmcqa_validation_3791__clinical_note__correct,23,2.865097045898437,17.550756350861903,gemma-2-2b-it
medmcqa-sonnet,patient,0,medmcqa_validation_3791,medmcqa_validation_3791__patient__wrong,63,2.925962448120117,18.65216915900131,gemma-2-2b-it
medmcqa-sonnet,clinical_note,0,medmcqa_validation_3791,medmcqa_validation_3791__clinical_note__wrong,19,3.70720100402832,40.73961676997885,gemma-2-2b-it
medmcqa-sonnet,patient,1,medmcqa_validation_3791,medmcqa_validation_3791__patient__correct,72,2.55607271194458,12.885114262628274,gemma-2-2b-it
medmcqa-sonnet,colloquial,1,medmcqa_validation_3791,medmcqa_validation_3791__colloquial__correct,43,3.969574689865112,52.962000773190205,gemma-2-2b-it
medmcqa-sonnet,textbook,1,medmcqa_validation_3903,medmcqa_validation_3903__textbook__correct,31,2.074861764907837,7.963445555314487,gemma-2-2b-it
medmcqa-sonnet,textbook,0,medmcqa_validation_3903,medmcqa_validation_3903__textbook__wrong,29,2.285874366760254,9.83428123449648,gemma-2-2b-it
medmcqa-sonnet,colloquial,0,medmcqa_validation_3791,medmcqa_validation_3791__colloquial__wrong,39,4.441738605499268,84.92246005459698,gemma-2-2b-it
medmcqa-sonnet,patient,1,medmcqa_validation_3903,medmcqa_validation_3903__patient__correct,56,2.242208242416382,9.414096959403292,gemma-2-2b-it
medmcqa-sonnet,patient,0,medmcqa_validation_3903,medmcqa_validation_3903__patient__wrong,61,2.451621055603028,11.607147307885157,gemma-2-2b-it
medmcqa-sonnet,clinical_note,1,medmcqa_validation_3903,medmcqa_validation_3903__clinical_note__correct,12,5.247278690338135,190.0483836131656,gemma-2-2b-it
medmcqa-sonnet,clinical_note,0,medmcqa_validation_3903,medmcqa_validation_3903__clinical_note__wrong,13,4.861387252807617,129.2033155030579,gemma-2-2b-it
medmcqa-sonnet,colloquial,1,medmcqa_validation_3903,medmcqa_validation_3903__colloquial__correct,46,4.298444271087647,73.58522594099738,gemma-2-2b-it
medmcqa-sonnet,textbook,1,medmcqa_validation_3048,medmcqa_validation_3048__textbook__correct,48,2.6146481037139893,13.662407781323555,gemma-2-2b-it
medmcqa-sonnet,textbook,0,medmcqa_validation_3048,medmcqa_validation_3048__textbook__wrong,34,2.839658260345459,17.109917400670994,gemma-2-2b-it
medmcqa-sonnet,clinical_note,1,medmcqa_validation_3048,medmcqa_validation_3048__clinical_note__correct,19,5.249082088470459,190.3914257410197,gemma-2-2b-it
medmcqa-sonnet,patient,1,medmcqa_validation_3048,medmcqa_validation_3048__patient__correct,62,3.294734477996826,26.970251923771297,gemma-2-2b-it
medmcqa-sonnet,patient,0,medmcqa_validation_3048,medmcqa_validation_3048__patient__wrong,66,2.918614864349365,18.51562303993244,gemma-2-2b-it
medmcqa-sonnet,colloquial,0,medmcqa_validation_3903,medmcqa_validation_3903__colloquial__wrong,42,4.118631362915039,61.47504763163428,gemma-2-2b-it
medmcqa-sonnet,clinical_note,0,medmcqa_validation_3048,medmcqa_validation_3048__clinical_note__wrong,19,5.928318977355957,375.5227207473543,gemma-2-2b-it
medmcqa-sonnet,colloquial,1,medmcqa_validation_3048,medmcqa_validation_3048__colloquial__correct,38,4.8903489112854,132.99997114746813,gemma-2-2b-it
medmcqa-sonnet,colloquial,0,medmcqa_validation_3048,medmcqa_validation_3048__colloquial__wrong,42,5.185779571533203,178.71271484435078,gemma-2-2b-it
medmcqa-sonnet,textbook,0,medmcqa_validation_3690,medmcqa_validation_3690__textbook__wrong,77,2.2147200107574463,9.15884437467705,gemma-2-2b-it
medmcqa-sonnet,textbook,1,medmcqa_validation_3690,medmcqa_validation_3690__textbook__correct,138,1.954882025718689,7.063085712086786,gemma-2-2b-it
medmcqa-sonnet,patient,1,medmcqa_validation_3690,medmcqa_validation_3690__patient__correct,113,2.8937976360321045,18.061771556944223,gemma-2-2b-it
medmcqa-sonnet,clinical_note,0,medmcqa_validation_3690,medmcqa_validation_3690__clinical_note__wrong,40,4.239826202392578,69.39578996836178,gemma-2-2b-it
medmcqa-sonnet,clinical_note,1,medmcqa_validation_3690,medmcqa_validation_3690__clinical_note__correct,45,4.073436737060547,58.75855368475623,gemma-2-2b-it
medmcqa-sonnet,patient,0,medmcqa_validation_3690,medmcqa_validation_3690__patient__wrong,73,3.0459301471710205,21.029582715448356,gemma-2-2b-it
medmcqa-sonnet,textbook,1,medmcqa_validation_174,medmcqa_validation_174__textbook__correct,34,2.5470216274261475,12.769016203661913,gemma-2-2b-it
medmcqa-sonnet,textbook,0,medmcqa_validation_174,medmcqa_validation_174__textbook__wrong,34,3.0548105239868164,21.21716500219189,gemma-2-2b-it
medmcqa-sonnet,colloquial,0,medmcqa_validation_3690,medmcqa_validation_3690__colloquial__wrong,55,5.463067531585693,235.81970037606283,gemma-2-2b-it
medmcqa-sonnet,colloquial,1,medmcqa_validation_3690,medmcqa_validation_3690__colloquial__correct,77,4.364465713500977,78.60738985294273,gemma-2-2b-it
medmcqa-sonnet,clinical_note,1,medmcqa_validation_174,medmcqa_validation_174__clinical_note__correct,25,3.250131845474243,25.793740480959883,gemma-2-2b-it
medmcqa-sonnet,patient,0,medmcqa_validation_174,medmcqa_validation_174__patient__wrong,55,2.5066521167755127,12.263803473501032,gemma-2-2b-it
medmcqa-sonnet,patient,1,medmcqa_validation_174,medmcqa_validation_174__patient__correct,105,2.000973701477051,7.396254337667317,gemma-2-2b-it
medmcqa-sonnet,clinical_note,0,medmcqa_validation_174,medmcqa_validation_174__clinical_note__wrong,22,3.6671996116638175,39.14213904754568,gemma-2-2b-it
medmcqa-sonnet,colloquial,1,medmcqa_validation_174,medmcqa_validation_174__colloquial__correct,55,3.588587760925293,36.18294086458217,gemma-2-2b-it
medmcqa-sonnet,textbook,1,medmcqa_validation_209,medmcqa_validation_209__textbook__correct,48,2.2161552906036377,9.171999317676416,gemma-2-2b-it
medmcqa-sonnet,colloquial,0,medmcqa_validation_174,medmcqa_validation_174__colloquial__wrong,41,4.643922805786133,103.95132968306972,gemma-2-2b-it
medmcqa-sonnet,textbook,0,medmcqa_validation_209,medmcqa_validation_209__textbook__wrong,42,2.4155635833740234,11.196078503501482,gemma-2-2b-it
medmcqa-sonnet,patient,0,medmcqa_validation_209,medmcqa_validation_209__patient__wrong,60,2.8996989727020264,18.168675278934103,gemma-2-2b-it
medmcqa-sonnet,patient,1,medmcqa_validation_209,medmcqa_validation_209__patient__correct,66,3.185176372528076,24.171551227509248,gemma-2-2b-it
medmcqa-sonnet,clinical_note,1,medmcqa_validation_209,medmcqa_validation_209__clinical_note__correct,23,4.606323719024658,100.11541986116964,gemma-2-2b-it
medmcqa-sonnet,colloquial,0,medmcqa_validation_209,medmcqa_validation_209__colloquial__wrong,45,5.10235071182251,164.40792907175558,gemma-2-2b-it
medmcqa-sonnet,colloquial,1,medmcqa_validation_209,medmcqa_validation_209__colloquial__correct,44,5.061148643493652,157.77163564545475,gemma-2-2b-it
medmcqa-sonnet,textbook,1,medmcqa_validation_478,medmcqa_validation_478__textbook__correct,121,2.071429491043091,7.936159682342764,gemma-2-2b-it
medmcqa-sonnet,textbook,0,medmcqa_validation_478,medmcqa_validation_478__textbook__wrong,82,2.246748924255371,9.456940574498123,gemma-2-2b-it
medmcqa-sonnet,patient,1,medmcqa_validation_478,medmcqa_validation_478__patient__correct,118,2.907822608947754,18.316872121587107,gemma-2-2b-it
medmcqa-sonnet,clinical_note,0,medmcqa_validation_209,medmcqa_validation_209__clinical_note__wrong,23,5.213564395904541,183.74784238554813,gemma-2-2b-it
medmcqa-sonnet,patient,0,medmcqa_validation_478,medmcqa_validation_478__patient__wrong,115,3.079179525375366,21.74055750080142,gemma-2-2b-it
medmcqa-sonnet,clinical_note,1,medmcqa_validation_478,medmcqa_validation_478__clinical_note__correct,56,4.68389892578125,108.19108029138988,gemma-2-2b-it
medmcqa-sonnet,clinical_note,0,medmcqa_validation_478,medmcqa_validation_478__clinical_note__wrong,54,4.885903358459473,132.4100250397671,gemma-2-2b-it
medmcqa-sonnet,colloquial,1,medmcqa_validation_478,medmcqa_validation_478__colloquial__correct,84,4.658838748931885,105.51348334120335,gemma-2-2b-it
medmcqa-sonnet,colloquial,0,medmcqa_validation_478,medmcqa_validation_478__colloquial__wrong,81,5.18060302734375,177.78999089986704,gemma-2-2b-it
medmcqa-sonnet,textbook,1,medmcqa_validation_2133,medmcqa_validation_2133__textbook__correct,32,2.938998222351074,18.896906328619,gemma-2-2b-it
medmcqa-sonnet,textbook,0,medmcqa_validation_2133,medmcqa_validation_2133__textbook__wrong,31,3.313954591751098,27.49363688094314,gemma-2-2b-it
medmcqa-sonnet,patient,1,medmcqa_validation_2133,medmcqa_validation_2133__patient__correct,67,3.209693193435669,24.77148500438762,gemma-2-2b-it
medmcqa-sonnet,patient,0,medmcqa_validation_2133,medmcqa_validation_2133__patient__wrong,63,3.506593704223633,33.33452691815753,gemma-2-2b-it
medmcqa-sonnet,clinical_note,1,medmcqa_validation_2133,medmcqa_validation_2133__clinical_note__correct,20,6.518155574798584,677.3279517844551,gemma-2-2b-it
medmcqa-sonnet,clinical_note,0,medmcqa_validation_2133,medmcqa_validation_2133__clinical_note__wrong,20,5.766385555267334,319.3812579938638,gemma-2-2b-it
medmcqa-sonnet,colloquial,1,medmcqa_validation_2133,medmcqa_validation_2133__colloquial__correct,30,5.427127361297607,227.49479552078392,gemma-2-2b-it
medmcqa-sonnet,colloquial,0,medmcqa_validation_2133,medmcqa_validation_2133__colloquial__wrong,30,6.072256088256836,433.6579493658111,gemma-2-2b-it
medmcqa-sonnet,textbook,1,medmcqa_validation_371,medmcqa_validation_371__textbook__correct,59,2.6199135780334477,13.734536568126586,gemma-2-2b-it
medmcqa-sonnet,textbook,0,medmcqa_validation_371,medmcqa_validation_371__textbook__wrong,55,2.7996954917907715,16.439640003496994,gemma-2-2b-it
medmcqa-sonnet,patient,1,medmcqa_validation_371,medmcqa_validation_371__patient__correct,89,2.815241813659668,16.697212906354675,gemma-2-2b-it
medmcqa-sonnet,patient,0,medmcqa_validation_371,medmcqa_validation_371__patient__wrong,82,2.9334380626678467,18.79212807376516,gemma-2-2b-it
medmcqa-sonnet,clinical_note,1,medmcqa_validation_371,medmcqa_validation_371__clinical_note__correct,28,5.081607818603516,161.03275936506017,gemma-2-2b-it
medmcqa-sonnet,clinical_note,0,medmcqa_validation_371,medmcqa_validation_371__clinical_note__wrong,25,4.809065818786621,122.6170174828268,gemma-2-2b-it
medmcqa-sonnet,colloquial,1,medmcqa_validation_371,medmcqa_validation_371__colloquial__correct,52,4.373173713684082,79.29489205844777,gemma-2-2b-it
medmcqa-sonnet,colloquial,0,medmcqa_validation_371,medmcqa_validation_371__colloquial__wrong,57,4.304279804229736,74.01589032174452,gemma-2-2b-it
medmcqa-sonnet,textbook,0,medmcqa_validation_2377,medmcqa_validation_2377__textbook__wrong,84,2.411098003387451,11.146192986190927,gemma-2-2b-it
medmcqa-sonnet,textbook,1,medmcqa_validation_2377,medmcqa_validation_2377__textbook__correct,70,2.2232911586761475,9.237683573135891,gemma-2-2b-it
medmcqa-sonnet,patient,1,medmcqa_validation_2377,medmcqa_validation_2377__patient__correct,109,2.705739974975586,14.965386605879075,gemma-2-2b-it
medmcqa-sonnet,clinical_note,1,medmcqa_validation_2377,medmcqa_validation_2377__clinical_note__correct,46,4.403943061828613,81.77266849748824,gemma-2-2b-it
medmcqa-sonnet,patient,0,medmcqa_validation_2377,medmcqa_validation_2377__patient__wrong,108,2.905272483825684,18.27022131381192,gemma-2-2b-it
medmcqa-sonnet,clinical_note,0,medmcqa_validation_2377,medmcqa_validation_2377__clinical_note__wrong,45,4.304461479187012,74.02933837700687,gemma-2-2b-it
medmcqa-sonnet,textbook,1,medmcqa_validation_3783,medmcqa_validation_3783__textbook__correct,39,2.246446371078491,9.45407977987682,gemma-2-2b-it
medmcqa-sonnet,colloquial,1,medmcqa_validation_2377,medmcqa_validation_2377__colloquial__correct,74,3.6536340713500977,38.614740096009,gemma-2-2b-it
medmcqa-sonnet,textbook,0,medmcqa_validation_3783,medmcqa_validation_3783__textbook__wrong,42,2.504802227020264,12.241137760094208,gemma-2-2b-it
medmcqa-sonnet,colloquial,0,medmcqa_validation_2377,medmcqa_validation_2377__colloquial__wrong,68,4.053410053253174,57.59351953233647,gemma-2-2b-it
medmcqa-sonnet,clinical_note,1,medmcqa_validation_3783,medmcqa_validation_3783__clinical_note__correct,18,5.102657318115234,164.4583453059552,gemma-2-2b-it
medmcqa-sonnet,clinical_note,0,medmcqa_validation_3783,medmcqa_validation_3783__clinical_note__wrong,18,5.636319637298584,280.4287374640502,gemma-2-2b-it
medmcqa-sonnet,patient,1,medmcqa_validation_3783,medmcqa_validation_3783__patient__correct,85,3.0407700538635254,20.9213475982316,gemma-2-2b-it
medmcqa-sonnet,patient,0,medmcqa_validation_3783,medmcqa_validation_3783__patient__wrong,57,3.200080633163452,24.534508412380436,gemma-2-2b-it
medmcqa-sonnet,colloquial,1,medmcqa_validation_3783,medmcqa_validation_3783__colloquial__correct,38,4.644927978515625,104.05587125722916,gemma-2-2b-it
medmcqa-sonnet,textbook,1,medmcqa_validation_2714,medmcqa_validation_2714__textbook__correct,69,2.8525116443634038,17.33125717481753,gemma-2-2b-it
medmcqa-sonnet,colloquial,0,medmcqa_validation_3783,medmcqa_validation_3783__colloquial__wrong,31,5.241476535797119,188.9488863322883,gemma-2-2b-it
medmcqa-sonnet,textbook,0,medmcqa_validation_2714,medmcqa_validation_2714__textbook__wrong,46,2.411547899246216,11.15120874045534,gemma-2-2b-it
medmcqa-sonnet,clinical_note,1,medmcqa_validation_2714,medmcqa_validation_2714__clinical_note__correct,18,4.280561447143555,72.28101058406808,gemma-2-2b-it
medmcqa-sonnet,clinical_note,0,medmcqa_validation_2714,medmcqa_validation_2714__clinical_note__wrong,18,4.201812267303467,66.8072940738268,gemma-2-2b-it
medmcqa-sonnet,patient,0,medmcqa_validation_2714,medmcqa_validation_2714__patient__wrong,59,2.873004198074341,17.690082964572373,gemma-2-2b-it
medmcqa-sonnet,patient,1,medmcqa_validation_2714,medmcqa_validation_2714__patient__correct,58,2.8623621463775635,17.502822372911165,gemma-2-2b-it
medmcqa-sonnet,colloquial,1,medmcqa_validation_2714,medmcqa_validation_2714__colloquial__correct,34,6.4710001945495605,646.1296592457269,gemma-2-2b-it
medmcqa-sonnet,colloquial,0,medmcqa_validation_2714,medmcqa_validation_2714__colloquial__wrong,35,5.3854804039001465,218.2149102247624,gemma-2-2b-it
medmcqa-sonnet,textbook,1,medmcqa_validation_1856,medmcqa_validation_1856__textbook__correct,29,3.091310977935791,22.005908333935388,gemma-2-2b-it
medmcqa-sonnet,textbook,0,medmcqa_validation_1856,medmcqa_validation_1856__textbook__wrong,31,3.1224584579467773,22.702123308827503,gemma-2-2b-it
medmcqa-sonnet,clinical_note,1,medmcqa_validation_1856,medmcqa_validation_1856__clinical_note__correct,19,6.132030963897705,460.3702071218125,gemma-2-2b-it
medmcqa-sonnet,patient,0,medmcqa_validation_1856,medmcqa_validation_1856__patient__wrong,45,3.093907594680786,22.06312349477909,gemma-2-2b-it
medmcqa-sonnet,clinical_note,0,medmcqa_validation_1856,medmcqa_validation_1856__clinical_note__wrong,19,6.102053165435791,446.77413024292446,gemma-2-2b-it
medmcqa-sonnet,patient,1,medmcqa_validation_1856,medmcqa_validation_1856__patient__correct,74,2.820608377456665,16.787060435262593,gemma-2-2b-it
medmcqa-sonnet,colloquial,1,medmcqa_validation_1856,medmcqa_validation_1856__colloquial__correct,36,5.5077409744262695,246.5934365067883,gemma-2-2b-it
medmcqa-sonnet,textbook,1,medmcqa_validation_1007,medmcqa_validation_1007__textbook__correct,36,3.6294195652008057,37.69093313762242,gemma-2-2b-it
medmcqa-sonnet,colloquial,0,medmcqa_validation_1856,medmcqa_validation_1856__colloquial__wrong,35,5.542729377746582,255.3740613986961,gemma-2-2b-it
medmcqa-sonnet,textbook,0,medmcqa_validation_1007,medmcqa_validation_1007__textbook__wrong,28,3.8854820728302,48.69040912604577,gemma-2-2b-it
medmcqa-sonnet,patient,1,medmcqa_validation_1007,medmcqa_validation_1007__patient__correct,64,2.998744010925293,20.060325544175083,gemma-2-2b-it
medmcqa-sonnet,clinical_note,1,medmcqa_validation_1007,medmcqa_validation_1007__clinical_note__correct,14,6.613524913787842,745.1048254532274,gemma-2-2b-it
medmcqa-sonnet,clinical_note,0,medmcqa_validation_1007,medmcqa_validation_1007__clinical_note__wrong,13,6.844525337219238,938.7275961921082,gemma-2-2b-it
medmcqa-sonnet,patient,0,medmcqa_validation_1007,medmcqa_validation_1007__patient__wrong,43,3.5384674072265625,34.41413589756139,gemma-2-2b-it
medmcqa-sonnet,textbook,1,medmcqa_validation_3145,medmcqa_validation_3145__textbook__correct,30,2.8897407054901123,17.988644639981523,gemma-2-2b-it
medmcqa-sonnet,colloquial,0,medmcqa_validation_1007,medmcqa_validation_1007__colloquial__wrong,25,6.443788051605225,628.784161035744,gemma-2-2b-it
medmcqa-sonnet,colloquial,1,medmcqa_validation_1007,medmcqa_validation_1007__colloquial__correct,32,5.232878684997559,187.3312958643637,gemma-2-2b-it
medmcqa-sonnet,textbook,0,medmcqa_validation_3145,medmcqa_validation_3145__textbook__wrong,29,2.8751161098480225,17.727482337249768,gemma-2-2b-it
medmcqa-sonnet,clinical_note,1,medmcqa_validation_3145,medmcqa_validation_3145__clinical_note__correct,21,5.270764827728272,194.56471404171123,gemma-2-2b-it
medmcqa-sonnet,patient,0,medmcqa_validation_3145,medmcqa_validation_3145__patient__wrong,64,3.2180540561676025,24.97946422147072,gemma-2-2b-it
medmcqa-sonnet,clinical_note,0,medmcqa_validation_3145,medmcqa_validation_3145__clinical_note__wrong,19,6.231074333190918,508.301275193156,gemma-2-2b-it
medmcqa-sonnet,patient,1,medmcqa_validation_3145,medmcqa_validation_3145__patient__correct,77,2.9891839027404785,19.86946046085739,gemma-2-2b-it
medmcqa-sonnet,colloquial,1,medmcqa_validation_3145,medmcqa_validation_3145__colloquial__correct,30,5.496601581573486,243.86177809737435,gemma-2-2b-it
medmcqa-sonnet,textbook,0,medmcqa_validation_2586,medmcqa_validation_2586__textbook__wrong,32,3.2839176654815674,26.68009189766124,gemma-2-2b-it
medmcqa-sonnet,colloquial,0,medmcqa_validation_3145,medmcqa_validation_3145__colloquial__wrong,29,4.975014686584473,144.7509510296397,gemma-2-2b-it
medmcqa-sonnet,textbook,1,medmcqa_validation_2586,medmcqa_validation_2586__textbook__correct,38,2.7073700428009038,14.989801094308763,gemma-2-2b-it
medmcqa-sonnet,clinical_note,1,medmcqa_validation_2586,medmcqa_validation_2586__clinical_note__correct,17,7.20136308670044,1341.2577695558598,gemma-2-2b-it
medmcqa-sonnet,patient,0,medmcqa_validation_2586,medmcqa_validation_2586__patient__wrong,62,2.888084888458252,17.958883382205094,gemma-2-2b-it
medmcqa-sonnet,clinical_note,0,medmcqa_validation_2586,medmcqa_validation_2586__clinical_note__wrong,13,7.107656478881836,1221.282089406296,gemma-2-2b-it
medmcqa-sonnet,patient,1,medmcqa_validation_2586,medmcqa_validation_2586__patient__correct,88,2.652475357055664,14.189118344280615,gemma-2-2b-it
medmcqa-sonnet,colloquial,0,medmcqa_validation_2586,medmcqa_validation_2586__colloquial__wrong,36,4.534148216247559,93.14414283762984,gemma-2-2b-it
medmcqa-sonnet,textbook,0,medmcqa_validation_3704,medmcqa_validation_3704__textbook__wrong,42,2.53370213508606,12.600067046399085,gemma-2-2b-it
medmcqa-sonnet,textbook,1,medmcqa_validation_3704,medmcqa_validation_3704__textbook__correct,52,2.335651397705078,10.336190707831042,gemma-2-2b-it
medmcqa-sonnet,colloquial,1,medmcqa_validation_2586,medmcqa_validation_2586__colloquial__correct,37,4.559998512268066,95.5833376275768,gemma-2-2b-it
medmcqa-sonnet,clinical_note,0,medmcqa_validation_3704,medmcqa_validation_3704__clinical_note__wrong,19,5.0333356857299805,153.44400093799536,gemma-2-2b-it
medmcqa-sonnet,clinical_note,1,medmcqa_validation_3704,medmcqa_validation_3704__clinical_note__correct,30,3.958228588104248,52.36448467224182,gemma-2-2b-it
medmcqa-sonnet,patient,1,medmcqa_validation_3704,medmcqa_validation_3704__patient__correct,90,2.2430403232574463,9.421933508988376,gemma-2-2b-it
medmcqa-sonnet,patient,0,medmcqa_validation_3704,medmcqa_validation_3704__patient__wrong,84,2.526761770248413,12.51292074748242,gemma-2-2b-it
medmcqa-sonnet,colloquial,1,medmcqa_validation_3704,medmcqa_validation_3704__colloquial__correct,35,5.921908855438232,373.123272917088,gemma-2-2b-it
medmcqa-sonnet,textbook,1,medmcqa_validation_3482,medmcqa_validation_3482__textbook__correct,49,2.120615243911743,8.336264746400508,gemma-2-2b-it
medmcqa-sonnet,textbook,0,medmcqa_validation_3482,medmcqa_validation_3482__textbook__wrong,35,2.8636441230773926,17.52527497215402,gemma-2-2b-it
medmcqa-sonnet,colloquial,0,medmcqa_validation_3704,medmcqa_validation_3704__colloquial__wrong,57,4.57646369934082,97.17016300178878,gemma-2-2b-it
medmcqa-sonnet,clinical_note,0,medmcqa_validation_3482,medmcqa_validation_3482__clinical_note__wrong,17,4.988735198974609,146.75069563574343,gemma-2-2b-it
medmcqa-sonnet,patient,1,medmcqa_validation_3482,medmcqa_validation_3482__patient__correct,70,2.1345975399017334,8.453643567912863,gemma-2-2b-it
medmcqa-sonnet,patient,0,medmcqa_validation_3482,medmcqa_validation_3482__patient__wrong,65,2.6043031215667725,13.521798968545008,gemma-2-2b-it
medmcqa-sonnet,clinical_note,1,medmcqa_validation_3482,medmcqa_validation_3482__clinical_note__correct,37,3.698811292648315,40.399252917228594,gemma-2-2b-it
medmcqa-sonnet,textbook,0,medmcqa_validation_2460,medmcqa_validation_2460__textbook__wrong,59,2.390015125274658,10.913659013883713,gemma-2-2b-it
medmcqa-sonnet,colloquial,1,medmcqa_validation_3482,medmcqa_validation_3482__colloquial__correct,43,4.809268951416016,122.64192752993264,gemma-2-2b-it
medmcqa-sonnet,textbook,1,medmcqa_validation_2460,medmcqa_validation_2460__textbook__correct,44,3.468287467956543,32.0817543414276,gemma-2-2b-it
medmcqa-sonnet,colloquial,0,medmcqa_validation_3482,medmcqa_validation_3482__colloquial__wrong,40,4.247199058532715,69.90932593164636,gemma-2-2b-it
medmcqa-sonnet,clinical_note,0,medmcqa_validation_2460,medmcqa_validation_2460__clinical_note__wrong,22,6.381071090698242,590.5599122525665,gemma-2-2b-it
medmcqa-sonnet,clinical_note,1,medmcqa_validation_2460,medmcqa_validation_2460__clinical_note__correct,22,6.38573169708252,593.3187033759725,gemma-2-2b-it
medmcqa-sonnet,patient,0,medmcqa_validation_2460,medmcqa_validation_2460__patient__wrong,58,3.320434093475342,27.67236034271576,gemma-2-2b-it
medmcqa-sonnet,patient,1,medmcqa_validation_2460,medmcqa_validation_2460__patient__correct,69,2.882409811019897,17.857253978433413,gemma-2-2b-it
medmcqa-sonnet,textbook,1,medmcqa_validation_1442,medmcqa_validation_1442__textbook__correct,64,1.8908920288085935,6.625275982951302,gemma-2-2b-it
medmcqa-sonnet,colloquial,1,medmcqa_validation_2460,medmcqa_validation_2460__colloquial__correct,31,5.544609546661377,255.85465943174643,gemma-2-2b-it
medmcqa-sonnet,colloquial,0,medmcqa_validation_2460,medmcqa_validation_2460__colloquial__wrong,32,5.460916042327881,235.3128822263267,gemma-2-2b-it
medmcqa-sonnet,textbook,0,medmcqa_validation_1442,medmcqa_validation_1442__textbook__wrong,50,2.195976734161377,8.988776415519428,gemma-2-2b-it
medmcqa-sonnet,patient,1,medmcqa_validation_1442,medmcqa_validation_1442__patient__correct,67,2.446216344833374,11.544583256422582,gemma-2-2b-it
medmcqa-sonnet,clinical_note,0,medmcqa_validation_1442,medmcqa_validation_1442__clinical_note__wrong,23,4.652925968170166,104.89144604413468,gemma-2-2b-it
medmcqa-sonnet,clinical_note,1,medmcqa_validation_1442,medmcqa_validation_1442__clinical_note__correct,27,4.611415863037109,100.626522195913,gemma-2-2b-it
medmcqa-sonnet,patient,0,medmcqa_validation_1442,medmcqa_validation_1442__patient__wrong,70,2.4605908393859863,11.711729247069885,gemma-2-2b-it
medmcqa-sonnet,colloquial,0,medmcqa_validation_1442,medmcqa_validation_1442__colloquial__wrong,41,3.9364399909973145,51.23587606172227,gemma-2-2b-it
medmcqa-sonnet,textbook,1,medmcqa_validation_98,medmcqa_validation_98__textbook__correct,49,2.6202778816223145,13.739541020604433,gemma-2-2b-it
medmcqa-sonnet,textbook,0,medmcqa_validation_98,medmcqa_validation_98__textbook__wrong,47,2.566906213760376,13.02546403849121,gemma-2-2b-it
medmcqa-sonnet,colloquial,1,medmcqa_validation_1442,medmcqa_validation_1442__colloquial__correct,51,3.955267429351807,52.2096544716745,gemma-2-2b-it
medmcqa-sonnet,clinical_note,1,medmcqa_validation_98,medmcqa_validation_98__clinical_note__correct,19,4.861139297485352,129.1712828248252,gemma-2-2b-it
medmcqa-sonnet,patient,1,medmcqa_validation_98,medmcqa_validation_98__patient__correct,65,2.4860763549804688,12.014044674772787,gemma-2-2b-it
medmcqa-sonnet,patient,0,medmcqa_validation_98,medmcqa_validation_98__patient__wrong,67,2.342235803604126,10.40447293515716,gemma-2-2b-it
medmcqa-sonnet,clinical_note,0,medmcqa_validation_98,medmcqa_validation_98__clinical_note__wrong,21,4.947550296783447,140.829550411292,gemma-2-2b-it
medmcqa-sonnet,colloquial,0,medmcqa_validation_98,medmcqa_validation_98__colloquial__wrong,42,3.9317564964294434,50.99647417084378,gemma-2-2b-it
medmcqa-sonnet,colloquial,1,medmcqa_validation_98,medmcqa_validation_98__colloquial__correct,45,4.379882335662842,79.82863986845686,gemma-2-2b-it
medmcqa-sonnet,textbook,0,medmcqa_validation_1449,medmcqa_validation_1449__textbook__wrong,35,2.818223237991333,16.747068666843173,gemma-2-2b-it
medmcqa-sonnet,textbook,1,medmcqa_validation_1449,medmcqa_validation_1449__textbook__correct,50,2.8997504711151123,18.16961096097171,gemma-2-2b-it
medmcqa-sonnet,clinical_note,0,medmcqa_validation_1449,medmcqa_validation_1449__clinical_note__wrong,13,5.488624095916748,241.92411338272595,gemma-2-2b-it
medmcqa-sonnet,patient,1,medmcqa_validation_1449,medmcqa_validation_1449__patient__correct,53,2.654998540878296,14.22496530335976,gemma-2-2b-it
medmcqa-sonnet,patient,0,medmcqa_validation_1449,medmcqa_validation_1449__patient__wrong,52,3.2941370010375977,26.95414263260663,gemma-2-2b-it
medmcqa-sonnet,colloquial,1,medmcqa_validation_1449,medmcqa_validation_1449__colloquial__correct,35,5.467357158660889,236.83345170073108,gemma-2-2b-it
medmcqa-sonnet,colloquial,0,medmcqa_validation_1449,medmcqa_validation_1449__colloquial__wrong,33,5.94427490234375,381.56259082666224,gemma-2-2b-it
medmcqa-sonnet,textbook,1,medmcqa_validation_3284,medmcqa_validation_3284__textbook__correct,38,2.1485157012939453,8.572125355123948,gemma-2-2b-it
medmcqa-sonnet,clinical_note,1,medmcqa_validation_1449,medmcqa_validation_1449__clinical_note__correct,13,5.753054618835449,315.151860296966,gemma-2-2b-it
medmcqa-sonnet,textbook,0,medmcqa_validation_3284,medmcqa_validation_3284__textbook__wrong,29,2.427058219909668,11.325515848969951,gemma-2-2b-it
medmcqa-sonnet,clinical_note,0,medmcqa_validation_3284,medmcqa_validation_3284__clinical_note__wrong,17,5.17050838470459,176.00429263364083,gemma-2-2b-it
medmcqa-sonnet,clinical_note,1,medmcqa_validation_3284,medmcqa_validation_3284__clinical_note__correct,21,4.522102355957031,92.02887218904026,gemma-2-2b-it
medmcqa-sonnet,patient,1,medmcqa_validation_3284,medmcqa_validation_3284__patient__correct,69,2.45081090927124,11.597747628143305,gemma-2-2b-it
medmcqa-sonnet,patient,0,medmcqa_validation_3284,medmcqa_validation_3284__patient__wrong,73,2.567782402038574,13.036881798723211,gemma-2-2b-it
medmcqa-sonnet,textbook,0,medmcqa_validation_1156,medmcqa_validation_1156__textbook__wrong,31,2.789699077606201,16.27612121542032,gemma-2-2b-it
medmcqa-sonnet,colloquial,1,medmcqa_validation_3284,medmcqa_validation_3284__colloquial__correct,38,4.565929412841797,96.1519173277103,gemma-2-2b-it
medmcqa-sonnet,colloquial,0,medmcqa_validation_3284,medmcqa_validation_3284__colloquial__wrong,40,4.68026065826416,107.79816739286,gemma-2-2b-it
medmcqa-sonnet,textbook,1,medmcqa_validation_1156,medmcqa_validation_1156__textbook__correct,59,2.4851202964782715,12.002564034172208,gemma-2-2b-it
medmcqa-sonnet,clinical_note,0,medmcqa_validation_1156,medmcqa_validation_1156__clinical_note__wrong,16,4.5044426918029785,90.4179393459414,gemma-2-2b-it
medmcqa-sonnet,patient,0,medmcqa_validation_1156,medmcqa_validation_1156__patient__wrong,52,3.3309805393218994,27.965749781018214,gemma-2-2b-it
medmcqa-sonnet,clinical_note,1,medmcqa_validation_1156,medmcqa_validation_1156__clinical_note__correct,26,3.091696262359619,22.01438850118192,gemma-2-2b-it
medmcqa-sonnet,patient,1,medmcqa_validation_1156,medmcqa_validation_1156__patient__correct,78,2.69013786315918,14.73370701582837,gemma-2-2b-it
medmcqa-sonnet,textbook,1,medmcqa_validation_3827,medmcqa_validation_3827__textbook__correct,37,2.3509297370910645,10.495323081147632,gemma-2-2b-it
medmcqa-sonnet,textbook,0,medmcqa_validation_3827,medmcqa_validation_3827__textbook__wrong,32,2.628432512283325,13.852039973371786,gemma-2-2b-it
medmcqa-sonnet,colloquial,1,medmcqa_validation_1156,medmcqa_validation_1156__colloquial__correct,46,4.3180832862854,75.04465124246504,gemma-2-2b-it
medmcqa-sonnet,colloquial,0,medmcqa_validation_1156,medmcqa_validation_1156__colloquial__wrong,36,5.24761438369751,190.11219230298195,gemma-2-2b-it
medmcqa-sonnet,clinical_note,0,medmcqa_validation_3827,medmcqa_validation_3827__clinical_note__wrong,15,3.8146309852600098,45.36001478012808,gemma-2-2b-it
medmcqa-sonnet,clinical_note,1,medmcqa_validation_3827,medmcqa_validation_3827__clinical_note__correct,26,3.837757110595703,46.42123988312612,gemma-2-2b-it
medmcqa-sonnet,patient,1,medmcqa_validation_3827,medmcqa_validation_3827__patient__correct,64,2.715572595596313,15.113261381721182,gemma-2-2b-it
medmcqa-sonnet,patient,0,medmcqa_validation_3827,medmcqa_validation_3827__patient__wrong,57,2.69055438041687,14.73984513729824,gemma-2-2b-it
medmcqa-sonnet,colloquial,0,medmcqa_validation_3827,medmcqa_validation_3827__colloquial__wrong,35,4.112802982330322,61.11778978625584,gemma-2-2b-it
medmcqa-sonnet,textbook,1,medmcqa_validation_821,medmcqa_validation_821__textbook__correct,34,2.146686792373657,8.556462046344734,gemma-2-2b-it
medmcqa-sonnet,colloquial,1,medmcqa_validation_3827,medmcqa_validation_3827__colloquial__correct,36,3.895255088806152,49.16859412108688,gemma-2-2b-it
medmcqa-sonnet,textbook,0,medmcqa_validation_821,medmcqa_validation_821__textbook__wrong,32,2.4843175411224365,11.992932777898517,gemma-2-2b-it
medmcqa-sonnet,clinical_note,1,medmcqa_validation_821,medmcqa_validation_821__clinical_note__correct,27,4.510367393493652,90.95522873205456,gemma-2-2b-it
medmcqa-sonnet,patient,0,medmcqa_validation_821,medmcqa_validation_821__patient__wrong,64,2.6565537452697754,14.247105243471816,gemma-2-2b-it
medmcqa-sonnet,clinical_note,0,medmcqa_validation_821,medmcqa_validation_821__clinical_note__wrong,25,5.292659759521484,198.87167341855735,gemma-2-2b-it
medmcqa-sonnet,patient,1,medmcqa_validation_821,medmcqa_validation_821__patient__correct,97,2.733039379119873,15.379560369635168,gemma-2-2b-it
medmcqa-sonnet,textbook,1,medmcqa_validation_2814,medmcqa_validation_2814__textbook__correct,32,2.0417473316192627,7.704058990704818,gemma-2-2b-it
medmcqa-sonnet,colloquial,1,medmcqa_validation_821,medmcqa_validation_821__colloquial__correct,46,4.593725681304932,98.86207345464972,gemma-2-2b-it
medmcqa-sonnet,colloquial,0,medmcqa_validation_821,medmcqa_validation_821__colloquial__wrong,48,4.089355945587158,59.70142835084624,gemma-2-2b-it
medmcqa-sonnet,textbook,0,medmcqa_validation_2814,medmcqa_validation_2814__textbook__wrong,32,2.144026279449463,8.533727724373852,gemma-2-2b-it
medmcqa-sonnet,clinical_note,1,medmcqa_validation_2814,medmcqa_validation_2814__clinical_note__correct,20,3.976715087890625,53.34152389952275,gemma-2-2b-it
medmcqa-sonnet,patient,1,medmcqa_validation_2814,medmcqa_validation_2814__patient__correct,61,2.480851411819458,11.951435680866078,gemma-2-2b-it
medmcqa-sonnet,patient,0,medmcqa_validation_2814,medmcqa_validation_2814__patient__wrong,48,2.70236873626709,14.9150196624631,gemma-2-2b-it
medmcqa-sonnet,clinical_note,0,medmcqa_validation_2814,medmcqa_validation_2814__clinical_note__wrong,19,4.203777313232422,66.93870254462625,gemma-2-2b-it
medmcqa-sonnet,colloquial,1,medmcqa_validation_2814,medmcqa_validation_2814__colloquial__correct,39,4.195655822753906,66.39726213687534,gemma-2-2b-it
medmcqa-sonnet,textbook,0,medmcqa_validation_1149,medmcqa_validation_1149__textbook__wrong,46,3.396545648574829,29.86077208399025,gemma-2-2b-it
medmcqa-sonnet,colloquial,0,medmcqa_validation_2814,medmcqa_validation_2814__colloquial__wrong,43,4.5592851638793945,95.51517772146624,gemma-2-2b-it
medmcqa-sonnet,textbook,1,medmcqa_validation_1149,medmcqa_validation_1149__textbook__correct,53,2.453832626342773,11.632845741721011,gemma-2-2b-it
medmcqa-sonnet,patient,1,medmcqa_validation_1149,medmcqa_validation_1149__patient__correct,70,3.3890013694763184,29.636341732371903,gemma-2-2b-it
medmcqa-sonnet,clinical_note,0,medmcqa_validation_1149,medmcqa_validation_1149__clinical_note__wrong,23,5.276973724365234,195.77650428767407,gemma-2-2b-it
medmcqa-sonnet,clinical_note,1,medmcqa_validation_1149,medmcqa_validation_1149__clinical_note__correct,19,6.771517276763916,872.6349187251778,gemma-2-2b-it
medmcqa-sonnet,patient,0,medmcqa_validation_1149,medmcqa_validation_1149__patient__wrong,72,2.9055912494659424,18.276046160937923,gemma-2-2b-it
medmcqa-sonnet,colloquial,0,medmcqa_validation_1149,medmcqa_validation_1149__colloquial__wrong,32,5.498985290527344,244.44376697179916,gemma-2-2b-it
medmcqa-sonnet,colloquial,1,medmcqa_validation_1149,medmcqa_validation_1149__colloquial__correct,42,5.499353885650635,244.5338843596184,gemma-2-2b-it
medmcqa-sonnet,textbook,1,medmcqa_validation_72,medmcqa_validation_72__textbook__correct,50,2.3218777179718018,10.194799302648658,gemma-2-2b-it
medmcqa-sonnet,clinical_note,1,medmcqa_validation_72,medmcqa_validation_72__clinical_note__correct,23,4.766410827636719,117.49676809561784,gemma-2-2b-it
medmcqa-sonnet,textbook,0,medmcqa_validation_72,medmcqa_validation_72__textbook__wrong,58,2.3823699951171875,10.830540799851509,gemma-2-2b-it
medmcqa-sonnet,patient,1,medmcqa_validation_72,medmcqa_validation_72__patient__correct,64,2.9125869274139404,18.40434774908707,gemma-2-2b-it
medmcqa-sonnet,patient,0,medmcqa_validation_72,medmcqa_validation_72__patient__wrong,60,3.2995431423187256,27.100255132337168,gemma-2-2b-it
medmcqa-sonnet,clinical_note,0,medmcqa_validation_72,medmcqa_validation_72__clinical_note__wrong,23,4.936933994293213,139.34236945382324,gemma-2-2b-it
medmcqa-sonnet,colloquial,1,medmcqa_validation_72,medmcqa_validation_72__colloquial__correct,35,4.433867931365967,84.25668652507196,gemma-2-2b-it
medmcqa-sonnet,colloquial,0,medmcqa_validation_72,medmcqa_validation_72__colloquial__wrong,34,4.925902366638184,137.81364398589972,gemma-2-2b-it
medmcqa-sonnet,textbook,1,medmcqa_validation_235,medmcqa_validation_235__textbook__correct,49,2.8744595050811768,17.715846208429838,gemma-2-2b-it
medmcqa-sonnet,clinical_note,1,medmcqa_validation_235,medmcqa_validation_235__clinical_note__correct,23,5.522801399230957,250.3353450538612,gemma-2-2b-it
medmcqa-sonnet,patient,1,medmcqa_validation_235,medmcqa_validation_235__patient__correct,51,2.9967360496521,20.020085600998808,gemma-2-2b-it
medmcqa-sonnet,textbook,0,medmcqa_validation_235,medmcqa_validation_235__textbook__wrong,63,3.407430410385132,30.187574834070283,gemma-2-2b-it
medmcqa-sonnet,patient,0,medmcqa_validation_235,medmcqa_validation_235__patient__wrong,63,3.2681899070739746,26.263756451765904,gemma-2-2b-it
medmcqa-sonnet,clinical_note,0,medmcqa_validation_235,medmcqa_validation_235__clinical_note__wrong,27,5.97255277633667,392.5063739040793,gemma-2-2b-it
medmcqa-sonnet,textbook,1,medmcqa_validation_379,medmcqa_validation_379__textbook__correct,61,1.786954402923584,5.971238757350336,gemma-2-2b-it
medmcqa-sonnet,colloquial,1,medmcqa_validation_235,medmcqa_validation_235__colloquial__correct,47,4.551914691925049,94.81377379707683,gemma-2-2b-it
medmcqa-sonnet,colloquial,0,medmcqa_validation_235,medmcqa_validation_235__colloquial__wrong,44,4.776378154754639,118.67375276995448,gemma-2-2b-it
medmcqa-sonnet,textbook,0,medmcqa_validation_379,medmcqa_validation_379__textbook__wrong,59,1.914592981338501,6.784176948354579,gemma-2-2b-it
medmcqa-sonnet,clinical_note,1,medmcqa_validation_379,medmcqa_validation_379__clinical_note__correct,25,4.52837610244751,92.60805291979092,gemma-2-2b-it
medmcqa-sonnet,patient,1,medmcqa_validation_379,medmcqa_validation_379__patient__correct,70,2.691763162612915,14.757673172607708,gemma-2-2b-it
medmcqa-sonnet,patient,0,medmcqa_validation_379,medmcqa_validation_379__patient__wrong,60,2.9637482166290283,19.370440463507972,gemma-2-2b-it
medmcqa-sonnet,clinical_note,0,medmcqa_validation_379,medmcqa_validation_379__clinical_note__wrong,24,4.734496593475342,113.80615353528287,gemma-2-2b-it
medmcqa-sonnet,textbook,1,medmcqa_validation_1357,medmcqa_validation_1357__textbook__correct,50,2.0105698108673096,7.467571238491488,gemma-2-2b-it
medmcqa-sonnet,colloquial,0,medmcqa_validation_379,medmcqa_validation_379__colloquial__wrong,47,4.415922164916992,82.75812236570135,gemma-2-2b-it
medmcqa-sonnet,colloquial,1,medmcqa_validation_379,medmcqa_validation_379__colloquial__correct,53,3.82051682472229,45.62778379481855,gemma-2-2b-it
medmcqa-sonnet,textbook,0,medmcqa_validation_1357,medmcqa_validation_1357__textbook__wrong,35,2.282376766204834,9.79994492933215,gemma-2-2b-it
medmcqa-sonnet,clinical_note,1,medmcqa_validation_1357,medmcqa_validation_1357__clinical_note__correct,20,3.901716709136963,49.48733157971112,gemma-2-2b-it
medmcqa-sonnet,patient,0,medmcqa_validation_1357,medmcqa_validation_1357__patient__wrong,60,2.54252290725708,12.711700992140765,gemma-2-2b-it
medmcqa-sonnet,clinical_note,0,medmcqa_validation_1357,medmcqa_validation_1357__clinical_note__wrong,14,4.364768505096436,78.63119511376574,gemma-2-2b-it
medmcqa-sonnet,patient,1,medmcqa_validation_1357,medmcqa_validation_1357__patient__correct,70,2.261525869369507,9.597722870710228,gemma-2-2b-it
medmcqa-sonnet,colloquial,1,medmcqa_validation_1357,medmcqa_validation_1357__colloquial__correct,32,4.863922119140625,129.53124408961307,gemma-2-2b-it
medmcqa-sonnet,textbook,1,medmcqa_validation_3793,medmcqa_validation_3793__textbook__correct,34,2.3762149810791016,10.764083402103363,gemma-2-2b-it
medmcqa-sonnet,textbook,0,medmcqa_validation_3793,medmcqa_validation_3793__textbook__wrong,32,2.728985071182251,15.317333125394434,gemma-2-2b-it
medmcqa-sonnet,colloquial,0,medmcqa_validation_1357,medmcqa_validation_1357__colloquial__wrong,28,5.58558988571167,266.5574748179605,gemma-2-2b-it
medmcqa-sonnet,patient,1,medmcqa_validation_3793,medmcqa_validation_3793__patient__correct,64,2.4999256134033203,12.181587780142928,gemma-2-2b-it
medmcqa-sonnet,clinical_note,1,medmcqa_validation_3793,medmcqa_validation_3793__clinical_note__correct,19,4.404190540313721,81.79290797792586,gemma-2-2b-it
medmcqa-sonnet,clinical_note,0,medmcqa_validation_3793,medmcqa_validation_3793__clinical_note__wrong,19,4.312839984893799,74.65219928922332,gemma-2-2b-it
medmcqa-sonnet,patient,0,medmcqa_validation_3793,medmcqa_validation_3793__patient__wrong,70,2.4411187171936035,11.485883012831486,gemma-2-2b-it
medmcqa-sonnet,colloquial,1,medmcqa_validation_3793,medmcqa_validation_3793__colloquial__correct,38,4.181850433349609,65.48692034750795,gemma-2-2b-it
medmcqa-sonnet,textbook,1,medmcqa_validation_724,medmcqa_validation_724__textbook__correct,46,1.78602933883667,5.965717532958451,gemma-2-2b-it
medmcqa-sonnet,textbook,0,medmcqa_validation_724,medmcqa_validation_724__textbook__wrong,49,2.322636127471924,10.202534067980636,gemma-2-2b-it
medmcqa-sonnet,colloquial,0,medmcqa_validation_3793,medmcqa_validation_3793__colloquial__wrong,46,4.292910099029541,73.17911741343025,gemma-2-2b-it
medmcqa-sonnet,clinical_note,1,medmcqa_validation_724,medmcqa_validation_724__clinical_note__correct,25,4.086332321166992,59.52118628364277,gemma-2-2b-it
medmcqa-sonnet,patient,1,medmcqa_validation_724,medmcqa_validation_724__patient__correct,63,2.519355297088623,12.42058649349164,gemma-2-2b-it
medmcqa-sonnet,clinical_note,0,medmcqa_validation_724,medmcqa_validation_724__clinical_note__wrong,16,5.815918922424316,335.5996468923584,gemma-2-2b-it
medmcqa-sonnet,patient,0,medmcqa_validation_724,medmcqa_validation_724__patient__wrong,65,2.5911941528320312,13.345698895624045,gemma-2-2b-it
medmcqa-sonnet,colloquial,1,medmcqa_validation_724,medmcqa_validation_724__colloquial__correct,41,4.583674907684326,97.87340987433464,gemma-2-2b-it
medmcqa-sonnet,textbook,1,medmcqa_validation_1855,medmcqa_validation_1855__textbook__correct,33,2.835744380950928,17.043082125435387,gemma-2-2b-it
medmcqa-sonnet,colloquial,0,medmcqa_validation_724,medmcqa_validation_724__colloquial__wrong,39,4.973685264587402,144.55864378830557,gemma-2-2b-it
medmcqa-sonnet,textbook,0,medmcqa_validation_1855,medmcqa_validation_1855__textbook__wrong,34,2.92775559425354,18.68564522878143,gemma-2-2b-it
medmcqa-sonnet,patient,0,medmcqa_validation_1855,medmcqa_validation_1855__patient__wrong,43,3.028239488601685,20.66082693119338,gemma-2-2b-it
medmcqa-sonnet,patient,1,medmcqa_validation_1855,medmcqa_validation_1855__patient__correct,50,2.4737701416015625,11.867103277983968,gemma-2-2b-it
medmcqa-sonnet,clinical_note,1,medmcqa_validation_1855,medmcqa_validation_1855__clinical_note__correct,18,3.806739330291748,45.00345795631816,gemma-2-2b-it
medmcqa-sonnet,clinical_note,0,medmcqa_validation_1855,medmcqa_validation_1855__clinical_note__wrong,13,5.135780811309815,169.99700365053047,gemma-2-2b-it
medmcqa-sonnet,colloquial,0,medmcqa_validation_1855,medmcqa_validation_1855__colloquial__wrong,32,4.287869930267334,72.81121024773687,gemma-2-2b-it
medmcqa-sonnet,colloquial,1,medmcqa_validation_1855,medmcqa_validation_1855__colloquial__correct,34,4.182124137878418,65.50484686735771,gemma-2-2b-it
medmcqa-sonnet,textbook,1,medmcqa_validation_760,medmcqa_validation_760__textbook__correct,62,3.2778027057647705,26.5174420160303,gemma-2-2b-it
medmcqa-sonnet,textbook,0,medmcqa_validation_760,medmcqa_validation_760__textbook__wrong,50,3.267655849456787,26.249733837352192,gemma-2-2b-it
medmcqa-sonnet,clinical_note,1,medmcqa_validation_760,medmcqa_validation_760__clinical_note__correct,31,6.517482280731201,676.8720643832095,gemma-2-2b-it
medmcqa-sonnet,patient,1,medmcqa_validation_760,medmcqa_validation_760__patient__correct,88,3.1042487621307373,22.29246573876868,gemma-2-2b-it
medmcqa-sonnet,patient,0,medmcqa_validation_760,medmcqa_validation_760__patient__wrong,70,3.447798013687134,31.43110518867547,gemma-2-2b-it
medmcqa-sonnet,clinical_note,0,medmcqa_validation_760,medmcqa_validation_760__clinical_note__wrong,25,6.085770130157471,439.55819938076223,gemma-2-2b-it
medmcqa-sonnet,textbook,1,medmcqa_validation_2454,medmcqa_validation_2454__textbook__correct,46,2.395691156387329,10.975781419568584,gemma-2-2b-it
medmcqa-sonnet,colloquial,0,medmcqa_validation_760,medmcqa_validation_760__colloquial__wrong,46,4.708267211914063,110.85989666992585,gemma-2-2b-it
medmcqa-sonnet,colloquial,1,medmcqa_validation_760,medmcqa_validation_760__colloquial__correct,64,4.350759506225586,77.5373306525743,gemma-2-2b-it
medmcqa-sonnet,textbook,0,medmcqa_validation_2454,medmcqa_validation_2454__textbook__wrong,45,2.7590994834899902,15.785621333190573,gemma-2-2b-it
medmcqa-sonnet,clinical_note,1,medmcqa_validation_2454,medmcqa_validation_2454__clinical_note__correct,20,4.831183433532715,125.35922721877516,gemma-2-2b-it
medmcqa-sonnet,patient,1,medmcqa_validation_2454,medmcqa_validation_2454__patient__correct,54,3.6483571529388423,38.41150994909563,gemma-2-2b-it
medmcqa-sonnet,clinical_note,0,medmcqa_validation_2454,medmcqa_validation_2454__clinical_note__wrong,18,5.93037223815918,376.2945589519856,gemma-2-2b-it
medmcqa-sonnet,colloquial,1,medmcqa_validation_2454,medmcqa_validation_2454__colloquial__correct,36,5.10472297668457,164.79841120533462,gemma-2-2b-it
medmcqa-sonnet,colloquial,0,medmcqa_validation_2454,medmcqa_validation_2454__colloquial__wrong,38,4.858102321624756,128.779587842165,gemma-2-2b-it
medmcqa-sonnet,patient,0,medmcqa_validation_2454,medmcqa_validation_2454__patient__wrong,65,3.565269947052002,35.34899447327932,gemma-2-2b-it
medmcqa-sonnet,textbook,1,medmcqa_validation_112,medmcqa_validation_112__textbook__correct,53,2.512805938720703,12.339505425715588,gemma-2-2b-it
medmcqa-sonnet,textbook,0,medmcqa_validation_112,medmcqa_validation_112__textbook__wrong,36,2.8112823963165283,16.631232380408484,gemma-2-2b-it
medmcqa-sonnet,patient,1,medmcqa_validation_112,medmcqa_validation_112__patient__correct,57,3.3236935138702397,27.76270335133185,gemma-2-2b-it
medmcqa-sonnet,clinical_note,1,medmcqa_validation_112,medmcqa_validation_112__clinical_note__correct,20,4.98600435256958,146.35048872664316,gemma-2-2b-it
medmcqa-sonnet,patient,0,medmcqa_validation_112,medmcqa_validation_112__patient__wrong,54,3.277637243270874,26.513054736917656,gemma-2-2b-it
medmcqa-sonnet,clinical_note,0,medmcqa_validation_112,medmcqa_validation_112__clinical_note__wrong,18,5.448454856872559,232.3987989354557,gemma-2-2b-it
medmcqa-sonnet,colloquial,1,medmcqa_validation_112,medmcqa_validation_112__colloquial__correct,30,5.226061820983887,186.05862662987343,gemma-2-2b-it
medmcqa-sonnet,colloquial,0,medmcqa_validation_112,medmcqa_validation_112__colloquial__wrong,38,4.72213077545166,112.40751284137744,gemma-2-2b-it
medmcqa-sonnet,textbook,1,medmcqa_validation_2777,medmcqa_validation_2777__textbook__correct,39,2.230529308319092,9.30478987895495,gemma-2-2b-it
medmcqa-sonnet,textbook,0,medmcqa_validation_2777,medmcqa_validation_2777__textbook__wrong,41,1.9354139566421509,6.926910902739861,gemma-2-2b-it
medmcqa-sonnet,patient,1,medmcqa_validation_2777,medmcqa_validation_2777__patient__correct,44,2.395052671432495,10.968775784998773,gemma-2-2b-it
medmcqa-sonnet,clinical_note,1,medmcqa_validation_2777,medmcqa_validation_2777__clinical_note__correct,17,3.592128038406372,36.31126553376212,gemma-2-2b-it
medmcqa-sonnet,clinical_note,0,medmcqa_validation_2777,medmcqa_validation_2777__clinical_note__wrong,17,4.325078964233398,75.57148006811585,gemma-2-2b-it
medmcqa-sonnet,patient,0,medmcqa_validation_2777,medmcqa_validation_2777__patient__wrong,50,2.8499152660369877,17.28631704036063,gemma-2-2b-it
medmcqa-sonnet,colloquial,1,medmcqa_validation_2777,medmcqa_validation_2777__colloquial__correct,39,3.917593479156494,50.27930088330449,gemma-2-2b-it
medmcqa-sonnet,colloquial,0,medmcqa_validation_2777,medmcqa_validation_2777__colloquial__wrong,30,4.978175163269043,145.20915672824864,gemma-2-2b-it
medmcqa-sonnet,textbook,0,medmcqa_validation_17,medmcqa_validation_17__textbook__wrong,58,2.2273941040039062,9.275663144564676,gemma-2-2b-it
medmcqa-sonnet,textbook,1,medmcqa_validation_17,medmcqa_validation_17__textbook__correct,77,2.221616506576538,9.222226613072294,gemma-2-2b-it
medmcqa-sonnet,patient,1,medmcqa_validation_17,medmcqa_validation_17__patient__correct,84,2.401308059692383,11.03760478789885,gemma-2-2b-it
medmcqa-sonnet,patient,0,medmcqa_validation_17,medmcqa_validation_17__patient__wrong,76,2.6914310455322266,14.7527727110844,gemma-2-2b-it
medmcqa-sonnet,clinical_note,1,medmcqa_validation_17,medmcqa_validation_17__clinical_note__correct,32,3.926659107208252,50.73718669909849,gemma-2-2b-it
medmcqa-sonnet,clinical_note,0,medmcqa_validation_17,medmcqa_validation_17__clinical_note__wrong,31,4.184770584106445,65.67843151217069,gemma-2-2b-it
medmcqa-sonnet,colloquial,1,medmcqa_validation_17,medmcqa_validation_17__colloquial__correct,50,3.98326587677002,53.69209998236256,gemma-2-2b-it
medmcqa-sonnet,colloquial,0,medmcqa_validation_17,medmcqa_validation_17__colloquial__wrong,53,4.3542070388793945,77.80510444611842,gemma-2-2b-it
medmcqa-sonnet,textbook,1,medmcqa_validation_869,medmcqa_validation_869__textbook__correct,46,2.671626329421997,14.463472446389874,gemma-2-2b-it
medmcqa-sonnet,clinical_note,1,medmcqa_validation_869,medmcqa_validation_869__clinical_note__correct,24,4.741944789886475,114.65696870556948,gemma-2-2b-it
medmcqa-sonnet,patient,0,medmcqa_validation_869,medmcqa_validation_869__patient__wrong,62,3.1218111515045166,22.687432833289375,gemma-2-2b-it
medmcqa-sonnet,patient,1,medmcqa_validation_869,medmcqa_validation_869__patient__correct,74,2.5526044368743896,12.84050254961994,gemma-2-2b-it
medmcqa-sonnet,textbook,0,medmcqa_validation_869,medmcqa_validation_869__textbook__wrong,52,2.7918918132781982,16.311849604151917,gemma-2-2b-it
medmcqa-sonnet,clinical_note,0,medmcqa_validation_869,medmcqa_validation_869__clinical_note__wrong,22,5.065825939178467,158.5113087223998,gemma-2-2b-it
medmcqa-sonnet,colloquial,0,medmcqa_validation_869,medmcqa_validation_869__colloquial__wrong,38,5.488274097442627,241.83945512818303,gemma-2-2b-it
medmcqa-sonnet,textbook,1,medmcqa_validation_3243,medmcqa_validation_3243__textbook__correct,61,2.8102262020111084,16.613675840666925,gemma-2-2b-it
medmcqa-sonnet,textbook,0,medmcqa_validation_3243,medmcqa_validation_3243__textbook__wrong,60,2.513494968414306,12.3480106411948,gemma-2-2b-it
medmcqa-sonnet,patient,1,medmcqa_validation_3243,medmcqa_validation_3243__patient__correct,71,4.069015502929688,58.49934180217759,gemma-2-2b-it
medmcqa-sonnet,patient,0,medmcqa_validation_3243,medmcqa_validation_3243__patient__wrong,79,4.178693771362305,65.28052620503804,gemma-2-2b-it
medmcqa-sonnet,clinical_note,1,medmcqa_validation_3243,medmcqa_validation_3243__clinical_note__correct,23,6.741402626037598,846.7475735056317,gemma-2-2b-it
medmcqa-sonnet,colloquial,1,medmcqa_validation_869,medmcqa_validation_869__colloquial__correct,49,4.838794708251953,126.31701108999432,gemma-2-2b-it
medmcqa-sonnet,clinical_note,0,medmcqa_validation_3243,medmcqa_validation_3243__clinical_note__wrong,23,6.784881114959717,884.3749417445531,gemma-2-2b-it
medmcqa-sonnet,colloquial,1,medmcqa_validation_3243,medmcqa_validation_3243__colloquial__correct,29,7.35130500793457,1558.228702367268,gemma-2-2b-it
medmcqa-sonnet,textbook,1,medmcqa_validation_1166,medmcqa_validation_1166__textbook__correct,59,1.443312168121338,4.234698648195573,gemma-2-2b-it
medmcqa-sonnet,textbook,0,medmcqa_validation_1166,medmcqa_validation_1166__textbook__wrong,38,1.7271158695220947,5.624408964105958,gemma-2-2b-it
medmcqa-sonnet,colloquial,0,medmcqa_validation_3243,medmcqa_validation_3243__colloquial__wrong,42,6.263380527496338,524.9906891575395,gemma-2-2b-it
medmcqa-sonnet,clinical_note,0,medmcqa_validation_1166,medmcqa_validation_1166__clinical_note__wrong,19,3.2507224082946777,25.80897780394324,gemma-2-2b-it
medmcqa-sonnet,patient,0,medmcqa_validation_1166,medmcqa_validation_1166__patient__wrong,75,1.9755942821502688,7.21090369208216,gemma-2-2b-it
medmcqa-sonnet,clinical_note,1,medmcqa_validation_1166,medmcqa_validation_1166__clinical_note__correct,18,3.66025972366333,38.8714373925012,gemma-2-2b-it
medmcqa-sonnet,patient,1,medmcqa_validation_1166,medmcqa_validation_1166__patient__correct,68,2.266983985900879,9.650251584086805,gemma-2-2b-it
medmcqa-sonnet,colloquial,1,medmcqa_validation_1166,medmcqa_validation_1166__colloquial__correct,36,4.19725227355957,66.50334675641471,gemma-2-2b-it
medmcqa-sonnet,colloquial,0,medmcqa_validation_1166,medmcqa_validation_1166__colloquial__wrong,42,3.687323093414306,39.937793992064414,gemma-2-2b-it
medmcqa-sonnet,textbook,0,medmcqa_validation_2977,medmcqa_validation_2977__textbook__wrong,100,2.12975549697876,8.412809602588537,gemma-2-2b-it
medmcqa-sonnet,textbook,1,medmcqa_validation_2977,medmcqa_validation_2977__textbook__correct,100,2.053224802017212,7.792991483469709,gemma-2-2b-it
medmcqa-sonnet,clinical_note,1,medmcqa_validation_2977,medmcqa_validation_2977__clinical_note__correct,66,3.1617560386657715,23.61202317016777,gemma-2-2b-it
medmcqa-sonnet,patient,0,medmcqa_validation_2977,medmcqa_validation_2977__patient__wrong,112,2.8147506713867188,16.689014212783235,gemma-2-2b-it
medmcqa-sonnet,clinical_note,0,medmcqa_validation_2977,medmcqa_validation_2977__clinical_note__wrong,64,3.2466306686401367,25.70358994290126,gemma-2-2b-it
medmcqa-sonnet,patient,1,medmcqa_validation_2977,medmcqa_validation_2977__patient__correct,110,2.700617790222168,14.888927117760389,gemma-2-2b-it
medmcqa-sonnet,textbook,1,medmcqa_validation_3807,medmcqa_validation_3807__textbook__correct,117,2.5983242988586426,13.44119572617067,gemma-2-2b-it
medmcqa-sonnet,colloquial,0,medmcqa_validation_2977,medmcqa_validation_2977__colloquial__wrong,76,4.552175521850586,94.83850729211385,gemma-2-2b-it
medmcqa-sonnet,colloquial,1,medmcqa_validation_2977,medmcqa_validation_2977__colloquial__correct,93,4.271336555480957,71.61729216421294,gemma-2-2b-it
medmcqa-sonnet,textbook,0,medmcqa_validation_3807,medmcqa_validation_3807__textbook__wrong,118,2.6539130210876465,14.209532199986704,gemma-2-2b-it
medmcqa-sonnet,clinical_note,1,medmcqa_validation_3807,medmcqa_validation_3807__clinical_note__correct,75,4.762485980987549,117.03651510110852,gemma-2-2b-it
medmcqa-sonnet,patient,1,medmcqa_validation_3807,medmcqa_validation_3807__patient__correct,136,2.810975790023804,16.62613392155461,gemma-2-2b-it
medmcqa-sonnet,patient,0,medmcqa_validation_3807,medmcqa_validation_3807__patient__wrong,127,2.947336196899414,19.05512695576269,gemma-2-2b-it
medmcqa-sonnet,clinical_note,0,medmcqa_validation_3807,medmcqa_validation_3807__clinical_note__wrong,70,4.957468986511231,142.23334542108856,gemma-2-2b-it
medmcqa-sonnet,textbook,1,medmcqa_validation_2846,medmcqa_validation_2846__textbook__correct,41,2.9956324100494385,19.998002829632824,gemma-2-2b-it
medmcqa-sonnet,colloquial,1,medmcqa_validation_3807,medmcqa_validation_3807__colloquial__correct,112,4.065169334411621,58.27477561195011,gemma-2-2b-it
medmcqa-sonnet,textbook,0,medmcqa_validation_2846,medmcqa_validation_2846__textbook__wrong,30,3.1877875328063965,24.234749496436667,gemma-2-2b-it
medmcqa-sonnet,colloquial,0,medmcqa_validation_3807,medmcqa_validation_3807__colloquial__wrong,110,4.056052684783936,57.74591926249596,gemma-2-2b-it
medmcqa-sonnet,clinical_note,1,medmcqa_validation_2846,medmcqa_validation_2846__clinical_note__correct,18,5.125783443450928,168.30594820648727,gemma-2-2b-it
medmcqa-sonnet,patient,1,medmcqa_validation_2846,medmcqa_validation_2846__patient__correct,74,2.4889440536499023,12.048546781879905,gemma-2-2b-it
medmcqa-sonnet,patient,0,medmcqa_validation_2846,medmcqa_validation_2846__patient__wrong,43,3.069210290908813,21.524897554051574,gemma-2-2b-it
medmcqa-sonnet,clinical_note,0,medmcqa_validation_2846,medmcqa_validation_2846__clinical_note__wrong,18,5.357766151428223,212.25028149394024,gemma-2-2b-it
medmcqa-sonnet,colloquial,1,medmcqa_validation_2846,medmcqa_validation_2846__colloquial__correct,45,4.483112812042236,88.50975855048834,gemma-2-2b-it
medmcqa-sonnet,textbook,0,medmcqa_validation_3774,medmcqa_validation_3774__textbook__wrong,50,2.400843381881714,11.032477049336412,gemma-2-2b-it
medmcqa-sonnet,colloquial,0,medmcqa_validation_2846,medmcqa_validation_2846__colloquial__wrong,38,4.619650363922119,101.4585523570892,gemma-2-2b-it
medmcqa-sonnet,textbook,1,medmcqa_validation_3774,medmcqa_validation_3774__textbook__correct,51,2.4943532943725586,12.11389685958749,gemma-2-2b-it
medmcqa-sonnet,clinical_note,1,medmcqa_validation_3774,medmcqa_validation_3774__clinical_note__correct,17,6.666613578796387,785.7302803729777,gemma-2-2b-it
medmcqa-sonnet,patient,1,medmcqa_validation_3774,medmcqa_validation_3774__patient__correct,65,2.927663803100586,18.68393013057881,gemma-2-2b-it
medmcqa-sonnet,clinical_note,0,medmcqa_validation_3774,medmcqa_validation_3774__clinical_note__wrong,18,5.384588241577148,218.0203139221956,gemma-2-2b-it
medmcqa-sonnet,colloquial,1,medmcqa_validation_3774,medmcqa_validation_3774__colloquial__correct,45,4.836495399475098,126.02690292966106,gemma-2-2b-it
medmcqa-sonnet,colloquial,0,medmcqa_validation_3774,medmcqa_validation_3774__colloquial__wrong,38,4.721841335296631,112.37498230148351,gemma-2-2b-it
medmcqa-sonnet,textbook,1,medmcqa_validation_94,medmcqa_validation_94__textbook__correct,106,2.2808425426483154,9.78492115083339,gemma-2-2b-it
medmcqa-sonnet,textbook,0,medmcqa_validation_94,medmcqa_validation_94__textbook__wrong,64,2.6383979320526123,13.990771477090092,gemma-2-2b-it
medmcqa-sonnet,patient,1,medmcqa_validation_94,medmcqa_validation_94__patient__correct,76,2.5829758644104004,13.23646954683868,gemma-2-2b-it
medmcqa-sonnet,patient,0,medmcqa_validation_94,medmcqa_validation_94__patient__wrong,65,2.676995038986206,14.541331443404438,gemma-2-2b-it
medmcqa-sonnet,clinical_note,0,medmcqa_validation_94,medmcqa_validation_94__clinical_note__wrong,33,4.851609706878662,127.94618001673746,gemma-2-2b-it
medmcqa-sonnet,clinical_note,1,medmcqa_validation_94,medmcqa_validation_94__clinical_note__correct,55,4.013525009155273,55.34160680896453,gemma-2-2b-it
medmcqa-sonnet,colloquial,1,medmcqa_validation_94,medmcqa_validation_94__colloquial__correct,49,4.790284633636475,120.33561535289964,gemma-2-2b-it
medmcqa-sonnet,patient,0,medmcqa_validation_3774,medmcqa_validation_3774__patient__wrong,61,2.6782121658325195,14.55904086340438,gemma-2-2b-it
medmcqa-sonnet,textbook,1,medmcqa_validation_3017,medmcqa_validation_3017__textbook__correct,25,3.3226630687713623,27.734110144127072,gemma-2-2b-it
medmcqa-sonnet,colloquial,0,medmcqa_validation_94,medmcqa_validation_94__colloquial__wrong,56,4.660508155822754,105.689775388009,gemma-2-2b-it
medmcqa-sonnet,textbook,0,medmcqa_validation_3017,medmcqa_validation_3017__textbook__wrong,30,2.9891369342803955,19.868527244812896,gemma-2-2b-it
medmcqa-sonnet,patient,0,medmcqa_validation_3017,medmcqa_validation_3017__patient__wrong,57,2.847954273223877,17.25245191236798,gemma-2-2b-it
medmcqa-sonnet,clinical_note,1,medmcqa_validation_3017,medmcqa_validation_3017__clinical_note__correct,17,6.382401466369629,591.3461016399843,gemma-2-2b-it
medmcqa-sonnet,clinical_note,0,medmcqa_validation_3017,medmcqa_validation_3017__clinical_note__wrong,21,5.66884183883667,289.6988220999721,gemma-2-2b-it
medmcqa-sonnet,patient,1,medmcqa_validation_3017,medmcqa_validation_3017__patient__correct,69,2.6540169715881348,14.211009364745276,gemma-2-2b-it
medmcqa-sonnet,colloquial,0,medmcqa_validation_3017,medmcqa_validation_3017__colloquial__wrong,39,5.116989135742188,166.83230324995955,gemma-2-2b-it
medmcqa-sonnet,colloquial,1,medmcqa_validation_3017,medmcqa_validation_3017__colloquial__correct,36,5.444345474243164,231.4457429251148,gemma-2-2b-it
medmcqa-sonnet,textbook,1,medmcqa_validation_1165,medmcqa_validation_1165__textbook__correct,57,3.1941730976104736,24.389997204482864,gemma-2-2b-it
medmcqa-sonnet,textbook,0,medmcqa_validation_1165,medmcqa_validation_1165__textbook__wrong,49,3.215064764022827,24.90490480075919,gemma-2-2b-it
medmcqa-sonnet,clinical_note,0,medmcqa_validation_1165,medmcqa_validation_1165__clinical_note__wrong,26,4.457841873168945,86.30105934586805,gemma-2-2b-it
medmcqa-sonnet,patient,1,medmcqa_validation_1165,medmcqa_validation_1165__patient__correct,56,3.205331802368164,24.663682127096752,gemma-2-2b-it
medmcqa-sonnet,clinical_note,1,medmcqa_validation_1165,medmcqa_validation_1165__clinical_note__correct,21,5.324007987976074,205.2046939379111,gemma-2-2b-it
medmcqa-sonnet,patient,0,medmcqa_validation_1165,medmcqa_validation_1165__patient__wrong,67,2.7252767086029053,15.260636091969968,gemma-2-2b-it
medmcqa-sonnet,colloquial,1,medmcqa_validation_1165,medmcqa_validation_1165__colloquial__correct,39,4.647655487060547,104.34007193893856,gemma-2-2b-it
medmcqa-sonnet,textbook,1,medmcqa_validation_3858,medmcqa_validation_3858__textbook__correct,40,3.664616823196411,39.04117362451577,gemma-2-2b-it
medmcqa-sonnet,colloquial,0,medmcqa_validation_1165,medmcqa_validation_1165__colloquial__wrong,41,4.6232428550720215,101.8236968049,gemma-2-2b-it
medmcqa-sonnet,textbook,0,medmcqa_validation_3858,medmcqa_validation_3858__textbook__wrong,39,2.8430380821228027,17.167843707264637,gemma-2-2b-it
medmcqa-sonnet,clinical_note,1,medmcqa_validation_3858,medmcqa_validation_3858__clinical_note__correct,20,7.16213846206665,1289.6658877524026,gemma-2-2b-it
medmcqa-sonnet,patient,0,medmcqa_validation_3858,medmcqa_validation_3858__patient__wrong,54,3.104581117630005,22.299875993700468,gemma-2-2b-it
medmcqa-sonnet,clinical_note,0,medmcqa_validation_3858,medmcqa_validation_3858__clinical_note__wrong,22,5.560598373413086,259.9783539244778,gemma-2-2b-it
medmcqa-sonnet,patient,1,medmcqa_validation_3858,medmcqa_validation_3858__patient__correct,84,2.8692727088928223,17.62419561678397,gemma-2-2b-it
medmcqa-sonnet,textbook,1,medmcqa_validation_1334,medmcqa_validation_1334__textbook__correct,29,3.100448608398437,22.20791170281189,gemma-2-2b-it
medmcqa-sonnet,textbook,0,medmcqa_validation_1334,medmcqa_validation_1334__textbook__wrong,38,3.2061996459960938,24.68509563691709,gemma-2-2b-it
medmcqa-sonnet,colloquial,1,medmcqa_validation_3858,medmcqa_validation_3858__colloquial__correct,47,5.505692958831787,246.0889261022552,gemma-2-2b-it
medmcqa-sonnet,colloquial,0,medmcqa_validation_3858,medmcqa_validation_3858__colloquial__wrong,46,5.254148960113525,191.3585627676541,gemma-2-2b-it
medmcqa-sonnet,clinical_note,0,medmcqa_validation_1334,medmcqa_validation_1334__clinical_note__wrong,20,4.973935127258301,144.59476811001574,gemma-2-2b-it
medmcqa-sonnet,clinical_note,1,medmcqa_validation_1334,medmcqa_validation_1334__clinical_note__correct,24,4.395055770874023,81.0491508186626,gemma-2-2b-it
medmcqa-sonnet,patient,0,medmcqa_validation_1334,medmcqa_validation_1334__patient__wrong,45,3.329094171524048,27.913045816347825,gemma-2-2b-it
medmcqa-sonnet,patient,1,medmcqa_validation_1334,medmcqa_validation_1334__patient__correct,68,2.158724069595337,8.6600809455801,gemma-2-2b-it
medmcqa-sonnet,textbook,0,medmcqa_validation_3544,medmcqa_validation_3544__textbook__wrong,37,2.478529930114746,11.923722821481952,gemma-2-2b-it
medmcqa-sonnet,colloquial,0,medmcqa_validation_1334,medmcqa_validation_1334__colloquial__wrong,38,4.464940547943115,86.9158620593699,gemma-2-2b-it
medmcqa-sonnet,colloquial,1,medmcqa_validation_1334,medmcqa_validation_1334__colloquial__correct,42,4.149258613586426,63.38698862120625,gemma-2-2b-it
medmcqa-sonnet,textbook,1,medmcqa_validation_3544,medmcqa_validation_3544__textbook__correct,50,2.212153911590576,9.13537200085735,gemma-2-2b-it
medmcqa-sonnet,patient,1,medmcqa_validation_3544,medmcqa_validation_3544__patient__correct,58,2.411858558654785,11.154673506520709,gemma-2-2b-it
medmcqa-sonnet,clinical_note,1,medmcqa_validation_3544,medmcqa_validation_3544__clinical_note__correct,34,2.7673401832580566,15.91624336853638,gemma-2-2b-it
medmcqa-sonnet,patient,0,medmcqa_validation_3544,medmcqa_validation_3544__patient__wrong,61,2.3910720348358154,10.925199862184837,gemma-2-2b-it
medmcqa-sonnet,clinical_note,0,medmcqa_validation_3544,medmcqa_validation_3544__clinical_note__wrong,20,3.378190279006958,29.317666279184035,gemma-2-2b-it
medmcqa-sonnet,colloquial,1,medmcqa_validation_3544,medmcqa_validation_3544__colloquial__correct,36,4.533636569976807,93.0964981739512,gemma-2-2b-it
medmcqa-sonnet,colloquial,0,medmcqa_validation_3544,medmcqa_validation_3544__colloquial__wrong,36,3.741586923599243,42.1648494953639,gemma-2-2b-it
medmcqa-sonnet,textbook,0,medmcqa_validation_2642,medmcqa_validation_2642__textbook__wrong,73,1.5832743644714355,4.870878760599535,gemma-2-2b-it
medmcqa-sonnet,textbook,1,medmcqa_validation_2642,medmcqa_validation_2642__textbook__correct,126,1.620467185974121,5.055451601022274,gemma-2-2b-it
medmcqa-sonnet,patient,1,medmcqa_validation_2642,medmcqa_validation_2642__patient__correct,80,2.249783992767334,9.485686638125037,gemma-2-2b-it
medmcqa-sonnet,patient,0,medmcqa_validation_2642,medmcqa_validation_2642__patient__wrong,83,2.542833089828491,12.715644551821637,gemma-2-2b-it
medmcqa-sonnet,clinical_note,1,medmcqa_validation_2642,medmcqa_validation_2642__clinical_note__correct,48,3.250616312026977,25.806239712978268,gemma-2-2b-it
medmcqa-sonnet,clinical_note,0,medmcqa_validation_2642,medmcqa_validation_2642__clinical_note__wrong,34,2.5176239013671875,12.399100149228872,gemma-2-2b-it
medmcqa-sonnet,colloquial,1,medmcqa_validation_2642,medmcqa_validation_2642__colloquial__correct,57,3.1082489490509038,22.381818363086754,gemma-2-2b-it
medmcqa-sonnet,colloquial,0,medmcqa_validation_2642,medmcqa_validation_2642__colloquial__wrong,55,3.324690580368042,27.79039841734874,gemma-2-2b-it
medmcqa-sonnet,textbook,1,medmcqa_validation_2655,medmcqa_validation_2655__textbook__correct,72,2.2214677333831787,9.220854695024029,gemma-2-2b-it
medmcqa-sonnet,textbook,0,medmcqa_validation_2655,medmcqa_validation_2655__textbook__wrong,90,1.85590934753418,6.397513169154535,gemma-2-2b-it
medmcqa-sonnet,clinical_note,1,medmcqa_validation_2655,medmcqa_validation_2655__clinical_note__correct,36,3.946110963821411,51.73378055650321,gemma-2-2b-it
medmcqa-sonnet,patient,1,medmcqa_validation_2655,medmcqa_validation_2655__patient__correct,91,2.494342565536499,12.113766892271242,gemma-2-2b-it
medmcqa-sonnet,patient,0,medmcqa_validation_2655,medmcqa_validation_2655__patient__wrong,84,2.5331199169158936,12.592733193577711,gemma-2-2b-it
medmcqa-sonnet,colloquial,1,medmcqa_validation_2655,medmcqa_validation_2655__colloquial__correct,62,4.277606010437012,72.06770399452655,gemma-2-2b-it
medmcqa-sonnet,clinical_note,0,medmcqa_validation_2655,medmcqa_validation_2655__clinical_note__wrong,37,4.126836776733398,61.98155103009459,gemma-2-2b-it
medmcqa-sonnet,colloquial,0,medmcqa_validation_2655,medmcqa_validation_2655__colloquial__wrong,56,4.52532434463501,92.32586637229852,gemma-2-2b-it
medmcqa-sonnet,textbook,1,medmcqa_validation_1006,medmcqa_validation_1006__textbook__correct,100,2.4569122791290283,11.66872608866859,gemma-2-2b-it
medmcqa-sonnet,textbook,0,medmcqa_validation_1006,medmcqa_validation_1006__textbook__wrong,103,2.4904134273529053,12.066263612815698,gemma-2-2b-it
medmcqa-sonnet,clinical_note,1,medmcqa_validation_1006,medmcqa_validation_1006__clinical_note__correct,66,4.512895107269287,91.18542833346986,gemma-2-2b-it
medmcqa-sonnet,patient,1,medmcqa_validation_1006,medmcqa_validation_1006__patient__correct,158,2.554239511489868,12.861514903090374,gemma-2-2b-it
medmcqa-sonnet,clinical_note,0,medmcqa_validation_1006,medmcqa_validation_1006__clinical_note__wrong,66,4.349722385406494,77.45695675862139,gemma-2-2b-it
medmcqa-sonnet,patient,0,medmcqa_validation_1006,medmcqa_validation_1006__patient__wrong,147,2.511220216751098,12.319953906601556,gemma-2-2b-it
medmcqa-sonnet,textbook,0,medmcqa_validation_3949,medmcqa_validation_3949__textbook__wrong,55,1.8146899938583372,6.139172701173425,gemma-2-2b-it
medmcqa-sonnet,textbook,1,medmcqa_validation_3949,medmcqa_validation_3949__textbook__correct,50,2.399653911590576,11.019362047147606,gemma-2-2b-it
medmcqa-sonnet,colloquial,0,medmcqa_validation_1006,medmcqa_validation_1006__colloquial__wrong,95,4.000559329986572,54.62869695777824,gemma-2-2b-it
medmcqa-sonnet,colloquial,1,medmcqa_validation_1006,medmcqa_validation_1006__colloquial__correct,113,3.83202075958252,46.15571366060773,gemma-2-2b-it
medmcqa-sonnet,patient,0,medmcqa_validation_3949,medmcqa_validation_3949__patient__wrong,48,2.595815420150757,13.40751566366712,gemma-2-2b-it
medmcqa-sonnet,clinical_note,0,medmcqa_validation_3949,medmcqa_validation_3949__clinical_note__wrong,18,3.9207334518432617,50.43742463700424,gemma-2-2b-it
medmcqa-sonnet,clinical_note,1,medmcqa_validation_3949,medmcqa_validation_3949__clinical_note__correct,28,3.583326578140259,35.99307569463149,gemma-2-2b-it
medmcqa-sonnet,patient,1,medmcqa_validation_3949,medmcqa_validation_3949__patient__correct,68,2.77838134765625,16.09295096180524,gemma-2-2b-it
medmcqa-sonnet,textbook,1,medmcqa_validation_2389,medmcqa_validation_2389__textbook__correct,47,3.1299691200256348,22.8732732054448,gemma-2-2b-it
medmcqa-sonnet,colloquial,0,medmcqa_validation_3949,medmcqa_validation_3949__colloquial__wrong,37,3.791130781173706,44.30647288547801,gemma-2-2b-it
medmcqa-sonnet,colloquial,1,medmcqa_validation_3949,medmcqa_validation_3949__colloquial__correct,42,3.4788920879364014,32.42377947249336,gemma-2-2b-it
medmcqa-sonnet,textbook,0,medmcqa_validation_2389,medmcqa_validation_2389__textbook__wrong,45,3.0703186988830566,21.5487691494346,gemma-2-2b-it
medmcqa-sonnet,clinical_note,1,medmcqa_validation_2389,medmcqa_validation_2389__clinical_note__correct,21,5.5858154296875,266.6176020310287,gemma-2-2b-it
medmcqa-sonnet,clinical_note,0,medmcqa_validation_2389,medmcqa_validation_2389__clinical_note__wrong,25,6.146122932434082,466.9036560547766,gemma-2-2b-it
medmcqa-sonnet,patient,1,medmcqa_validation_2389,medmcqa_validation_2389__patient__correct,74,2.989201545715332,19.869811020341103,gemma-2-2b-it
medmcqa-sonnet,patient,0,medmcqa_validation_2389,medmcqa_validation_2389__patient__wrong,72,3.135416984558105,22.99822374705809,gemma-2-2b-it
medmcqa-sonnet,colloquial,1,medmcqa_validation_2389,medmcqa_validation_2389__colloquial__correct,44,5.317887306213379,203.95253724552128,gemma-2-2b-it
medmcqa-sonnet,textbook,1,medmcqa_validation_3550,medmcqa_validation_3550__textbook__correct,56,2.9017698764801025,18.2063398435957,gemma-2-2b-it
medmcqa-sonnet,textbook,0,medmcqa_validation_3550,medmcqa_validation_3550__textbook__wrong,38,3.822553157806397,45.72079182604059,gemma-2-2b-it
medmcqa-sonnet,colloquial,0,medmcqa_validation_2389,medmcqa_validation_2389__colloquial__wrong,50,4.724882125854492,112.71721114602636,gemma-2-2b-it
medmcqa-sonnet,clinical_note,1,medmcqa_validation_3550,medmcqa_validation_3550__clinical_note__correct,21,6.06048059463501,428.5813612751326,gemma-2-2b-it
medmcqa-sonnet,patient,1,medmcqa_validation_3550,medmcqa_validation_3550__patient__correct,61,3.4414737224578857,31.23295297241861,gemma-2-2b-it
medmcqa-sonnet,clinical_note,0,medmcqa_validation_3550,medmcqa_validation_3550__clinical_note__wrong,18,6.65337610244751,775.397733672474,gemma-2-2b-it
medmcqa-sonnet,patient,0,medmcqa_validation_3550,medmcqa_validation_3550__patient__wrong,57,3.5844545364379883,36.03369728844709,gemma-2-2b-it
medmcqa-sonnet,colloquial,1,medmcqa_validation_3550,medmcqa_validation_3550__colloquial__correct,39,5.178501605987549,177.41677149902483,gemma-2-2b-it
medmcqa-sonnet,colloquial,0,medmcqa_validation_3550,medmcqa_validation_3550__colloquial__wrong,40,5.195895671844482,180.52976583395156,gemma-2-2b-it
medmcqa-sonnet,textbook,0,medmcqa_validation_2843,medmcqa_validation_2843__textbook__wrong,29,2.710044384002685,15.029942589083818,gemma-2-2b-it
medmcqa-sonnet,textbook,1,medmcqa_validation_2843,medmcqa_validation_2843__textbook__correct,39,2.354172706604004,10.529414342511153,gemma-2-2b-it
medmcqa-sonnet,patient,1,medmcqa_validation_2843,medmcqa_validation_2843__patient__correct,55,2.421693801879883,11.264923713629583,gemma-2-2b-it
medmcqa-sonnet,clinical_note,0,medmcqa_validation_2843,medmcqa_validation_2843__clinical_note__wrong,14,4.231320381164551,68.8080250402935,gemma-2-2b-it
medmcqa-sonnet,clinical_note,1,medmcqa_validation_2843,medmcqa_validation_2843__clinical_note__correct,12,4.805110931396484,122.13303865827427,gemma-2-2b-it
medmcqa-sonnet,patient,0,medmcqa_validation_2843,medmcqa_validation_2843__patient__wrong,59,2.6955604553222656,14.813818910788369,gemma-2-2b-it
medmcqa-sonnet,colloquial,1,medmcqa_validation_2843,medmcqa_validation_2843__colloquial__correct,31,4.824410438537598,124.513038650497,gemma-2-2b-it
medmcqa-sonnet,textbook,1,medmcqa_validation_1670,medmcqa_validation_1670__textbook__correct,44,2.92374587059021,18.610870967190348,gemma-2-2b-it
medmcqa-sonnet,textbook,0,medmcqa_validation_1670,medmcqa_validation_1670__textbook__wrong,41,2.886107444763184,17.923405790521098,gemma-2-2b-it
medmcqa-sonnet,colloquial,0,medmcqa_validation_2843,medmcqa_validation_2843__colloquial__wrong,37,3.834982872009277,46.29263476134128,gemma-2-2b-it
medmcqa-sonnet,patient,1,medmcqa_validation_1670,medmcqa_validation_1670__patient__correct,67,3.029474973678589,20.68636884962392,gemma-2-2b-it
medmcqa-sonnet,patient,0,medmcqa_validation_1670,medmcqa_validation_1670__patient__wrong,67,2.4609107971191406,11.715477104957175,gemma-2-2b-it
medmcqa-sonnet,clinical_note,1,medmcqa_validation_1670,medmcqa_validation_1670__clinical_note__correct,21,4.302323341369629,73.87122254598337,gemma-2-2b-it
medmcqa-sonnet,clinical_note,0,medmcqa_validation_1670,medmcqa_validation_1670__clinical_note__wrong,13,6.249277591705322,517.6387430431553,gemma-2-2b-it
medmcqa-sonnet,colloquial,1,medmcqa_validation_1670,medmcqa_validation_1670__colloquial__correct,34,5.00963020324707,149.84931211281594,gemma-2-2b-it
medmcqa-sonnet,textbook,0,medmcqa_validation_2631,medmcqa_validation_2631__textbook__wrong,46,2.386681318283081,10.87733556249002,gemma-2-2b-it
medmcqa-sonnet,textbook,1,medmcqa_validation_2631,medmcqa_validation_2631__textbook__correct,46,2.368106842041016,10.677159588655137,gemma-2-2b-it
medmcqa-sonnet,colloquial,0,medmcqa_validation_1670,medmcqa_validation_1670__colloquial__wrong,33,5.460901737213135,235.3095160726219,gemma-2-2b-it
medmcqa-sonnet,clinical_note,1,medmcqa_validation_2631,medmcqa_validation_2631__clinical_note__correct,22,4.60784387588501,100.26772673934124,gemma-2-2b-it
medmcqa-sonnet,patient,1,medmcqa_validation_2631,medmcqa_validation_2631__patient__correct,61,2.974448680877685,19.57882609231268,gemma-2-2b-it
medmcqa-sonnet,clinical_note,0,medmcqa_validation_2631,medmcqa_validation_2631__clinical_note__wrong,22,4.975847244262695,144.87151472650115,gemma-2-2b-it
medmcqa-sonnet,patient,0,medmcqa_validation_2631,medmcqa_validation_2631__patient__wrong,62,3.118291139602661,22.60771318905564,gemma-2-2b-it
medmcqa-sonnet,colloquial,1,medmcqa_validation_2631,medmcqa_validation_2631__colloquial__correct,47,4.4609479904174805,86.56953730101733,gemma-2-2b-it
medmcqa-sonnet,colloquial,0,medmcqa_validation_2631,medmcqa_validation_2631__colloquial__wrong,48,4.165172100067139,64.40376538209404,gemma-2-2b-it
medmcqa-sonnet,textbook,0,medmcqa_validation_672,medmcqa_validation_672__textbook__wrong,69,2.3059983253479004,10.034190640645122,gemma-2-2b-it
medmcqa-sonnet,textbook,1,medmcqa_validation_672,medmcqa_validation_672__textbook__correct,73,2.494659423828125,12.117605847924228,gemma-2-2b-it
medmcqa-sonnet,clinical_note,1,medmcqa_validation_672,medmcqa_validation_672__clinical_note__correct,27,5.467398166656494,236.8431639650165,gemma-2-2b-it
medmcqa-sonnet,clinical_note,0,medmcqa_validation_672,medmcqa_validation_672__clinical_note__wrong,25,5.4036641120910645,222.2191622177798,gemma-2-2b-it
medmcqa-sonnet,patient,1,medmcqa_validation_672,medmcqa_validation_672__patient__correct,74,3.258469581604004,26.00970094247024,gemma-2-2b-it
medmcqa-sonnet,patient,0,medmcqa_validation_672,medmcqa_validation_672__patient__wrong,69,3.186933279037476,24.21405571047125,gemma-2-2b-it
medmcqa-sonnet,colloquial,1,medmcqa_validation_672,medmcqa_validation_672__colloquial__correct,46,4.925862312316895,137.80812406447458,gemma-2-2b-it
medmcqa-sonnet,colloquial,0,medmcqa_validation_672,medmcqa_validation_672__colloquial__wrong,41,5.090569019317627,162.48229131650857,gemma-2-2b-it
medmcqa-sonnet,textbook,0,medmcqa_validation_3935,medmcqa_validation_3935__textbook__wrong,76,1.997140407562256,7.367956592360821,gemma-2-2b-it
medmcqa-sonnet,clinical_note,1,medmcqa_validation_3935,medmcqa_validation_3935__clinical_note__correct,28,4.584974765777588,98.00071413908957,gemma-2-2b-it
medmcqa-sonnet,patient,1,medmcqa_validation_3935,medmcqa_validation_3935__patient__correct,78,2.109092950820923,8.240763116186598,gemma-2-2b-it
medmcqa-sonnet,patient,0,medmcqa_validation_3935,medmcqa_validation_3935__patient__wrong,110,2.0801873207092285,8.005968457533744,gemma-2-2b-it
medmcqa-sonnet,textbook,1,medmcqa_validation_3935,medmcqa_validation_3935__textbook__correct,77,2.2138547897338867,9.150923377173497,gemma-2-2b-it
medmcqa-sonnet,clinical_note,0,medmcqa_validation_3935,medmcqa_validation_3935__clinical_note__wrong,28,4.58964204788208,98.45918018134552,gemma-2-2b-it
medmcqa-sonnet,colloquial,0,medmcqa_validation_3935,medmcqa_validation_3935__colloquial__wrong,56,3.8929951190948486,49.057600056479416,gemma-2-2b-it
medmcqa-sonnet,textbook,1,medmcqa_validation_48,medmcqa_validation_48__textbook__correct,44,4.0852484703063965,59.45670914277982,gemma-2-2b-it
medmcqa-sonnet,colloquial,1,medmcqa_validation_3935,medmcqa_validation_3935__colloquial__correct,68,3.846536874771118,46.83060184315583,gemma-2-2b-it
medmcqa-sonnet,textbook,0,medmcqa_validation_48,medmcqa_validation_48__textbook__wrong,28,2.981717824935913,19.72166593237974,gemma-2-2b-it
medmcqa-sonnet,patient,0,medmcqa_validation_48,medmcqa_validation_48__patient__wrong,48,3.381267547607422,29.40802356858479,gemma-2-2b-it
medmcqa-sonnet,clinical_note,1,medmcqa_validation_48,medmcqa_validation_48__clinical_note__correct,16,8.312647819519043,4075.0888108823874,gemma-2-2b-it
medmcqa-sonnet,clinical_note,0,medmcqa_validation_48,medmcqa_validation_48__clinical_note__wrong,14,6.1177825927734375,453.8571916736724,gemma-2-2b-it
medmcqa-sonnet,patient,1,medmcqa_validation_48,medmcqa_validation_48__patient__correct,71,3.94649076461792,51.75343281930128,gemma-2-2b-it
medmcqa-sonnet,colloquial,0,medmcqa_validation_48,medmcqa_validation_48__colloquial__wrong,30,6.79220724105835,890.8777752904748,gemma-2-2b-it
medmcqa-sonnet,colloquial,1,medmcqa_validation_48,medmcqa_validation_48__colloquial__correct,26,8.308565139770508,4058.4854444970138,gemma-2-2b-it
medmcqa-sonnet,textbook,1,medmcqa_validation_2773,medmcqa_validation_2773__textbook__correct,47,1.4884356260299685,4.430159668817425,gemma-2-2b-it
medmcqa-sonnet,textbook,0,medmcqa_validation_2773,medmcqa_validation_2773__textbook__wrong,27,2.7341740131378174,15.397020445536452,gemma-2-2b-it
medmcqa-sonnet,clinical_note,1,medmcqa_validation_2773,medmcqa_validation_2773__clinical_note__correct,25,4.643324375152588,103.88914063276196,gemma-2-2b-it
medmcqa-sonnet,patient,1,medmcqa_validation_2773,medmcqa_validation_2773__patient__correct,62,2.259794950485229,9.581124360428907,gemma-2-2b-it
medmcqa-sonnet,clinical_note,0,medmcqa_validation_2773,medmcqa_validation_2773__clinical_note__wrong,12,6.422557830810547,615.5756404794588,gemma-2-2b-it
medmcqa-sonnet,patient,0,medmcqa_validation_2773,medmcqa_validation_2773__patient__wrong,47,2.79006028175354,16.28200127979381,gemma-2-2b-it
medmcqa-sonnet,colloquial,1,medmcqa_validation_2773,medmcqa_validation_2773__colloquial__correct,37,4.095184803009033,60.05043563328674,gemma-2-2b-it
medmcqa-sonnet,colloquial,0,medmcqa_validation_2773,medmcqa_validation_2773__colloquial__wrong,27,4.613534927368164,100.83998235788674,gemma-2-2b-it
medmcqa-sonnet,textbook,1,medmcqa_validation_597,medmcqa_validation_597__textbook__correct,51,2.443164348602295,11.509402944232486,gemma-2-2b-it
medmcqa-sonnet,textbook,0,medmcqa_validation_597,medmcqa_validation_597__textbook__wrong,43,3.001360893249512,20.1128898027523,gemma-2-2b-it
medmcqa-sonnet,patient,0,medmcqa_validation_597,medmcqa_validation_597__patient__wrong,66,2.925694465637207,18.647171374087737,gemma-2-2b-it
medmcqa-sonnet,clinical_note,0,medmcqa_validation_597,medmcqa_validation_597__clinical_note__wrong,27,5.613375663757324,274.06783911586564,gemma-2-2b-it
medmcqa-sonnet,patient,1,medmcqa_validation_597,medmcqa_validation_597__patient__correct,90,3.152655124664306,23.39810707040309,gemma-2-2b-it
medmcqa-sonnet,clinical_note,1,medmcqa_validation_597,medmcqa_validation_597__clinical_note__correct,26,5.205642223358154,182.29791115905311,gemma-2-2b-it
medmcqa-sonnet,colloquial,1,medmcqa_validation_597,medmcqa_validation_597__colloquial__correct,46,4.06099271774292,58.03189178216503,gemma-2-2b-it
medmcqa-sonnet,colloquial,0,medmcqa_validation_597,medmcqa_validation_597__colloquial__wrong,37,4.9388604164123535,139.61106039946804,gemma-2-2b-it
medmcqa-sonnet,textbook,0,medmcqa_validation_3937,medmcqa_validation_3937__textbook__wrong,40,2.25402307510376,9.52598259339512,gemma-2-2b-it
medmcqa-sonnet,textbook,1,medmcqa_validation_3937,medmcqa_validation_3937__textbook__correct,61,1.8358484506607056,6.27045205831515,gemma-2-2b-it
medmcqa-sonnet,patient,1,medmcqa_validation_3937,medmcqa_validation_3937__patient__correct,63,2.765831232070923,15.892244645215364,gemma-2-2b-it
medmcqa-sonnet,clinical_note,1,medmcqa_validation_3937,medmcqa_validation_3937__clinical_note__correct,17,4.515853404998779,91.45558137862066,gemma-2-2b-it
medmcqa-sonnet,clinical_note,0,medmcqa_validation_3937,medmcqa_validation_3937__clinical_note__wrong,19,4.907974243164063,135.36492006077532,gemma-2-2b-it
medmcqa-sonnet,patient,0,medmcqa_validation_3937,medmcqa_validation_3937__patient__wrong,61,3.081459283828736,21.79017725958638,gemma-2-2b-it
medmcqa-sonnet,colloquial,1,medmcqa_validation_3937,medmcqa_validation_3937__colloquial__correct,41,4.877767562866211,131.33713446871857,gemma-2-2b-it
medmcqa-sonnet,colloquial,0,medmcqa_validation_3937,medmcqa_validation_3937__colloquial__wrong,38,4.571563720703125,96.69519589352204,gemma-2-2b-it
medmcqa-sonnet,textbook,0,medmcqa_validation_1348,medmcqa_validation_1348__textbook__wrong,46,2.3752591609954834,10.753799790430095,gemma-2-2b-it
medmcqa-sonnet,textbook,1,medmcqa_validation_1348,medmcqa_validation_1348__textbook__correct,88,1.4572685956954956,4.294214259795198,gemma-2-2b-it
medmcqa-sonnet,patient,1,medmcqa_validation_1348,medmcqa_validation_1348__patient__correct,87,2.1202940940856934,8.333587986270826,gemma-2-2b-it
medmcqa-sonnet,patient,0,medmcqa_validation_1348,medmcqa_validation_1348__patient__wrong,71,2.4873814582824707,12.029734480329722,gemma-2-2b-it
medmcqa-sonnet,clinical_note,1,medmcqa_validation_1348,medmcqa_validation_1348__clinical_note__correct,29,3.160875082015991,23.59123116111526,gemma-2-2b-it
medmcqa-sonnet,clinical_note,0,medmcqa_validation_1348,medmcqa_validation_1348__clinical_note__wrong,19,3.432126998901367,30.942387229315145,gemma-2-2b-it
medmcqa-sonnet,colloquial,1,medmcqa_validation_1348,medmcqa_validation_1348__colloquial__correct,48,3.676542043685913,39.50953533599827,gemma-2-2b-it
medmcqa-sonnet,textbook,1,medmcqa_validation_553,medmcqa_validation_553__textbook__correct,49,2.07778549194336,7.986762566057989,gemma-2-2b-it
medmcqa-sonnet,colloquial,0,medmcqa_validation_1348,medmcqa_validation_1348__colloquial__wrong,42,3.926747560501098,50.74167476882115,gemma-2-2b-it
medmcqa-sonnet,textbook,0,medmcqa_validation_553,medmcqa_validation_553__textbook__wrong,50,1.9599113464355469,7.098697712404682,gemma-2-2b-it
medmcqa-sonnet,clinical_note,1,medmcqa_validation_553,medmcqa_validation_553__clinical_note__correct,23,5.633450031280518,279.62517098241364,gemma-2-2b-it
medmcqa-sonnet,patient,1,medmcqa_validation_553,medmcqa_validation_553__patient__correct,85,2.36742901802063,10.669924805648304,gemma-2-2b-it
medmcqa-sonnet,clinical_note,0,medmcqa_validation_553,medmcqa_validation_553__clinical_note__wrong,19,6.2918806076049805,540.1682189412492,gemma-2-2b-it
medmcqa-sonnet,patient,0,medmcqa_validation_553,medmcqa_validation_553__patient__wrong,58,3.1044347286224365,22.296611775913483,gemma-2-2b-it
medmcqa-sonnet,colloquial,0,medmcqa_validation_553,medmcqa_validation_553__colloquial__wrong,41,5.195213794708252,180.40670867392024,gemma-2-2b-it
medmcqa-sonnet,colloquial,1,medmcqa_validation_553,medmcqa_validation_553__colloquial__correct,45,4.952261447906494,141.4945850150972,gemma-2-2b-it
medmcqa-sonnet,textbook,1,medmcqa_validation_486,medmcqa_validation_486__textbook__correct,58,2.6381280422210693,13.98699601963469,gemma-2-2b-it
medmcqa-sonnet,textbook,0,medmcqa_validation_486,medmcqa_validation_486__textbook__wrong,54,2.15657114982605,8.641456541726132,gemma-2-2b-it
medmcqa-sonnet,clinical_note,0,medmcqa_validation_486,medmcqa_validation_486__clinical_note__wrong,24,5.096210479736328,163.4015191875857,gemma-2-2b-it
medmcqa-sonnet,clinical_note,1,medmcqa_validation_486,medmcqa_validation_486__clinical_note__correct,26,5.104108333587647,164.69715012240397,gemma-2-2b-it
medmcqa-sonnet,patient,1,medmcqa_validation_486,medmcqa_validation_486__patient__correct,70,3.464693784713745,31.966669591375844,gemma-2-2b-it
medmcqa-sonnet,patient,0,medmcqa_validation_486,medmcqa_validation_486__patient__wrong,75,2.8885600566864014,17.967418900744367,gemma-2-2b-it
medmcqa-sonnet,colloquial,1,medmcqa_validation_486,medmcqa_validation_486__colloquial__correct,31,5.671539306640625,290.48133026624055,gemma-2-2b-it
medmcqa-sonnet,textbook,1,medmcqa_validation_1712,medmcqa_validation_1712__textbook__correct,31,3.5205814838409424,33.80407927583787,gemma-2-2b-it
medmcqa-sonnet,colloquial,0,medmcqa_validation_486,medmcqa_validation_486__colloquial__wrong,41,4.79594087600708,121.01819134697308,gemma-2-2b-it
medmcqa-sonnet,textbook,0,medmcqa_validation_1712,medmcqa_validation_1712__textbook__wrong,31,3.057706356048584,21.278695396710983,gemma-2-2b-it
medmcqa-sonnet,clinical_note,1,medmcqa_validation_1712,medmcqa_validation_1712__clinical_note__correct,22,5.549226760864258,257.03872664155665,gemma-2-2b-it
medmcqa-sonnet,clinical_note,0,medmcqa_validation_1712,medmcqa_validation_1712__clinical_note__wrong,22,4.592604637145996,98.7513068034172,gemma-2-2b-it
medmcqa-sonnet,patient,0,medmcqa_validation_1712,medmcqa_validation_1712__patient__wrong,81,2.566117763519287,13.015198155830417,gemma-2-2b-it
medmcqa-sonnet,patient,1,medmcqa_validation_1712,medmcqa_validation_1712__patient__correct,75,2.866974353790283,17.583735470562424,gemma-2-2b-it
medmcqa-sonnet,colloquial,1,medmcqa_validation_1712,medmcqa_validation_1712__colloquial__correct,40,4.648324489593506,104.40989906601293,gemma-2-2b-it
medmcqa-sonnet,colloquial,0,medmcqa_validation_1712,medmcqa_validation_1712__colloquial__wrong,33,5.577534198760986,264.41879707128686,gemma-2-2b-it
