model,generator,split_id,seed,layer,position,n_train_specialties,n_test_specialties,n_train_facts,n_test_facts_in,n_test_facts_out,in_dist_auroc,in_dist_ci_lo,in_dist_ci_hi,heldout_specialty_auroc,heldout_ci_lo,heldout_ci_hi,delta_specialty
gemma-2-2b-it,sonnet,0,42,1,last_question_token,7,8,137,34,180,0.6885813148788927,0.5683174740484429,0.8028114186851211,0.6589506172839507,0.6214506172839507,0.6994837962962963,0.029630697594942
gemma-2-2b-it,sonnet,1,1042,1,last_question_token,7,8,136,34,181,0.6704152249134948,0.5484429065743945,0.7690527681660899,0.6504990690149873,0.6101629986874638,0.6912273740117822,0.0199161558985074
gemma-2-2b-it,sonnet,2,2042,1,last_question_token,7,8,145,36,170,0.7029320987654321,0.5956597222222221,0.7994020061728395,0.6997923875432526,0.6551868512110728,0.7434307958477508,0.0031397112221794
gemma-2-2b-it,sonnet,3,3042,1,last_question_token,7,8,126,32,193,0.7294921875,0.6327880859375,0.818359375,0.6263792316572256,0.5810860694246827,0.6723697280463906,0.1031129558427743
gemma-2-2b-it,sonnet,4,4042,1,last_question_token,7,8,131,33,187,0.6666666666666667,0.5353305785123967,0.7759641873278237,0.6349052017501216,0.5950184449083474,0.6760595098515828,0.0317614649165451
gemma-2-2b-it,sonnet,0,42,3,last_question_token,7,8,137,34,180,0.6686851211072664,0.5709342560553633,0.7629757785467128,0.6448148148148148,0.6051543209876544,0.6855864197530864,0.0238703062924515
gemma-2-2b-it,sonnet,1,1042,3,last_question_token,7,8,136,34,181,0.6678200692041522,0.5579368512110727,0.7724913494809688,0.6537956716827935,0.6155436341992002,0.693908152986783,0.0140243975213586
gemma-2-2b-it,sonnet,2,2042,3,last_question_token,7,8,145,36,170,0.7145061728395061,0.6126157407407407,0.816358024691358,0.683044982698962,0.6414403114186851,0.7215968858131488,0.0314611901405441
gemma-2-2b-it,sonnet,3,3042,3,last_question_token,7,8,126,32,193,0.6865234375,0.591796875,0.7783447265625,0.6461113050014765,0.6090821230100136,0.6858754597438858,0.0404121324985234
gemma-2-2b-it,sonnet,4,4042,3,last_question_token,7,8,131,33,187,0.6712580348943985,0.556473829201102,0.7768824609733701,0.6713946638451199,0.6295211473018959,0.7158740598816095,-0.0001366289507214
gemma-2-2b-it,sonnet,0,42,5,last_question_token,7,8,137,34,180,0.6384083044982699,0.5268166089965398,0.7509731833910034,0.6473456790123456,0.6055208333333333,0.692037037037037,-0.0089373745140757
gemma-2-2b-it,sonnet,1,1042,5,last_question_token,7,8,136,34,181,0.6859861591695501,0.572621107266436,0.7958693771626296,0.6694850584536491,0.6236607551662038,0.7147263514544733,0.0165011007159009
gemma-2-2b-it,sonnet,2,2042,5,last_question_token,7,8,145,36,170,0.7299382716049383,0.6041473765432097,0.8333719135802468,0.6840484429065745,0.6408555363321801,0.7258961937716263,0.0458898286983637
gemma-2-2b-it,sonnet,3,3042,5,last_question_token,7,8,126,32,193,0.6767578125,0.59560546875,0.771484375,0.6664071518698489,0.624222126768504,0.7097915380278665,0.0103506606301511
gemma-2-2b-it,sonnet,4,4042,5,last_question_token,7,8,131,33,187,0.6960514233241506,0.5775482093663912,0.8081037649219467,0.6810031742400412,0.6316809173839686,0.7253059853012668,0.0150482490841094
gemma-2-2b-it,sonnet,0,42,7,last_question_token,7,8,137,34,180,0.6937716262975778,0.6029411764705882,0.7958693771626297,0.6784567901234568,0.638755401234568,0.720341049382716,0.0153148361741209
gemma-2-2b-it,sonnet,1,1042,7,last_question_token,7,8,136,34,181,0.671280276816609,0.5414359861591695,0.7750865051903113,0.686395409175544,0.6427413693110711,0.7275777601416319,-0.015115132358935
gemma-2-2b-it,sonnet,2,2042,7,last_question_token,7,8,145,36,170,0.7415123456790124,0.6349922839506174,0.8426504629629631,0.7255363321799307,0.6808935986159169,0.7706695501730103,0.0159760134990816
gemma-2-2b-it,sonnet,3,3042,7,last_question_token,7,8,126,32,193,0.7353515625,0.6445068359375,0.8349609375,0.6806088754060511,0.6414427232945851,0.726251711455341,0.0547426870939489
gemma-2-2b-it,sonnet,4,4042,7,last_question_token,7,8,131,33,187,0.7603305785123967,0.6491735537190081,0.8586088154269971,0.6934713603477366,0.6525208041408104,0.7352841087820641,0.0668592181646601
gemma-2-2b-it,sonnet,0,42,9,last_question_token,7,8,137,34,180,0.6937716262975778,0.6011894463667821,0.7881055363321798,0.6854938271604938,0.6438518518518518,0.7292507716049383,0.008277799137084
gemma-2-2b-it,sonnet,1,1042,9,last_question_token,7,8,136,34,181,0.7301038062283737,0.620242214532872,0.8382352941176471,0.6808705472970911,0.6383474252922682,0.7233715393303013,0.0492332589312826
gemma-2-2b-it,sonnet,2,2042,9,last_question_token,7,8,145,36,170,0.7831790123456791,0.684375,0.8657600308641976,0.7003806228373703,0.6578096885813149,0.741038062283737,0.0827983895083087
gemma-2-2b-it,sonnet,3,3042,9,last_question_token,7,8,126,32,193,0.6982421875,0.6093505859375,0.7978515625,0.6791054793417274,0.6377345700555719,0.7259530457193482,0.0191367081582726
gemma-2-2b-it,sonnet,4,4042,9,last_question_token,7,8,131,33,187,0.7722681359044995,0.666643709825528,0.8641873278236915,0.6951013755040178,0.6553919185564357,0.739490691755555,0.0771667604004816
gemma-2-2b-it,sonnet,0,42,11,last_question_token,7,8,137,34,180,0.6946366782006921,0.5864835640138408,0.7915657439446367,0.6891049382716049,0.648391975308642,0.7299799382716049,0.0055317399290871
gemma-2-2b-it,sonnet,1,1042,11,last_question_token,7,8,136,34,181,0.7257785467128028,0.6124567474048442,0.8365051903114187,0.7043741033545985,0.6648110558285767,0.7461722780134915,0.0214044433582043
gemma-2-2b-it,sonnet,2,2042,11,last_question_token,7,8,145,36,170,0.7947530864197531,0.6913387345679012,0.8804205246913581,0.7051211072664361,0.6621652249134948,0.7475086505190311,0.089631979153317
gemma-2-2b-it,sonnet,3,3042,11,last_question_token,7,8,126,32,193,0.728515625,0.6337890625,0.8291015625,0.6885822438186261,0.6488201025530886,0.7330478670568339,0.0399333811813739
gemma-2-2b-it,sonnet,4,4042,11,last_question_token,7,8,131,33,187,0.7355371900826445,0.6289485766758495,0.8365472910927456,0.6981040350024308,0.655434098773199,0.7384826560668019,0.0374331550802137
gemma-2-2b-it,sonnet,0,42,13,last_question_token,7,8,137,34,180,0.7352941176470589,0.6383650519031142,0.8209342560553633,0.7131481481481482,0.6733155864197531,0.7576905864197531,0.0221459694989106
gemma-2-2b-it,sonnet,1,1042,13,last_question_token,7,8,136,34,181,0.7076124567474049,0.5674091695501731,0.814878892733564,0.7084032843930282,0.6623378407252525,0.7517497939623333,-0.0007908276456233
gemma-2-2b-it,sonnet,2,2042,13,last_question_token,7,8,145,36,170,0.7538580246913581,0.6404320987654321,0.8511381172839505,0.7104844290657439,0.6667785467128027,0.7530994809688581,0.0433735956256141
gemma-2-2b-it,sonnet,3,3042,13,last_question_token,7,8,126,32,193,0.7275390625,0.6171875,0.835986328125,0.7026497355633707,0.6663527879943085,0.7462482214287631,0.0248893269366292
gemma-2-2b-it,sonnet,4,4042,13,last_question_token,7,8,131,33,187,0.761248852157943,0.6418732782369146,0.859504132231405,0.7168921044353571,0.6721617718550715,0.7596106551517058,0.0443567477225859
gemma-2-2b-it,sonnet,0,42,15,last_question_token,7,8,137,34,180,0.773356401384083,0.6522058823529412,0.8693771626297578,0.7208641975308642,0.6777754629629631,0.767625,0.0524922038532188
gemma-2-2b-it,sonnet,1,1042,15,last_question_token,7,8,136,34,181,0.7197231833910034,0.5890570934256056,0.8200692041522492,0.7243979121516437,0.6798228076066053,0.7681793901285066,-0.0046747287606403
gemma-2-2b-it,sonnet,2,2042,15,last_question_token,7,8,145,36,170,0.753858024691358,0.6427276234567901,0.8472800925925924,0.6674048442906575,0.6151877162629757,0.7215233564013842,0.0864531804007004
gemma-2-2b-it,sonnet,3,3042,15,last_question_token,7,8,126,32,193,0.78125,0.6845703125,0.8740478515625,0.7009047222744235,0.6586116405809552,0.7492832022336171,0.0803452777255765
gemma-2-2b-it,sonnet,4,4042,15,last_question_token,7,8,131,33,187,0.758494031221304,0.6326905417814508,0.8623507805325986,0.7091709800108668,0.663730018015957,0.7516178615345019,0.0493230512104372
gemma-2-2b-it,sonnet,0,42,17,last_question_token,7,8,137,34,180,0.7050173010380624,0.5794982698961938,0.820069204152249,0.7074382716049382,0.6609845679012345,0.7541080246913581,-0.0024209705668758
gemma-2-2b-it,sonnet,1,1042,17,last_question_token,7,8,136,34,181,0.7352941176470589,0.6237024221453288,0.8356401384083044,0.7287018100790574,0.6850828729281768,0.7693980647721377,0.0065923075680014
gemma-2-2b-it,sonnet,2,2042,17,last_question_token,7,8,145,36,170,0.7399691358024691,0.6141782407407408,0.8426504629629629,0.7196193771626297,0.6727231833910035,0.7678243944636677,0.0203497586398394
gemma-2-2b-it,sonnet,3,3042,17,last_question_token,7,8,126,32,193,0.7265625,0.6357421875,0.826171875,0.7208247201267147,0.67947595908615,0.764079572605976,0.0057377798732852
gemma-2-2b-it,sonnet,4,4042,17,last_question_token,7,8,131,33,187,0.7548209366391184,0.6500918273645546,0.8484848484848485,0.7030798707426578,0.6607252137607594,0.745006291286568,0.0517410658964606
gemma-2-2b-it,sonnet,0,42,1,first_answer_token,7,8,137,34,180,0.6877162629757785,0.5613970588235295,0.8053849480968859,0.6569135802469136,0.6148757716049382,0.6989197530864197,0.0308026827288648
gemma-2-2b-it,sonnet,1,1042,1,first_answer_token,7,8,136,34,181,0.5986159169550174,0.4861159169550173,0.6998702422145328,0.6486065748908763,0.6102911999023228,0.689212020390098,-0.0499906579358588
gemma-2-2b-it,sonnet,2,2042,1,first_answer_token,7,8,145,36,170,0.7145061728395061,0.6226658950617283,0.8001929012345679,0.6659861591695502,0.6188512110726644,0.7080743944636678,0.0485200136699559
gemma-2-2b-it,sonnet,3,3042,1,first_answer_token,7,8,126,32,193,0.6181640625,0.4882568359375,0.7568359375,0.6387285564713147,0.5932374023463717,0.6847975784584822,-0.0205644939713146
gemma-2-2b-it,sonnet,4,4042,1,first_answer_token,7,8,131,33,187,0.6997245179063362,0.5757575757575758,0.8117768595041321,0.6584117361091252,0.6167898710286254,0.7007077697389115,0.0413127817972109
gemma-2-2b-it,sonnet,0,42,3,first_answer_token,7,8,137,34,180,0.7283737024221453,0.6210856401384083,0.8313365051903114,0.6760185185185185,0.6281072530864198,0.7205324074074073,0.0523551839036268
gemma-2-2b-it,sonnet,1,1042,3,first_answer_token,7,8,136,34,181,0.6548442906574394,0.544939446366782,0.7552119377162629,0.681236836482403,0.6413082628735386,0.7254059705137206,-0.0263925458249635
gemma-2-2b-it,sonnet,2,2042,3,first_answer_token,7,8,145,36,170,0.7199074074074074,0.6125578703703703,0.8279320987654321,0.6791349480968857,0.6394394463667821,0.7208330449826991,0.0407724593105217
gemma-2-2b-it,sonnet,3,3042,3,first_answer_token,7,8,126,32,193,0.6669921875,0.5644287109375,0.7646728515625,0.6565008456602861,0.6105378667883702,0.7036698971784477,0.0104913418397138
gemma-2-2b-it,sonnet,4,4042,3,first_answer_token,7,8,131,33,187,0.7300275482093664,0.601354453627181,0.8402433425160697,0.66696216649032,0.6262060682318624,0.707184220309417,0.0630653817190464
gemma-2-2b-it,sonnet,0,42,5,first_answer_token,7,8,137,34,180,0.708477508650519,0.5985942906574394,0.8123269896193772,0.6626543209876543,0.6129313271604938,0.7120493827160495,0.0458231876628646
gemma-2-2b-it,sonnet,1,1042,5,first_answer_token,7,8,136,34,181,0.6929065743944637,0.5743728373702423,0.8001946366782007,0.6783675711974604,0.63333765758066,0.7262705656115502,0.0145390031970032
gemma-2-2b-it,sonnet,2,2042,5,first_answer_token,7,8,145,36,170,0.7060185185185186,0.5986689814814815,0.8132716049382716,0.6698961937716263,0.6205354671280277,0.7139861591695501,0.0361223247468922
gemma-2-2b-it,sonnet,3,3042,5,first_answer_token,7,8,126,32,193,0.6279296875,0.5263427734375,0.7353515625,0.6705683374050311,0.62600204032323,0.7156970656930388,-0.042638649905031
gemma-2-2b-it,sonnet,4,4042,5,first_answer_token,7,8,131,33,187,0.7098255280073462,0.5803489439853077,0.8172635445362718,0.6905830878778347,0.6464554319540163,0.7337377391403814,0.0192424401295114
gemma-2-2b-it,sonnet,0,42,7,first_answer_token,7,8,137,34,180,0.7439446366782008,0.6366782006920415,0.8451557093425606,0.662962962962963,0.6175895061728395,0.7105756172839508,0.0809816737152377
gemma-2-2b-it,sonnet,1,1042,7,first_answer_token,7,8,136,34,181,0.6833910034602076,0.569182525951557,0.7872188581314878,0.6896004395470223,0.6465813009370899,0.7346501938280272,-0.0062094360868146
gemma-2-2b-it,sonnet,2,2042,7,first_answer_token,7,8,145,36,170,0.7214506172839507,0.6056712962962962,0.8179398148148147,0.6510726643598617,0.6020510380622838,0.6934775086505189,0.070377952924089
gemma-2-2b-it,sonnet,3,3042,7,first_answer_token,7,8,126,32,193,0.7685546875,0.6786865234375,0.8662353515625,0.6627023544256221,0.6193568954871271,0.706953206797498,0.1058523330743779
gemma-2-2b-it,sonnet,4,4042,7,first_answer_token,7,8,131,33,187,0.7235996326905417,0.5931818181818181,0.8319559228650137,0.6950155852326346,0.655115959850153,0.735831021762132,0.0285840474579071
gemma-2-2b-it,sonnet,0,42,9,first_answer_token,7,8,137,34,180,0.7076124567474048,0.6003243944636678,0.8036332179930796,0.6929320987654322,0.6458618827160494,0.7405956790123457,0.0146803579819726
gemma-2-2b-it,sonnet,1,1042,9,first_answer_token,7,8,136,34,181,0.7024221453287197,0.5769679930795848,0.8097102076124567,0.692042367449101,0.6501869601050029,0.7381604651872652,0.0103797778796187
gemma-2-2b-it,sonnet,2,2042,9,first_answer_token,7,8,145,36,170,0.7669753086419753,0.6682098765432098,0.853414351851852,0.6839100346020761,0.6374740484429066,0.7286885813148788,0.0830652740398991
gemma-2-2b-it,sonnet,3,3042,9,first_answer_token,7,8,126,32,193,0.7744140625,0.666015625,0.8759765625,0.6643936749979866,0.6241194394480389,0.7071344197159656,0.1100203875020133
gemma-2-2b-it,sonnet,4,4042,9,first_answer_token,7,8,131,33,187,0.7235996326905418,0.6133838383838384,0.8191000918273645,0.6917269581629444,0.6496582687523236,0.7329363150218765,0.0318726745275974
gemma-2-2b-it,sonnet,0,42,11,first_answer_token,7,8,137,34,180,0.689446366782007,0.5665873702422146,0.7898140138408304,0.6972839506172839,0.651079475308642,0.7421666666666666,-0.0078375838352768
gemma-2-2b-it,sonnet,1,1042,11,first_answer_token,7,8,136,34,181,0.6833910034602075,0.5579152249134948,0.7958477508650519,0.6874027044351515,0.6410991727969232,0.7342777998229603,-0.0040117009749439
gemma-2-2b-it,sonnet,2,2042,11,first_answer_token,7,8,145,36,170,0.7831790123456791,0.6844135802469137,0.8750192901234567,0.6985467128027683,0.6514446366782007,0.7410735294117646,0.0846322995429108
gemma-2-2b-it,sonnet,3,3042,11,first_answer_token,7,8,126,32,193,0.7666015625,0.6747802734375,0.8652587890625,0.6750248328814197,0.6305075304035007,0.7222099922145562,0.0915767296185803
gemma-2-2b-it,sonnet,4,4042,11,first_answer_token,7,8,131,33,187,0.6740128558310376,0.5573921028466483,0.7823921028466483,0.6933569733192255,0.6478545282964912,0.7368562155051617,-0.0193441174881878
gemma-2-2b-it,sonnet,0,42,13,first_answer_token,7,8,137,34,180,0.7422145328719724,0.643598615916955,0.8296064013840831,0.7054012345679013,0.6576234567901235,0.7535547839506173,0.036813298304071
gemma-2-2b-it,sonnet,1,1042,13,first_answer_token,7,8,136,34,181,0.7197231833910035,0.5820717993079585,0.8365700692041523,0.7213455022740453,0.6795183297213149,0.7641868380086078,-0.0016223188830417
gemma-2-2b-it,sonnet,2,2042,13,first_answer_token,7,8,145,36,170,0.7916666666666667,0.6836226851851851,0.8835069444444446,0.6861937716262976,0.6411756055363321,0.7326340830449826,0.1054728950403691
gemma-2-2b-it,sonnet,3,3042,13,first_answer_token,7,8,126,32,193,0.7587890625,0.6640380859375,0.8574462890625,0.7075357727724234,0.6655782705575989,0.7515080941770249,0.0512532897275765
gemma-2-2b-it,sonnet,4,4042,13,first_answer_token,7,8,131,33,187,0.7722681359044995,0.6510330578512397,0.8778696051423325,0.7196087963624925,0.67477837513226,0.7663380422660071,0.0526593395420069
gemma-2-2b-it,sonnet,0,42,15,first_answer_token,7,8,137,34,180,0.8027681660899654,0.7110510380622836,0.8858347750865052,0.6821296296296296,0.6320972222222223,0.7328441358024691,0.1206385364603357
gemma-2-2b-it,sonnet,1,1042,15,first_answer_token,7,8,136,34,181,0.6617647058823528,0.5363321799307958,0.7690527681660899,0.7188120020756388,0.67338603827722,0.76570922743506,-0.0570472961932859
gemma-2-2b-it,sonnet,2,2042,15,first_answer_token,7,8,145,36,170,0.7484567901234568,0.6319444444444444,0.8510995370370371,0.6753287197231833,0.6262603806228374,0.7224593425605536,0.0731280704002734
gemma-2-2b-it,sonnet,3,3042,15,first_answer_token,7,8,126,32,193,0.7763671875,0.6875,0.8701416015625,0.7006899514080915,0.6597277779269243,0.7486697629466562,0.0756772360919084
gemma-2-2b-it,sonnet,4,4042,15,first_answer_token,7,8,131,33,187,0.787878787878788,0.6519742883379247,0.891712580348944,0.7061683205124539,0.6588635648717436,0.7516957876976751,0.081710467366334
gemma-2-2b-it,sonnet,0,42,17,first_answer_token,7,8,137,34,180,0.7673010380622838,0.6668901384083045,0.8564230103806229,0.6870370370370371,0.6424837962962963,0.7357476851851852,0.0802640010252466
gemma-2-2b-it,sonnet,1,1042,17,first_answer_token,7,8,136,34,181,0.6522491349480969,0.5285034602076124,0.7690743944636679,0.7097768688379475,0.6624370440462746,0.7569717041604346,-0.0575277338898506
gemma-2-2b-it,sonnet,2,2042,17,first_answer_token,7,8,145,36,170,0.7484567901234569,0.6265046296296296,0.8488040123456789,0.6958477508650519,0.6499152249134948,0.7411107266435987,0.0526090392584049
gemma-2-2b-it,sonnet,3,3042,17,first_answer_token,7,8,126,32,193,0.7470703125,0.6591552734375,0.8437744140625,0.6871862331874681,0.6458374721469032,0.7313552041665548,0.0598840793125319
gemma-2-2b-it,sonnet,4,4042,17,first_answer_token,7,8,131,33,187,0.7741046831955922,0.666643709825528,0.8751377410468321,0.7060825302410706,0.6609547027367096,0.7499792673510823,0.0680221529545216
qwen2.5-7b-instruct,sonnet,0,42,1,last_question_token,7,8,137,34,180,0.6989619377162629,0.6020761245674741,0.8019896193771626,0.6768827160493825,0.6335787037037037,0.7222577160493827,0.0220792216668803
qwen2.5-7b-instruct,sonnet,1,1042,1,last_question_token,7,8,136,34,181,0.7058823529411764,0.5960207612456747,0.8079584775086504,0.6676230884283141,0.6225313635114923,0.7137228717072127,0.0382592645128623
qwen2.5-7b-instruct,sonnet,2,2042,1,last_question_token,7,8,145,36,170,0.7515432098765432,0.6373263888888889,0.8541666666666665,0.6959515570934256,0.6502378892733564,0.7480025951557093,0.0555916527831176
qwen2.5-7b-instruct,sonnet,3,3042,1,last_question_token,7,8,126,32,193,0.6767578125,0.5595703125,0.7919921875,0.6759644554216222,0.6341895084431797,0.720860291551451,0.0007933570783777
qwen2.5-7b-instruct,sonnet,4,4042,1,last_question_token,7,8,131,33,187,0.6767676767676768,0.5592056932966024,0.7759412304866851,0.6630730075209471,0.6176492035803139,0.7105507735422804,0.0136946692467296
qwen2.5-7b-instruct,sonnet,0,42,3,last_question_token,7,8,137,34,180,0.6721453287197232,0.555363321799308,0.7829152249134947,0.6718518518518519,0.6265316358024692,0.7198425925925924,0.0002934768678712
qwen2.5-7b-instruct,sonnet,1,1042,3,last_question_token,7,8,136,34,181,0.6877162629757786,0.5639705882352941,0.8088451557093425,0.6782149507035804,0.632090748145661,0.7230571411129086,0.0095013122721981
qwen2.5-7b-instruct,sonnet,2,2042,3,last_question_token,7,8,145,36,170,0.7160493827160495,0.5902777777777778,0.8187114197530864,0.7192733564013842,0.6718849480968858,0.7649974048442906,-0.0032239736853347
qwen2.5-7b-instruct,sonnet,3,3042,3,last_question_token,7,8,126,32,193,0.7041015625,0.5800537109375,0.8155517578124999,0.657735778141695,0.6109647238852051,0.705767268919971,0.0463657843583049
qwen2.5-7b-instruct,sonnet,4,4042,3,last_question_token,7,8,131,33,187,0.6437098255280073,0.5224747474747474,0.7594123048668503,0.6627870399496698,0.6130243930338299,0.7111756126855215,-0.0190772144216625
qwen2.5-7b-instruct,sonnet,0,42,5,last_question_token,7,8,137,34,180,0.661764705882353,0.5319636678200692,0.7785683391003461,0.6692592592592592,0.6230501543209875,0.7144236111111111,-0.0074945533769061
qwen2.5-7b-instruct,sonnet,1,1042,5,last_question_token,7,8,136,34,181,0.666955017301038,0.5467128027681661,0.7724913494809689,0.7029699948109032,0.6557591343365586,0.7485584994353043,-0.0360149775098651
qwen2.5-7b-instruct,sonnet,2,2042,5,last_question_token,7,8,145,36,170,0.6875,0.5546875,0.8009452160493827,0.729204152249135,0.6818650519031143,0.7728192041522493,-0.041704152249135
qwen2.5-7b-instruct,sonnet,3,3042,5,last_question_token,7,8,126,32,193,0.734375,0.609375,0.853564453125,0.6427018174984562,0.5963052699401327,0.6936058686139226,0.0916731825015437
qwen2.5-7b-instruct,sonnet,4,4042,5,last_question_token,7,8,131,33,187,0.6887052341597797,0.5665059687786961,0.813613406795225,0.6827189796677057,0.6347865252080415,0.7299736909834426,0.005986254492074
qwen2.5-7b-instruct,sonnet,0,42,7,last_question_token,7,8,137,34,180,0.6565743944636678,0.5293901384083045,0.7664576124567475,0.6932407407407408,0.6474683641975308,0.7383402777777778,-0.0366663462770729
qwen2.5-7b-instruct,sonnet,1,1042,7,last_question_token,7,8,136,34,181,0.6799307958477508,0.5544550173010381,0.7958693771626298,0.6890204816702787,0.6418706693934861,0.733351393425109,-0.0090896858225278
qwen2.5-7b-instruct,sonnet,2,2042,7,last_question_token,7,8,145,36,170,0.7044753086419754,0.5825424382716049,0.8040316358024693,0.7098269896193772,0.661279411764706,0.7549584775086504,-0.0053516809774017
qwen2.5-7b-instruct,sonnet,3,3042,7,last_question_token,7,8,126,32,193,0.7373046875,0.626953125,0.8467773437499999,0.6633198206663266,0.6175414105076646,0.7093707213616474,0.0739848668336734
qwen2.5-7b-instruct,sonnet,4,4042,7,last_question_token,7,8,131,33,187,0.7575757575757576,0.6326905417814509,0.8705234159779613,0.6907260716634733,0.6386006176899539,0.7384033000657726,0.0668496859122842
qwen2.5-7b-instruct,sonnet,0,42,9,last_question_token,7,8,137,34,180,0.713667820069204,0.6107050173010381,0.8201773356401382,0.6835185185185185,0.638508487654321,0.7284938271604938,0.0301493015506855
qwen2.5-7b-instruct,sonnet,1,1042,9,last_question_token,7,8,136,34,181,0.7413494809688581,0.6323529411764706,0.8417387543252596,0.6881047587069992,0.6409503678153903,0.7306889289093741,0.0532447222618589
qwen2.5-7b-instruct,sonnet,2,2042,9,last_question_token,7,8,145,36,170,0.7723765432098765,0.6635416666666667,0.8641975308641976,0.7310726643598616,0.6835622837370242,0.7784325259515571,0.0413038788500148
qwen2.5-7b-instruct,sonnet,3,3042,9,last_question_token,7,8,126,32,193,0.7158203125,0.599609375,0.826171875,0.6804746436145936,0.6349687239925904,0.7255577330935058,0.0353456688854063
qwen2.5-7b-instruct,sonnet,4,4042,9,last_question_token,7,8,131,33,187,0.7346189164370983,0.6289256198347108,0.8328741965105602,0.6930138122336927,0.6468400583373846,0.7396065086219222,0.0416051042034055
qwen2.5-7b-instruct,sonnet,0,42,11,last_question_token,7,8,137,34,180,0.7249134948096887,0.6124567474048443,0.8295847750865052,0.6715740740740741,0.6224058641975309,0.7180100308641975,0.0533394207356145
qwen2.5-7b-instruct,sonnet,1,1042,11,last_question_token,7,8,136,34,181,0.7309688581314878,0.6236807958477508,0.8365268166089965,0.695735783400995,0.6524648209761608,0.7435540734409816,0.0352330747304928
qwen2.5-7b-instruct,sonnet,2,2042,11,last_question_token,7,8,145,36,170,0.7368827160493828,0.6087577160493828,0.8426311728395061,0.7385813148788927,0.6916245674740484,0.7824256055363321,-0.0016985988295098
qwen2.5-7b-instruct,sonnet,3,3042,11,last_question_token,7,8,126,32,193,0.728515625,0.6249755859375,0.8340576171874999,0.6720448871110634,0.6262147977126903,0.718950173159011,0.0564707378889366
qwen2.5-7b-instruct,sonnet,4,4042,11,last_question_token,7,8,131,33,187,0.686868686868687,0.5592056932966024,0.797979797979798,0.6902399267923017,0.6420501015184878,0.7352312047813778,-0.0033712399236147
qwen2.5-7b-instruct,sonnet,0,42,13,last_question_token,7,8,137,34,180,0.7577854671280277,0.6470371972318338,0.8633650519031142,0.6743209876543209,0.6280447530864197,0.7214845679012345,0.0834644794737068
qwen2.5-7b-instruct,sonnet,1,1042,13,last_question_token,7,8,136,34,181,0.7413494809688582,0.6461505190311418,0.8382352941176471,0.705228778120326,0.6589527181709961,0.7494314886602973,0.0361207028485321
qwen2.5-7b-instruct,sonnet,2,2042,13,last_question_token,7,8,145,36,170,0.7523148148148148,0.6427469135802469,0.8488040123456789,0.7371972318339101,0.6903304498269897,0.7813589965397925,0.0151175829809047
qwen2.5-7b-instruct,sonnet,3,3042,13,last_question_token,7,8,126,32,193,0.671875,0.588818359375,0.7637451171874999,0.6793202502080593,0.6366593734059974,0.7243691105801497,-0.0074452502080593
qwen2.5-7b-instruct,sonnet,4,4042,13,last_question_token,7,8,131,33,187,0.6905417814508724,0.5812213039485766,0.7860422405876951,0.6927850381766708,0.6463968086019046,0.7401734393319797,-0.0022432567257983
qwen2.5-7b-instruct,sonnet,0,42,15,last_question_token,7,8,137,34,180,0.7932525951557093,0.6903114186851211,0.8840830449826989,0.6914814814814815,0.6510455246913579,0.7340138888888887,0.1017711136742278
qwen2.5-7b-instruct,sonnet,1,1042,15,last_question_token,7,8,136,34,181,0.7595155709342559,0.6643598615916956,0.8529628027681662,0.7189951466682947,0.6777006196392051,0.7627995177192393,0.0405204242659612
qwen2.5-7b-instruct,sonnet,2,2042,15,last_question_token,7,8,145,36,170,0.7445987654320988,0.6296103395061728,0.8480131172839507,0.7186159169550173,0.6778546712802769,0.760007785467128,0.0259828484770815
qwen2.5-7b-instruct,sonnet,3,3042,15,last_question_token,7,8,126,32,193,0.7333984375,0.6308349609375,0.830126953125,0.7034014335955328,0.660229133668018,0.7474308035115036,0.0299970039044672
qwen2.5-7b-instruct,sonnet,4,4042,15,last_question_token,7,8,131,33,187,0.7061524334251607,0.5996326905417815,0.8080808080808081,0.7132889130372617,0.6707919871886527,0.7588035116817752,-0.007136479612101
qwen2.5-7b-instruct,sonnet,0,42,17,last_question_token,7,8,137,34,180,0.8693771626297577,0.7750216262975779,0.939446366782007,0.7507407407407408,0.7140108024691358,0.7901612654320989,0.1186364218890169
qwen2.5-7b-instruct,sonnet,1,1042,17,last_question_token,7,8,136,34,181,0.7811418685121106,0.6729887543252595,0.8728589965397924,0.7301364427215287,0.685411770092488,0.7728129483227009,0.0510054257905819
qwen2.5-7b-instruct,sonnet,2,2042,17,last_question_token,7,8,145,36,170,0.7453703703703703,0.6311342592592593,0.8464699074074075,0.7620069204152249,0.7204316608996539,0.8050562283737024,-0.0166365500448545
qwen2.5-7b-instruct,sonnet,3,3042,17,last_question_token,7,8,126,32,193,0.732421875,0.62978515625,0.8291015625,0.7400467126634273,0.697331471985825,0.7828163172165695,-0.0076248376634272
qwen2.5-7b-instruct,sonnet,4,4042,17,last_question_token,7,8,131,33,187,0.7566574839302111,0.6574609733700644,0.8503213957759412,0.7589293374131374,0.7171230232491635,0.80005933827104,-0.0022718534829262
qwen2.5-7b-instruct,sonnet,0,42,19,last_question_token,7,8,137,34,180,0.7984429065743945,0.685121107266436,0.8875648788927337,0.8003703703703704,0.7568804012345679,0.8445069444444444,-0.0019274637959758
qwen2.5-7b-instruct,sonnet,1,1042,19,last_question_token,7,8,136,34,181,0.7664359861591695,0.6608780276816609,0.8676470588235292,0.7399652025273954,0.6964370745703734,0.7855735478160009,0.0264707836317741
qwen2.5-7b-instruct,sonnet,2,2042,19,last_question_token,7,8,145,36,170,0.7361111111111112,0.6342013888888888,0.8379822530864198,0.7735294117647058,0.7293382352941177,0.8172015570934256,-0.0374183006535946
qwen2.5-7b-instruct,sonnet,3,3042,19,last_question_token,7,8,126,32,193,0.77734375,0.662109375,0.8867431640625,0.7853902118177669,0.7417581680045102,0.8255610888882923,-0.0080464618177669
qwen2.5-7b-instruct,sonnet,4,4042,19,last_question_token,7,8,131,33,187,0.7667584940312213,0.6537878787878788,0.8742194674012856,0.786639595069919,0.7460943978952788,0.8265113386142012,-0.0198811010386976
qwen2.5-7b-instruct,sonnet,0,42,21,last_question_token,7,8,137,34,180,0.7863321799307958,0.6634515570934256,0.8806228373702422,0.8000925925925927,0.7583317901234568,0.8412808641975308,-0.0137604126617968
qwen2.5-7b-instruct,sonnet,1,1042,21,last_question_token,7,8,136,34,181,0.7292387543252595,0.6124134948096887,0.8347967128027681,0.7510454503830774,0.7057919477427429,0.7958990873294465,-0.0218066960578178
qwen2.5-7b-instruct,sonnet,2,2042,21,last_question_token,7,8,145,36,170,0.7592592592592592,0.6581404320987654,0.8611304012345679,0.7644636678200691,0.7200986159169551,0.8065207612456748,-0.0052044085608099
qwen2.5-7b-instruct,sonnet,3,3042,21,last_question_token,7,8,126,32,193,0.7626953125,0.640625,0.8672119140625,0.8041289699052323,0.7626137614432603,0.840781631721657,-0.0414336574052323
qwen2.5-7b-instruct,sonnet,4,4042,21,last_question_token,7,8,131,33,187,0.7722681359044996,0.670293847566575,0.875137741046832,0.7863250307415139,0.7443428465212044,0.8247926735108239,-0.0140568948370143
qwen2.5-7b-instruct,sonnet,0,42,23,last_question_token,7,8,137,34,180,0.7854671280276817,0.6582828719723183,0.8823529411764705,0.7997222222222221,0.7550408950617284,0.8450702160493827,-0.0142550941945404
qwen2.5-7b-instruct,sonnet,1,1042,23,last_question_token,7,8,136,34,181,0.7560553633217992,0.6349048442906574,0.8642084775086505,0.7654833491041177,0.7212173010591864,0.8106384115258998,-0.0094279857823185
qwen2.5-7b-instruct,sonnet,2,2042,23,last_question_token,7,8,145,36,170,0.7723765432098766,0.6650848765432098,0.8680748456790124,0.762318339100346,0.7139731833910036,0.8093598615916955,0.0100582041095306
qwen2.5-7b-instruct,sonnet,3,3042,23,last_question_token,7,8,126,32,193,0.7822265625,0.6718505859375,0.8847900390625,0.8111895621358962,0.7705267255496792,0.847942897795914,-0.0289629996358962
qwen2.5-7b-instruct,sonnet,4,4042,23,last_question_token,7,8,131,33,187,0.8044077134986225,0.7070477502295685,0.8990128558310375,0.7935314135377047,0.750421087248706,0.834655695044182,0.0108762999609177
qwen2.5-7b-instruct,sonnet,0,42,25,last_question_token,7,8,137,34,180,0.7846020761245673,0.6626081314878892,0.8823745674740484,0.7974074074074073,0.7525555555555555,0.8408070987654321,-0.01280533128284
qwen2.5-7b-instruct,sonnet,1,1042,25,last_question_token,7,8,136,34,181,0.7707612456747405,0.6634948096885813,0.8719723183391003,0.7598974390281127,0.7147179573273099,0.8032332651628461,0.0108638066466277
qwen2.5-7b-instruct,sonnet,2,2042,25,last_question_token,7,8,145,36,170,0.7615740740740741,0.6450424382716049,0.861130401234568,0.7636332179930796,0.7158079584775088,0.8088235294117647,-0.0020591439190055
qwen2.5-7b-instruct,sonnet,3,3042,25,last_question_token,7,8,126,32,193,0.8076171875,0.7099365234375,0.9043212890625,0.7939542001127547,0.7532067974979193,0.8307323686541921,0.0136629873872452
qwen2.5-7b-instruct,sonnet,4,4042,25,last_question_token,7,8,131,33,187,0.8099173553719009,0.718939393939394,0.9035812672176308,0.7851525636992764,0.7421895107094856,0.826798736023335,0.0247647916726244
qwen2.5-7b-instruct,sonnet,0,42,27,last_question_token,7,8,137,34,180,0.8044982698961938,0.6833477508650518,0.8962370242214533,0.7950925925925926,0.7492561728395062,0.8418927469135802,0.0094056773036012
qwen2.5-7b-instruct,sonnet,1,1042,27,last_question_token,7,8,136,34,181,0.7846020761245674,0.6668901384083045,0.8832179930795847,0.7637434754738867,0.7189554653398859,0.8076142364396691,0.0208586006506807
qwen2.5-7b-instruct,sonnet,2,2042,27,last_question_token,7,8,145,36,170,0.7746913580246914,0.6712191358024692,0.871141975308642,0.7756401384083045,0.7289974048442905,0.82184169550173,-0.0009487803836131
qwen2.5-7b-instruct,sonnet,3,3042,27,last_question_token,7,8,126,32,193,0.8125,0.7070068359375,0.9092041015625,0.7952696716690382,0.7534068028671912,0.8334532470670357,0.0172303283309618
qwen2.5-7b-instruct,sonnet,4,4042,27,last_question_token,7,8,131,33,187,0.8191000918273645,0.7281910009182737,0.9091368227731864,0.7850667734278933,0.7396494037576138,0.8269660270525323,0.0340333183994712
qwen2.5-7b-instruct,sonnet,0,42,1,first_answer_token,7,8,137,34,180,0.805363321799308,0.7093425605536332,0.8970588235294118,0.7077469135802469,0.6604197530864198,0.7510671296296296,0.0976164082190611
qwen2.5-7b-instruct,sonnet,1,1042,1,first_answer_token,7,8,136,34,181,0.7396193771626297,0.6271193771626298,0.8442906574394463,0.7188730502731907,0.6738042184304509,0.7629910564390586,0.020746326889439
qwen2.5-7b-instruct,sonnet,2,2042,1,first_answer_token,7,8,145,36,170,0.679783950617284,0.567091049382716,0.7839506172839505,0.7089273356401385,0.660545847750865,0.7561565743944636,-0.0291433850228545
qwen2.5-7b-instruct,sonnet,3,3042,1,first_answer_token,7,8,126,32,193,0.7197265625,0.576171875,0.8379638671874999,0.6922870412628528,0.6444562270128058,0.738007731751188,0.0274395212371472
qwen2.5-7b-instruct,sonnet,4,4042,1,first_answer_token,7,8,131,33,187,0.7483930211202938,0.6161616161616162,0.8558539944903581,0.7224970688323944,0.6776995338728588,0.7667190940547343,0.0258959522878994
qwen2.5-7b-instruct,sonnet,0,42,3,first_answer_token,7,8,137,34,180,0.7439446366782007,0.6288927335640139,0.8434904844290657,0.7272839506172839,0.6762322530864198,0.771054012345679,0.0166606860609167
qwen2.5-7b-instruct,sonnet,1,1042,3,first_answer_token,7,8,136,34,181,0.7993079584775087,0.693728373702422,0.8970804498269896,0.696102072586307,0.647362717865755,0.7466805042581118,0.1032058858912017
qwen2.5-7b-instruct,sonnet,2,2042,3,first_answer_token,7,8,145,36,170,0.6929012345679012,0.5733024691358025,0.7963348765432098,0.7304498269896194,0.6848728373702423,0.7694463667820068,-0.0375485924217181
qwen2.5-7b-instruct,sonnet,3,3042,3,first_answer_token,7,8,126,32,193,0.77734375,0.6728515625,0.875048828125,0.7145963650030874,0.6731167279658513,0.7588183575397996,0.0627473849969125
qwen2.5-7b-instruct,sonnet,4,4042,3,first_answer_token,7,8,131,33,187,0.7428833792470155,0.6060146923783287,0.8604912764003673,0.7063684978123481,0.657180645714776,0.7531492178786926,0.0365148814346674
qwen2.5-7b-instruct,sonnet,0,42,5,first_answer_token,7,8,137,34,180,0.7136678200692043,0.6046280276816609,0.8140138408304498,0.7316049382716049,0.682895061728395,0.7766033950617284,-0.0179371182024006
qwen2.5-7b-instruct,sonnet,1,1042,5,first_answer_token,7,8,136,34,181,0.7465397923875432,0.6202422145328721,0.8598615916955017,0.7164616464698881,0.6657901162968164,0.7655077683831385,0.0300781459176551
qwen2.5-7b-instruct,sonnet,2,2042,5,first_answer_token,7,8,145,36,170,0.716820987654321,0.6002893518518517,0.8163580246913579,0.7560207612456747,0.7100250865051904,0.7998295847750865,-0.0391997735913537
qwen2.5-7b-instruct,sonnet,3,3042,5,first_answer_token,7,8,126,32,193,0.7578125,0.62890625,0.8750244140625,0.7087707052538323,0.6663977556444469,0.7536611721120029,0.0490417947461676
qwen2.5-7b-instruct,sonnet,4,4042,5,first_answer_token,7,8,131,33,187,0.7805325987144169,0.6528696051423324,0.8889118457300275,0.7351654322399839,0.6878320798421459,0.7797306185478567,0.045367166474433
qwen2.5-7b-instruct,sonnet,0,42,7,first_answer_token,7,8,137,34,180,0.7430795847750865,0.6375432525951557,0.8434256055363321,0.7341358024691358,0.6927114197530864,0.7786566358024691,0.0089437823059507
qwen2.5-7b-instruct,sonnet,1,1042,7,first_answer_token,7,8,136,34,181,0.777681660899654,0.6608347750865052,0.8780276816608996,0.7016269344647599,0.6530119654467202,0.7516109093129025,0.076054726434894
qwen2.5-7b-instruct,sonnet,2,2042,7,first_answer_token,7,8,145,36,170,0.7554012345679013,0.6427276234567901,0.847241512345679,0.7441176470588236,0.6925804498269895,0.7884922145328721,0.0112835875090777
qwen2.5-7b-instruct,sonnet,3,3042,7,first_answer_token,7,8,126,32,193,0.8017578125,0.691357421875,0.8935791015625,0.724180514913152,0.6859405621627426,0.7678092029316222,0.0775772975868479
qwen2.5-7b-instruct,sonnet,4,4042,7,first_answer_token,7,8,131,33,187,0.8181818181818182,0.7042929292929293,0.9155188246097336,0.7327633046412536,0.6864637250135834,0.7770990019731762,0.0854185135405646
qwen2.5-7b-instruct,sonnet,0,42,9,first_answer_token,7,8,137,34,180,0.7110726643598615,0.5959991349480968,0.8166522491349482,0.742283950617284,0.6981628086419753,0.7863904320987654,-0.0312112862574225
qwen2.5-7b-instruct,sonnet,1,1042,9,first_answer_token,7,8,136,34,181,0.726643598615917,0.6003243944636679,0.8399870242214533,0.7151491102225208,0.6709929489331828,0.76006608467385,0.0114944883933961
qwen2.5-7b-instruct,sonnet,2,2042,9,first_answer_token,7,8,145,36,170,0.7777777777777778,0.6681905864197532,0.8688271604938272,0.726401384083045,0.6768330449826989,0.7739446366782007,0.0513763936947327
qwen2.5-7b-instruct,sonnet,3,3042,9,first_answer_token,7,8,126,32,193,0.74609375,0.6279052734375,0.853515625,0.7258986818438079,0.6861103653789363,0.7689219844828048,0.020195068156192
qwen2.5-7b-instruct,sonnet,4,4042,9,first_answer_token,7,8,131,33,187,0.7906336088154271,0.6584022038567493,0.8962350780532599,0.7178072006634448,0.6725835740227057,0.7632224255769395,0.0728264081519822
qwen2.5-7b-instruct,sonnet,0,42,11,first_answer_token,7,8,137,34,180,0.7301038062283738,0.623659169550173,0.8304498269896193,0.7178086419753087,0.6743711419753086,0.7634398148148147,0.012295164253065
qwen2.5-7b-instruct,sonnet,1,1042,11,first_answer_token,7,8,136,34,181,0.7517301038062284,0.6288711072664359,0.8598615916955017,0.7106620677024511,0.6684365556606943,0.7578256158236928,0.0410680361037772
qwen2.5-7b-instruct,sonnet,2,2042,11,first_answer_token,7,8,145,36,170,0.7646604938271605,0.650462962962963,0.8526234567901234,0.7105536332179931,0.6601522491349481,0.7589645328719724,0.0541068606091673
qwen2.5-7b-instruct,sonnet,3,3042,11,first_answer_token,7,8,126,32,193,0.7412109375,0.6259521484375,0.8466796875,0.7196703267201804,0.6772980482697522,0.7645352895379741,0.0215406107798196
qwen2.5-7b-instruct,sonnet,4,4042,11,first_answer_token,7,8,131,33,187,0.8071625344352616,0.6767676767676768,0.910032139577594,0.7143183962938603,0.6659484114501415,0.7606172610026023,0.0928441381414013
qwen2.5-7b-instruct,sonnet,0,42,13,first_answer_token,7,8,137,34,180,0.7370242214532873,0.643598615916955,0.8226643598615916,0.742283950617284,0.6988510802469136,0.7848202160493827,-0.0052597291639967
qwen2.5-7b-instruct,sonnet,1,1042,13,first_answer_token,7,8,136,34,181,0.773356401384083,0.6686202422145329,0.8607266435986158,0.7085864289856844,0.665139952992888,0.7568778425566985,0.0647699723983986
qwen2.5-7b-instruct,sonnet,2,2042,13,first_answer_token,7,8,145,36,170,0.7260802469135803,0.6241705246913579,0.8248649691358027,0.745121107266436,0.6973148788927336,0.7924558823529411,-0.0190408603528556
qwen2.5-7b-instruct,sonnet,3,3042,13,first_answer_token,7,8,126,32,193,0.734375,0.6083740234375,0.8379150390625,0.7453085988885608,0.7072317377647722,0.7867405836398292,-0.0109335988885608
qwen2.5-7b-instruct,sonnet,4,4042,13,first_answer_token,7,8,131,33,187,0.7961432506887052,0.6693985307621672,0.901744719926538,0.724527438588464,0.6779640538762904,0.770751951728674,0.0716158121002411
qwen2.5-7b-instruct,sonnet,0,42,15,first_answer_token,7,8,137,34,180,0.6963667820069204,0.5839100346020761,0.7975994809688581,0.7121604938271605,0.6652145061728395,0.7600378086419753,-0.0157937118202401
qwen2.5-7b-instruct,sonnet,1,1042,15,first_answer_token,7,8,136,34,181,0.7880622837370242,0.6730103806228374,0.8866782006920415,0.725588352003907,0.6815046854491623,0.7733585665883215,0.0624739317331172
qwen2.5-7b-instruct,sonnet,2,2042,15,first_answer_token,7,8,145,36,170,0.7808641975308642,0.6836226851851852,0.8680555555555555,0.7344982698961938,0.6872301038062284,0.7792828719723183,0.0463659276346704
qwen2.5-7b-instruct,sonnet,3,3042,15,first_answer_token,7,8,126,32,193,0.736328125,0.6015380859375,0.8486328125,0.7493892453488684,0.7129788719160245,0.7924360385513705,-0.0130611203488684
qwen2.5-7b-instruct,sonnet,4,4042,15,first_answer_token,7,8,131,33,187,0.7915518824609734,0.67123507805326,0.8971763085399448,0.7316480311132718,0.6883947210386343,0.7778396579827848,0.0599038513477016
qwen2.5-7b-instruct,sonnet,0,42,17,first_answer_token,7,8,137,34,180,0.7525951557093427,0.6331531141868512,0.8520977508650519,0.7393209876543209,0.6978341049382716,0.7827808641975309,0.0132741680550217
qwen2.5-7b-instruct,sonnet,1,1042,17,first_answer_token,7,8,136,34,181,0.8200692041522492,0.7110510380622838,0.907439446366782,0.7477488477152713,0.703382070144379,0.791066359390739,0.0723203564369778
qwen2.5-7b-instruct,sonnet,2,2042,17,first_answer_token,7,8,145,36,170,0.7199074074074073,0.6242091049382715,0.8117476851851853,0.7604152249134948,0.7158278546712803,0.806031141868512,-0.0405078175060874
qwen2.5-7b-instruct,sonnet,3,3042,17,first_answer_token,7,8,126,32,193,0.73046875,0.611328125,0.8427978515625,0.7750006711589573,0.7341076270503906,0.8168071626083921,-0.0445319211589573
qwen2.5-7b-instruct,sonnet,4,4042,17,first_answer_token,7,8,131,33,187,0.8117539026629936,0.6941689623507804,0.9072773186409552,0.7686236380794418,0.7224849152106151,0.8123659527009638,0.0431302645835518
qwen2.5-7b-instruct,sonnet,0,42,19,first_answer_token,7,8,137,34,180,0.8486159169550173,0.7448096885813149,0.9334342560553632,0.7880555555555556,0.7478287037037037,0.829673611111111,0.0605603613994616
qwen2.5-7b-instruct,sonnet,1,1042,19,first_answer_token,7,8,136,34,181,0.7742214532871973,0.6617430795847752,0.8763192041522493,0.7508928298891976,0.7077546472940386,0.7968377033668081,0.0233286233979996
qwen2.5-7b-instruct,sonnet,2,2042,19,first_answer_token,7,8,145,36,170,0.7484567901234568,0.6442901234567902,0.849537037037037,0.7684429065743945,0.726083910034602,0.8109048442906575,-0.0199861164509377
qwen2.5-7b-instruct,sonnet,3,3042,19,first_answer_token,7,8,126,32,193,0.7529296875,0.6317626953125,0.8623291015625,0.7948132835780826,0.7513718489086955,0.8337223818089078,-0.0418835960780825
qwen2.5-7b-instruct,sonnet,4,4042,19,first_answer_token,7,8,131,33,187,0.8044077134986225,0.6941919191919194,0.910032139577594,0.7962767022219681,0.7533615488003661,0.8373137636192056,0.0081310112766543
qwen2.5-7b-instruct,sonnet,0,42,21,first_answer_token,7,8,137,34,180,0.8494809688581315,0.7517301038062283,0.9299307958477508,0.8016358024691358,0.7581458333333334,0.8418973765432098,0.0478451663889957
qwen2.5-7b-instruct,sonnet,1,1042,21,first_answer_token,7,8,136,34,181,0.7422145328719724,0.6193555363321799,0.8555579584775087,0.7627972284118312,0.7164494368303774,0.806987729312292,-0.0205826955398588
qwen2.5-7b-instruct,sonnet,2,2042,21,first_answer_token,7,8,145,36,170,0.779320987654321,0.6705246913580246,0.8811728395061729,0.7724913494809688,0.7263970588235295,0.8158304498269897,0.0068296381733522
qwen2.5-7b-instruct,sonnet,3,3042,21,first_answer_token,7,8,126,32,193,0.775390625,0.6532958984375,0.8750244140625,0.796075062417783,0.7527987328518886,0.8337438588955407,-0.020684437417783
qwen2.5-7b-instruct,sonnet,4,4042,21,first_answer_token,7,8,131,33,187,0.830119375573921,0.7272727272727274,0.9210514233241506,0.7985930395493152,0.7550366038491235,0.8392969487260145,0.0315263360246058
qwen2.5-7b-instruct,sonnet,0,42,23,first_answer_token,7,8,137,34,180,0.8442906574394464,0.7361375432525951,0.9282223183391004,0.798858024691358,0.7568796296296296,0.8397554012345679,0.0454326327480884
qwen2.5-7b-instruct,sonnet,1,1042,23,first_answer_token,7,8,136,34,181,0.7352941176470588,0.6228157439446367,0.8425821799307959,0.7542199566557798,0.7083941271633957,0.795710601019505,-0.018925839008721
qwen2.5-7b-instruct,sonnet,2,2042,23,first_answer_token,7,8,145,36,170,0.7785493827160493,0.6843942901234568,0.8719521604938271,0.7624567474048444,0.7172309688581315,0.8047067474048442,0.0160926353112049
qwen2.5-7b-instruct,sonnet,3,3042,23,first_answer_token,7,8,126,32,193,0.763671875,0.6445068359375,0.8633056640625,0.7970415313162771,0.7545215978952455,0.8357137104351795,-0.033369656316277
qwen2.5-7b-instruct,sonnet,4,4042,23,first_answer_token,7,8,131,33,187,0.8034894398530762,0.6923553719008265,0.9063820018365472,0.7909577053962081,0.7476121707798336,0.8315965569504419,0.012531734456868
qwen2.5-7b-instruct,sonnet,0,42,25,first_answer_token,7,8,137,34,180,0.7949826989619379,0.6756055363321799,0.8901384083044982,0.7944444444444445,0.7519699074074074,0.8352623456790124,0.0005382545174933
qwen2.5-7b-instruct,sonnet,1,1042,25,first_answer_token,7,8,136,34,181,0.7690311418685121,0.6600129757785467,0.8676686851211073,0.7493361008516224,0.7017719239339457,0.790147584017582,0.0196950410168896
qwen2.5-7b-instruct,sonnet,2,2042,25,first_answer_token,7,8,145,36,170,0.7847222222222222,0.6921296296296297,0.8734760802469136,0.7586505190311419,0.7118416955017302,0.8013961937716263,0.0260717031910803
qwen2.5-7b-instruct,sonnet,3,3042,25,first_answer_token,7,8,126,32,193,0.767578125,0.6464599609375,0.8720703125,0.7864640661494268,0.7451703401433596,0.8260456656554539,-0.0188859411494267
qwen2.5-7b-instruct,sonnet,4,4042,25,first_answer_token,7,8,131,33,187,0.8172635445362717,0.7198576675849402,0.913682277318641,0.7773170522462752,0.7330721496182332,0.8198132631759558,0.0399464922899964
qwen2.5-7b-instruct,sonnet,0,42,27,first_answer_token,7,8,137,34,180,0.7880622837370242,0.6721453287197232,0.8832612456747405,0.7968209876543211,0.7553834876543211,0.8358695987654322,-0.0087587039172968
qwen2.5-7b-instruct,sonnet,1,1042,27,first_answer_token,7,8,136,34,181,0.7621107266435986,0.6444636678200691,0.8642084775086506,0.7520222215439089,0.7071380604987637,0.7941836329782364,0.0100885050996897
qwen2.5-7b-instruct,sonnet,2,2042,27,first_answer_token,7,8,145,36,170,0.7955246913580247,0.7090856481481481,0.8750385802469135,0.7506920415224914,0.7052698961937717,0.7933650519031141,0.0448326498355333
qwen2.5-7b-instruct,sonnet,3,3042,27,first_answer_token,7,8,126,32,193,0.771484375,0.6562255859375,0.871142578125,0.7847995919353541,0.7413594995838815,0.8244530054498107,-0.013315216935354
qwen2.5-7b-instruct,sonnet,4,4042,27,first_answer_token,7,8,131,33,187,0.8034894398530762,0.7033516988062443,0.8999081726354453,0.7737424576053076,0.7312762732706112,0.8158962223683834,0.0297469822477686
gemma-3-4b-it,sonnet,0,42,1,last_question_token,7,8,137,34,180,0.7586505190311419,0.6686418685121107,0.847750865051903,0.6702777777777778,0.6292515432098765,0.7143873456790124,0.0883727412533641
gemma-3-4b-it,sonnet,1,1042,1,last_question_token,7,8,136,34,181,0.6245674740484428,0.5258650519031143,0.7240700692041522,0.6961325966850829,0.6537254662556088,0.742611641891273,-0.07156512263664
gemma-3-4b-it,sonnet,2,2042,1,last_question_token,7,8,145,36,170,0.7091049382716049,0.6087770061728395,0.8001736111111111,0.6846020761245675,0.6397482698961937,0.7311565743944637,0.0245028621470374
gemma-3-4b-it,sonnet,3,3042,1,last_question_token,7,8,126,32,193,0.654296875,0.5615234375,0.7470703125,0.6647426776557761,0.6174850331552525,0.7125560417729335,-0.0104458026557761
gemma-3-4b-it,sonnet,4,4042,1,last_question_token,7,8,131,33,187,0.6932966023875115,0.5693067033976126,0.7943755739210284,0.6905544911207069,0.6402234836569534,0.7357073407875546,0.0027421112668045
gemma-3-4b-it,sonnet,0,42,3,last_question_token,7,8,137,34,180,0.647923875432526,0.5518814878892734,0.7465614186851212,0.642746913580247,0.6052160493827161,0.682567901234568,0.005176961852279
gemma-3-4b-it,sonnet,1,1042,3,last_question_token,7,8,136,34,181,0.6323529411764707,0.5164359861591696,0.7396410034602076,0.6488812917798603,0.6045992185830714,0.6896050181618387,-0.0165283506033896
gemma-3-4b-it,sonnet,2,2042,3,last_question_token,7,8,145,36,170,0.7199074074074074,0.6211226851851852,0.8148341049382716,0.6853287197231833,0.6409662629757785,0.7261617647058823,0.0345786876842241
gemma-3-4b-it,sonnet,3,3042,3,last_question_token,7,8,126,32,193,0.650390625,0.55859375,0.747119140625,0.651856425675857,0.6117868936078821,0.6956951864479584,-0.0014658006758569
gemma-3-4b-it,sonnet,4,4042,3,last_question_token,7,8,131,33,187,0.7327823691460055,0.6207300275482094,0.8328971533516988,0.6826903829105779,0.6413652091852783,0.7244137664788813,0.0500919862354275
gemma-3-4b-it,sonnet,0,42,5,last_question_token,7,8,137,34,180,0.6176470588235293,0.5016868512110727,0.7258001730103807,0.657283950617284,0.6176095679012347,0.6987029320987653,-0.0396368917937546
gemma-3-4b-it,sonnet,1,1042,5,last_question_token,7,8,136,34,181,0.6799307958477507,0.5605320069204153,0.787218858131488,0.6327950917249168,0.5900583010286621,0.6733494093586887,0.0471357041228339
gemma-3-4b-it,sonnet,2,2042,5,last_question_token,7,8,145,36,170,0.7638888888888888,0.6651234567901235,0.8603395061728395,0.6873702422145329,0.6410371972318339,0.7287223183391004,0.0765186466743559
gemma-3-4b-it,sonnet,3,3042,5,last_question_token,7,8,126,32,193,0.609375,0.5009765625,0.710986328125,0.6555880694783752,0.6156051169158904,0.6978019544148836,-0.0462130694783752
gemma-3-4b-it,sonnet,4,4042,5,last_question_token,7,8,131,33,187,0.7594123048668503,0.6390725436179981,0.8613406795224977,0.6731104692727845,0.6309238182390117,0.7193857416568962,0.0863018355940657
gemma-3-4b-it,sonnet,0,42,7,last_question_token,7,8,137,34,180,0.6634948096885813,0.5388840830449828,0.7742214532871972,0.6453395061728395,0.6043140432098765,0.6888734567901235,0.0181553035157417
gemma-3-4b-it,sonnet,1,1042,7,last_question_token,7,8,136,34,181,0.6660899653979239,0.5510380622837371,0.7750865051903114,0.6360306461951711,0.5989690485638411,0.674866457067855,0.0300593192027527
gemma-3-4b-it,sonnet,2,2042,7,last_question_token,7,8,145,36,170,0.7654320987654322,0.6550733024691359,0.8603395061728395,0.6779930795847751,0.637438581314879,0.7242975778546712,0.0874390191806571
gemma-3-4b-it,sonnet,3,3042,7,last_question_token,7,8,126,32,193,0.66796875,0.5390380859375,0.7842041015625,0.652608123708019,0.6144238771510644,0.6955683374050309,0.0153606262919809
gemma-3-4b-it,sonnet,4,4042,7,last_question_token,7,8,131,33,187,0.6831955922865014,0.5656565656565656,0.7970615243342516,0.696531213360405,0.6556485744516571,0.7383403872000914,-0.0133356210739036
gemma-3-4b-it,sonnet,0,42,9,last_question_token,7,8,137,34,180,0.6435986159169549,0.5198745674740485,0.7543685121107266,0.6788271604938272,0.6339374999999999,0.7211458333333334,-0.0352285445768723
gemma-3-4b-it,sonnet,1,1042,9,last_question_token,7,8,136,34,181,0.6522491349480969,0.5285467128027681,0.7698961937716262,0.6763835047770215,0.6344716278501877,0.718170996001343,-0.0241343698289245
gemma-3-4b-it,sonnet,2,2042,9,last_question_token,7,8,145,36,170,0.7623456790123456,0.658179012345679,0.8595871913580247,0.7074048442906573,0.6638996539792388,0.7535328719723184,0.0549408347216883
gemma-3-4b-it,sonnet,3,3042,9,last_question_token,7,8,126,32,193,0.7041015625,0.578125,0.813525390625,0.670460951971865,0.6308545195844183,0.7122687857392145,0.033640610528135
gemma-3-4b-it,sonnet,4,4042,9,last_question_token,7,8,131,33,187,0.6859504132231404,0.5693296602387512,0.797979797979798,0.6732534530584231,0.6337820641139295,0.7140045468843833,0.0126969601647173
gemma-3-4b-it,sonnet,0,42,11,last_question_token,7,8,137,34,180,0.7110726643598617,0.5908088235294118,0.8140354671280277,0.706574074074074,0.6639421296296297,0.7514907407407407,0.0044985902857876
gemma-3-4b-it,sonnet,1,1042,11,last_question_token,7,8,136,34,181,0.6029411764705882,0.4930795847750865,0.7006920415224913,0.6916150300662373,0.6502129055889624,0.7348188394737646,-0.088673853595649
gemma-3-4b-it,sonnet,2,2042,11,last_question_token,7,8,145,36,170,0.7623456790123457,0.6481288580246913,0.8703703703703702,0.7036678200692041,0.6620735294117647,0.7467162629757785,0.0586778589431415
gemma-3-4b-it,sonnet,3,3042,11,last_question_token,7,8,126,32,193,0.6884765625,0.58984375,0.793994140625,0.688743321968375,0.6524342935380816,0.7339398373110688,-0.0002667594683749
gemma-3-4b-it,sonnet,4,4042,11,last_question_token,7,8,131,33,187,0.6969696969696969,0.5821854912764004,0.8071625344352616,0.6903829105779404,0.6502023220566787,0.7319197003059854,0.0065867863917564
gemma-3-4b-it,sonnet,0,42,13,last_question_token,7,8,137,34,180,0.7396193771626297,0.6270761245674741,0.8408304498269896,0.6996913580246914,0.6597199074074075,0.7425162037037036,0.0399280191379383
gemma-3-4b-it,sonnet,1,1042,13,last_question_token,7,8,136,34,181,0.6089965397923875,0.4887543252595156,0.7188797577854672,0.6875858490278075,0.6451153810933732,0.7327439638594669,-0.0785893092354199
gemma-3-4b-it,sonnet,2,2042,13,last_question_token,7,8,145,36,170,0.7453703703703703,0.6380787037037037,0.8426118827160495,0.7162283737024222,0.6752102076124566,0.7553399653979237,0.0291419966679481
gemma-3-4b-it,sonnet,3,3042,13,last_question_token,7,8,126,32,193,0.697265625,0.5907958984375,0.804736328125,0.7084753953126258,0.6732757926387286,0.749073129479986,-0.0112097703126258
gemma-3-4b-it,sonnet,4,4042,13,last_question_token,7,8,131,33,187,0.7180899908172635,0.6005509641873279,0.8227731864095501,0.7101718665103377,0.6655594955532044,0.7548879007120592,0.0079181243069258
gemma-3-4b-it,sonnet,0,42,15,last_question_token,7,8,137,34,180,0.7854671280276816,0.6652249134948097,0.8814878892733564,0.7437345679012346,0.7034467592592594,0.7868672839506173,0.0417325601264469
gemma-3-4b-it,sonnet,1,1042,15,last_question_token,7,8,136,34,181,0.6980968858131488,0.5924956747404845,0.7950475778546714,0.6895393913494705,0.6471376026372821,0.733249900796679,0.0085574944636782
gemma-3-4b-it,sonnet,2,2042,15,last_question_token,7,8,145,36,170,0.7121913580246914,0.5871720679012346,0.8248456790123456,0.7045328719723183,0.6622084775086506,0.7446159169550174,0.007658486052373
gemma-3-4b-it,sonnet,3,3042,15,last_question_token,7,8,126,32,193,0.7109375,0.6083984375,0.80078125,0.70227388654729,0.6649265752100728,0.7405695454911541,0.00866361345271
gemma-3-4b-it,sonnet,4,4042,15,last_question_token,7,8,131,33,187,0.7309458218549127,0.6308080808080808,0.8292240587695132,0.7100574794818268,0.6625532614601505,0.755588521261689,0.0208883423730859
gemma-3-4b-it,sonnet,0,42,17,last_question_token,7,8,137,34,180,0.7577854671280276,0.647015570934256,0.8564662629757785,0.7600000000000001,0.7191373456790124,0.8011466049382716,-0.0022145328719724
gemma-3-4b-it,sonnet,1,1042,17,last_question_token,7,8,136,34,181,0.763840830449827,0.6660899653979239,0.8589965397923875,0.7239705747687799,0.6820602240468849,0.7650262507249472,0.039870255681047
gemma-3-4b-it,sonnet,2,2042,17,last_question_token,7,8,145,36,170,0.7662037037037036,0.6481095679012345,0.8619020061728396,0.7179584775086506,0.6763287197231834,0.7584117647058823,0.048245226195053
gemma-3-4b-it,sonnet,3,3042,17,last_question_token,7,8,126,32,193,0.658203125,0.5517578125,0.7705078125,0.7392950146312651,0.6970864989664153,0.781885419742812,-0.0810918896312651
gemma-3-4b-it,sonnet,4,4042,17,last_question_token,7,8,131,33,187,0.736455463728191,0.642791551882461,0.8283287419651055,0.7574709027996226,0.7119441505333296,0.7999656838914467,-0.0210154390714315
gemma-3-4b-it,sonnet,0,42,19,last_question_token,7,8,137,34,180,0.7612456747404844,0.6435769896193771,0.8581747404844291,0.7304012345679012,0.6843996913580247,0.773983024691358,0.0308444401725832
gemma-3-4b-it,sonnet,1,1042,19,last_question_token,7,8,136,34,181,0.7508650519031141,0.6513840830449826,0.8442906574394463,0.7463447391715761,0.7001869601050028,0.7900628796434784,0.004520312731538
gemma-3-4b-it,sonnet,2,2042,19,last_question_token,7,8,145,36,170,0.8032407407407407,0.708275462962963,0.8881365740740741,0.7088581314878893,0.6649801038062283,0.7537846020761245,0.0943826092528513
gemma-3-4b-it,sonnet,3,3042,19,last_question_token,7,8,126,32,193,0.6669921875,0.5507568359375,0.7812744140625,0.7247174420789819,0.6791571585814384,0.7704777309457973,-0.0577252545789819
gemma-3-4b-it,sonnet,4,4042,19,last_question_token,7,8,131,33,187,0.7456382001836547,0.6517676767676768,0.8430211202938476,0.7652492207383683,0.7200177299894193,0.8091230804426778,-0.0196110205547136
gemma-3-4b-it,sonnet,0,42,21,last_question_token,7,8,137,34,180,0.7517301038062283,0.6150519031141869,0.8555579584775086,0.7637962962962963,0.7202091049382715,0.8072407407407407,-0.012066192490068
gemma-3-4b-it,sonnet,1,1042,21,last_question_token,7,8,136,34,181,0.7897923875432526,0.693728373702422,0.879757785467128,0.7200634901254541,0.6700886725069443,0.7635000457861482,0.0697288974177985
gemma-3-4b-it,sonnet,2,2042,21,last_question_token,7,8,145,36,170,0.7461419753086419,0.638869598765432,0.8387731481481481,0.701522491349481,0.653794982698962,0.7473416955017301,0.0446194839591609
gemma-3-4b-it,sonnet,3,3042,21,last_question_token,7,8,126,32,193,0.6767578125,0.5478515625,0.798828125,0.7281806222985852,0.6868338747348922,0.7734509651265807,-0.0514228097985851
gemma-3-4b-it,sonnet,4,4042,21,last_question_token,7,8,131,33,187,0.7364554637281909,0.6372819100091828,0.8421028466483012,0.7590151276845206,0.7139444936944149,0.8053761903400154,-0.0225596639563296
gemma-3-4b-it,sonnet,0,42,23,last_question_token,7,8,137,34,180,0.745674740484429,0.6219506920415225,0.8486375432525951,0.7657098765432099,0.7246535493827161,0.8069992283950617,-0.0200351360587808
gemma-3-4b-it,sonnet,1,1042,23,last_question_token,7,8,136,34,181,0.7664359861591696,0.6721020761245674,0.856401384083045,0.7238179542749,0.6785201916913404,0.7680168493025242,0.0426180318842696
gemma-3-4b-it,sonnet,2,2042,23,last_question_token,7,8,145,36,170,0.8001543209876544,0.6966820987654322,0.8920524691358025,0.7089273356401384,0.662461937716263,0.7575666089965398,0.0912269853475159
gemma-3-4b-it,sonnet,3,3042,23,last_question_token,7,8,126,32,193,0.6171875,0.4892578125,0.744140625,0.7320733442508524,0.6890359472737524,0.7758067330666595,-0.1148858442508523
gemma-3-4b-it,sonnet,4,4042,23,last_question_token,7,8,131,33,187,0.7401285583103765,0.6290174471992654,0.8494260789715335,0.7480625697045955,0.7051767279590494,0.7919435785981871,-0.007934011394219
gemma-3-4b-it,sonnet,0,42,25,last_question_token,7,8,137,34,180,0.7214532871972319,0.6046280276816609,0.8226643598615917,0.7489506172839506,0.7068811728395061,0.7945748456790124,-0.0274973300867187
gemma-3-4b-it,sonnet,1,1042,25,last_question_token,7,8,136,34,181,0.755190311418685,0.6556877162629757,0.8520761245674741,0.7431091847013216,0.6956159763132993,0.7874332285339275,0.0120811267173633
gemma-3-4b-it,sonnet,2,2042,25,last_question_token,7,8,145,36,170,0.7993827160493827,0.6982445987654322,0.8904513888888889,0.710242214532872,0.663976643598616,0.7583053633217992,0.0891405015165107
gemma-3-4b-it,sonnet,3,3042,25,last_question_token,7,8,126,32,193,0.6328125,0.5009521484375,0.7500244140625,0.7475636929850465,0.7020302558457946,0.7898252302075223,-0.1147511929850465
gemma-3-4b-it,sonnet,4,4042,25,last_question_token,7,8,131,33,187,0.7447199265381083,0.6483011937557392,0.8466712580348945,0.7488632789041723,0.705133832823358,0.792645628985673,-0.004143352366064
gemma-3-4b-it,sonnet,0,42,1,first_answer_token,7,8,137,34,180,0.6505190311418685,0.5216262975778547,0.7681877162629758,0.7008024691358025,0.6611103395061729,0.7423155864197531,-0.0502834379939339
gemma-3-4b-it,sonnet,1,1042,1,first_answer_token,7,8,136,34,181,0.7525951557093425,0.6539143598615917,0.8468858131487889,0.6746131070480144,0.6273618021427917,0.7201298800402919,0.0779820486613281
gemma-3-4b-it,sonnet,2,2042,1,first_answer_token,7,8,145,36,170,0.6651234567901235,0.566358024691358,0.7685378086419754,0.6762629757785468,0.6309671280276816,0.7254749134948097,-0.0111395189884232
gemma-3-4b-it,sonnet,3,3042,1,first_answer_token,7,8,126,32,193,0.638671875,0.5292724609375,0.7363525390625,0.6758839163467475,0.6352647050927542,0.7186360707670005,-0.0372120413467474
gemma-3-4b-it,sonnet,4,4042,1,first_answer_token,7,8,131,33,187,0.6556473829201102,0.5720385674931129,0.7493572084481175,0.6660184735051045,0.6220052046097972,0.7076503474505991,-0.0103710905849943
gemma-3-4b-it,sonnet,0,42,3,first_answer_token,7,8,137,34,180,0.6565743944636678,0.5579584775086506,0.7561202422145329,0.7125617283950617,0.6660470679012346,0.7558973765432099,-0.0559873339313938
gemma-3-4b-it,sonnet,1,1042,3,first_answer_token,7,8,136,34,181,0.7923875432525951,0.6790657439446367,0.8866998269896192,0.6708281187997924,0.6242964195232136,0.7179222245963186,0.1215594244528026
gemma-3-4b-it,sonnet,2,2042,3,first_answer_token,7,8,145,36,170,0.7214506172839505,0.6010802469135803,0.8294753086419753,0.6916955017301039,0.646401384083045,0.7378892733564014,0.0297551155538466
gemma-3-4b-it,sonnet,3,3042,3,first_answer_token,7,8,126,32,193,0.6845703125,0.5575927734375,0.7978759765625,0.6964482267980348,0.6551008080753845,0.7373654326290638,-0.0118779142980347
gemma-3-4b-it,sonnet,4,4042,3,first_answer_token,7,8,131,33,187,0.768595041322314,0.673048668503214,0.859504132231405,0.7034230318281907,0.6627713117332495,0.745641139294804,0.0651720094941233
gemma-3-4b-it,sonnet,0,42,5,first_answer_token,7,8,137,34,180,0.6470588235294118,0.5510164359861591,0.7439446366782007,0.717283950617284,0.6721242283950617,0.7582415123456789,-0.0702251270878722
gemma-3-4b-it,sonnet,1,1042,5,first_answer_token,7,8,136,34,181,0.7811418685121108,0.6738538062283738,0.8746107266435986,0.6426238515307836,0.5935349958792467,0.6925086230579042,0.1385180169813271
gemma-3-4b-it,sonnet,2,2042,5,first_answer_token,7,8,145,36,170,0.7299382716049384,0.6072145061728395,0.8418402777777778,0.6944636678200693,0.6453953287197233,0.7407448096885814,0.0354746037848691
gemma-3-4b-it,sonnet,3,3042,5,first_answer_token,7,8,126,32,193,0.693359375,0.5654052734375,0.8067138671874999,0.7060860694246827,0.6645232086767431,0.7481596821391178,-0.0127266944246826
gemma-3-4b-it,sonnet,4,4042,5,first_answer_token,7,8,131,33,187,0.7897153351698806,0.6721303948576676,0.8852157943067033,0.6776573536560955,0.6353255740798992,0.7200441819897624,0.1120579815137851
gemma-3-4b-it,sonnet,0,42,7,first_answer_token,7,8,137,34,180,0.6453287197231835,0.5241998269896194,0.7690311418685121,0.7326851851851852,0.6886604938271605,0.7747654320987654,-0.0873564654620017
gemma-3-4b-it,sonnet,1,1042,7,first_answer_token,7,8,136,34,181,0.7275086505190311,0.6167387543252595,0.828741349480969,0.6973230365373464,0.650421995665578,0.7437555324929032,0.0301856139816847
gemma-3-4b-it,sonnet,2,2042,7,first_answer_token,7,8,145,36,170,0.7916666666666666,0.6682098765432098,0.8865740740740741,0.7007958477508651,0.6555311418685121,0.7450190311418685,0.0908708189158015
gemma-3-4b-it,sonnet,3,3042,7,first_answer_token,7,8,126,32,193,0.7314453125,0.6103271484375,0.8388916015625,0.7145158259282128,0.6756389433273376,0.7538625197991894,0.0169294865717871
gemma-3-4b-it,sonnet,4,4042,7,first_answer_token,7,8,131,33,187,0.7722681359044995,0.6390955004591369,0.8888888888888888,0.6709371157310762,0.6255855186021906,0.7211830478423745,0.1013310201734233
gemma-3-4b-it,sonnet,0,42,9,first_answer_token,7,8,137,34,180,0.6314878892733564,0.5112456747404844,0.7431012110726645,0.7307407407407407,0.6845949074074074,0.7721111111111111,-0.0992528514673842
gemma-3-4b-it,sonnet,1,1042,9,first_answer_token,7,8,136,34,181,0.694636678200692,0.5864835640138408,0.7984429065743945,0.6838619089771374,0.6410198101401056,0.729329080308904,0.0107747692235545
gemma-3-4b-it,sonnet,2,2042,9,first_answer_token,7,8,145,36,170,0.7800925925925927,0.6481481481481481,0.881983024691358,0.6651903114186851,0.6195025951557093,0.7138287197231835,0.1149022811739075
gemma-3-4b-it,sonnet,3,3042,9,first_answer_token,7,8,126,32,193,0.6962890625,0.5654296875,0.8076416015625,0.7058176058417676,0.6630231684072055,0.7510584176756422,-0.0095285433417675
gemma-3-4b-it,sonnet,4,4042,9,first_answer_token,7,8,131,33,187,0.7382920110192838,0.5941000918273646,0.8632001836547292,0.6426263261746117,0.5950856472875976,0.6894163401870228,0.095665684844672
gemma-3-4b-it,sonnet,0,42,11,first_answer_token,7,8,137,34,180,0.6730103806228374,0.5484212802768166,0.7794333910034602,0.755462962962963,0.7099552469135803,0.8001527777777778,-0.0824525823401256
gemma-3-4b-it,sonnet,1,1042,11,first_answer_token,7,8,136,34,181,0.6738754325259516,0.5570934256055363,0.777681660899654,0.7027563261194714,0.6575058758890144,0.7515590183449835,-0.0288808935935197
gemma-3-4b-it,sonnet,2,2042,11,first_answer_token,7,8,145,36,170,0.7970679012345679,0.6944444444444444,0.8896990740740741,0.6967820069204151,0.6453581314878893,0.746590830449827,0.1002858943141528
gemma-3-4b-it,sonnet,3,3042,11,first_answer_token,7,8,126,32,193,0.734375,0.625927734375,0.8369140625,0.7031061236543263,0.6618848828156461,0.7480831700179869,0.0312688763456736
gemma-3-4b-it,sonnet,4,4042,11,first_answer_token,7,8,131,33,187,0.7162534435261708,0.5858356290174472,0.8429752066115701,0.6813463353255741,0.6339357716834912,0.7291965741084961,0.0349071082005967
gemma-3-4b-it,sonnet,0,42,13,first_answer_token,7,8,137,34,180,0.7136678200692042,0.5916738754325259,0.8140354671280278,0.7614506172839506,0.7198317901234569,0.8025979938271607,-0.0477827972147464
gemma-3-4b-it,sonnet,1,1042,13,first_answer_token,7,8,136,34,181,0.6790657439446367,0.5510164359861591,0.7958693771626297,0.7045877720460304,0.6623958365129269,0.7525174750465493,-0.0255220281013937
gemma-3-4b-it,sonnet,2,2042,13,first_answer_token,7,8,145,36,170,0.7592592592592594,0.6357831790123457,0.8618827160493826,0.7240138408304498,0.676954152249135,0.7724567474048442,0.0352454184288095
gemma-3-4b-it,sonnet,3,3042,13,first_answer_token,7,8,126,32,193,0.80078125,0.6991943359375,0.8896484375,0.7148111358694194,0.6768758892856185,0.7537256033719026,0.0859701141305806
gemma-3-4b-it,sonnet,4,4042,13,first_answer_token,7,8,131,33,187,0.7346189164370983,0.6096648301193757,0.8622819100091828,0.6983328090594526,0.6514598644513713,0.7451335468557865,0.0362861073776457
gemma-3-4b-it,sonnet,0,42,15,first_answer_token,7,8,137,34,180,0.7621107266435987,0.6470588235294118,0.8642084775086505,0.7673765432098767,0.7263788580246914,0.8089621913580246,-0.005265816566278
gemma-3-4b-it,sonnet,1,1042,15,first_answer_token,7,8,136,34,181,0.7257785467128027,0.591673875432526,0.842560553633218,0.6966515063642745,0.6530623302097005,0.7454313055157046,0.0291270403485282
gemma-3-4b-it,sonnet,2,2042,15,first_answer_token,7,8,145,36,170,0.7939814814814814,0.6867283950617284,0.8835069444444444,0.6961937716262976,0.6493408304498269,0.7464913494809687,0.0977877098551838
gemma-3-4b-it,sonnet,3,3042,15,first_answer_token,7,8,126,32,193,0.7314453125,0.611328125,0.8388671875,0.7335230475985932,0.6953958495530083,0.7739550055035036,-0.0020777350985932
gemma-3-4b-it,sonnet,4,4042,15,first_answer_token,7,8,131,33,187,0.7493112947658402,0.6243801652892562,0.8659320477502296,0.694958391718379,0.6471803597472047,0.737566844919786,0.0543529030474612
gemma-3-4b-it,sonnet,0,42,17,first_answer_token,7,8,137,34,180,0.7465397923875432,0.6461288927335639,0.8434256055363322,0.7559567901234568,0.7118626543209876,0.8026875000000001,-0.0094169977359136
gemma-3-4b-it,sonnet,1,1042,17,first_answer_token,7,8,136,34,181,0.7880622837370242,0.6634299307958478,0.8814878892733564,0.7214065504715974,0.6759210646805653,0.7701871127254968,0.0666557332654268
gemma-3-4b-it,sonnet,2,2042,17,first_answer_token,7,8,145,36,170,0.8140432098765432,0.7214506172839505,0.9004822530864198,0.6887889273356401,0.6451461937716264,0.7396634948096885,0.1252542825409031
gemma-3-4b-it,sonnet,3,3042,17,first_answer_token,7,8,126,32,193,0.693359375,0.5673583984375,0.806689453125,0.7327981959247228,0.6891654809525088,0.7775591291041372,-0.0394388209247228
gemma-3-4b-it,sonnet,4,4042,17,first_answer_token,7,8,131,33,187,0.7649219467401285,0.6602157943067034,0.86044536271809,0.715233492521948,0.6639287654779947,0.7607988504103633,0.0496884542181804
gemma-3-4b-it,sonnet,0,42,19,first_answer_token,7,8,137,34,180,0.7378892733564013,0.6340181660899653,0.8416955017301038,0.7416666666666667,0.696224537037037,0.7874783950617283,-0.0037773933102653
gemma-3-4b-it,sonnet,1,1042,19,first_answer_token,7,8,136,34,181,0.7906574394463668,0.6738538062283738,0.8849480968858131,0.7117914593571624,0.6643844815481822,0.7612107383779494,0.0788659800892044
gemma-3-4b-it,sonnet,2,2042,19,first_answer_token,7,8,145,36,170,0.8333333333333334,0.743016975308642,0.914351851851852,0.701522491349481,0.655045847750865,0.7478598615916956,0.1318108419838524
gemma-3-4b-it,sonnet,3,3042,19,first_answer_token,7,8,126,32,193,0.7119140625,0.5907470703125,0.8203369140625,0.7399393272302611,0.7004724959059303,0.7830109533141829,-0.0280252647302611
gemma-3-4b-it,sonnet,4,4042,19,first_answer_token,7,8,131,33,187,0.7548209366391184,0.6363636363636364,0.8595270890725437,0.7285881781006034,0.6802274872029511,0.7747426291858504,0.026232758538515
gemma-3-4b-it,sonnet,0,42,21,first_answer_token,7,8,137,34,180,0.722318339100346,0.5873702422145329,0.8391003460207612,0.7242901234567901,0.6799182098765432,0.773431327160494,-0.001971784356444
gemma-3-4b-it,sonnet,1,1042,21,first_answer_token,7,8,136,34,181,0.7750865051903114,0.6721237024221454,0.8745891003460208,0.710784164097555,0.6674353652208418,0.7586848692042368,0.0643023410927564
gemma-3-4b-it,sonnet,2,2042,21,first_answer_token,7,8,145,36,170,0.8217592592592592,0.7229745370370371,0.9066550925925928,0.6880276816608997,0.6390631487889273,0.7378278546712803,0.1337315775983595
gemma-3-4b-it,sonnet,3,3042,21,first_answer_token,7,8,126,32,193,0.685546875,0.5556396484375,0.8037109375,0.7453891379634352,0.7062196300571828,0.7849620124030177,-0.0598422629634352
gemma-3-4b-it,sonnet,4,4042,21,first_answer_token,7,8,131,33,187,0.743801652892562,0.6382001836547291,0.8540174471992653,0.7317624181417827,0.6832280019445794,0.7786961308587607,0.0120392347507792
gemma-3-4b-it,sonnet,0,42,23,first_answer_token,7,8,137,34,180,0.7197231833910034,0.5934256055363322,0.8339100346020761,0.7418209876543209,0.6991805555555555,0.7876882716049384,-0.0220978042633175
gemma-3-4b-it,sonnet,1,1042,23,first_answer_token,7,8,136,34,181,0.773356401384083,0.6600129757785468,0.876340830449827,0.7188425261744147,0.6737859039711851,0.7658259821128781,0.0545138752096683
gemma-3-4b-it,sonnet,2,2042,23,first_answer_token,7,8,145,36,170,0.7831790123456789,0.6628086419753086,0.882735339506173,0.7156747404844289,0.667531141868512,0.7618391003460208,0.0675042718612499
gemma-3-4b-it,sonnet,3,3042,23,first_answer_token,7,8,126,32,193,0.6708984375,0.5399169921875,0.791015625,0.7310531826357755,0.6919373674461058,0.771191844076351,-0.0601547451357754
gemma-3-4b-it,sonnet,4,4042,23,first_answer_token,7,8,131,33,187,0.7465564738292011,0.6299127640036731,0.8567722681359046,0.7287311618862422,0.6817981640881925,0.7767115159140953,0.0178253119429588
gemma-3-4b-it,sonnet,0,42,25,first_answer_token,7,8,137,34,180,0.7102076124567474,0.5899653979238755,0.8192041522491348,0.7429938271604939,0.703775462962963,0.7869552469135802,-0.0327862147037465
gemma-3-4b-it,sonnet,1,1042,25,first_answer_token,7,8,136,34,181,0.7647058823529411,0.6479022491349481,0.8693771626297578,0.7279081835108818,0.6846822441317421,0.7750175513567963,0.0367976988420593
gemma-3-4b-it,sonnet,2,2042,25,first_answer_token,7,8,145,36,170,0.8194444444444444,0.7237461419753086,0.9074074074074074,0.7126297577854672,0.6669506920415225,0.7601133217993078,0.1068146866589772
gemma-3-4b-it,sonnet,3,3042,25,first_answer_token,7,8,126,32,193,0.64453125,0.500927734375,0.7734619140625,0.7295229402131601,0.6885278799430856,0.769373003302102,-0.0849916902131601
gemma-3-4b-it,sonnet,4,4042,25,first_answer_token,7,8,131,33,187,0.7630853994490358,0.6556473829201102,0.8650367309458218,0.7300466127141183,0.6857774028425176,0.7756720237925019,0.0330387867349174
llama-3-8b-instruct,sonnet,0,42,1,last_question_token,7,8,137,34,180,0.7430795847750865,0.6349480968858131,0.8442906574394463,0.6616975308641976,0.6175925925925926,0.7060246913580246,0.0813820539108889
llama-3-8b-instruct,sonnet,1,1042,1,last_question_token,7,8,136,34,181,0.7352941176470588,0.6539359861591696,0.8166089965397924,0.664265437562956,0.6175231220048227,0.7136557186899057,0.0710286800841027
llama-3-8b-instruct,sonnet,2,2042,1,last_question_token,7,8,145,36,170,0.7415123456790123,0.6319444444444445,0.8403742283950617,0.6878892733564014,0.6383979238754325,0.7358157439446368,0.0536230723226108
llama-3-8b-instruct,sonnet,3,3042,1,last_question_token,7,8,126,32,193,0.685546875,0.568310546875,0.7939453125,0.6789712475502698,0.6368459555961234,0.724938924534887,0.0065756274497301
llama-3-8b-instruct,sonnet,4,4042,1,last_question_token,7,8,131,33,187,0.7015610651974288,0.58767217630854,0.7989439853076216,0.6858932197088851,0.6375003574594641,0.737122880265378,0.0156678454885437
llama-3-8b-instruct,sonnet,0,42,3,last_question_token,7,8,137,34,180,0.7846020761245674,0.6868512110726643,0.8754325259515572,0.6728395061728396,0.6289305555555555,0.7164228395061729,0.1117625699517278
llama-3-8b-instruct,sonnet,1,1042,3,last_question_token,7,8,136,34,181,0.7378892733564014,0.6332179930795848,0.8391003460207611,0.692133939745429,0.6464965965629865,0.7377407588290956,0.0457553336109723
llama-3-8b-instruct,sonnet,2,2042,3,last_question_token,7,8,145,36,170,0.7523148148148149,0.6411844135802469,0.8541859567901235,0.6902768166089963,0.6441859861591696,0.7343278546712803,0.0620379982058185
llama-3-8b-instruct,sonnet,3,3042,3,last_question_token,7,8,126,32,193,0.7197265625,0.6054443359375,0.8193603515625,0.6867298450965127,0.6453300759751939,0.7318874332196837,0.0329967174034873
llama-3-8b-instruct,sonnet,4,4042,3,last_question_token,7,8,131,33,187,0.6795224977043159,0.5536730945821854,0.7952479338842975,0.7023363550573365,0.6611820469558752,0.7426906688781492,-0.0228138573530205
llama-3-8b-instruct,sonnet,0,42,5,last_question_token,7,8,137,34,180,0.7162629757785467,0.6012110726643599,0.8166089965397922,0.6880864197530865,0.6375902777777778,0.733429012345679,0.0281765560254602
llama-3-8b-instruct,sonnet,1,1042,5,last_question_token,7,8,136,34,181,0.6790657439446367,0.5717993079584776,0.7769463667820069,0.686609077866976,0.6411586947895364,0.7350439547022375,-0.0075433339223393
llama-3-8b-instruct,sonnet,2,2042,5,last_question_token,7,8,145,36,170,0.7569444444444444,0.6396219135802468,0.8495563271604939,0.6857785467128028,0.6446643598615918,0.7256081314878892,0.0711658977316416
llama-3-8b-instruct,sonnet,3,3042,5,last_question_token,7,8,126,32,193,0.7021484375,0.5908203125,0.8154296875,0.6788370157588122,0.6378305457864641,0.7261174796638836,0.0233114217411878
llama-3-8b-instruct,sonnet,4,4042,5,last_question_token,7,8,131,33,187,0.7134986225895316,0.6115702479338844,0.8145316804407713,0.6947868111756127,0.6481798164088192,0.7382517372529954,0.0187118114139188
llama-3-8b-instruct,sonnet,0,42,7,last_question_token,7,8,137,34,180,0.7474048442906573,0.6340614186851211,0.8468858131487889,0.6662037037037036,0.6175547839506172,0.7094035493827161,0.0812011405869537
llama-3-8b-instruct,sonnet,1,1042,7,last_question_token,7,8,136,34,181,0.6548442906574394,0.5640138408304498,0.7431444636678202,0.686303836879216,0.6421629376392662,0.7315443667775708,-0.0314595462217766
llama-3-8b-instruct,sonnet,2,2042,7,last_question_token,7,8,145,36,170,0.7623456790123456,0.6504436728395062,0.8518518518518517,0.69,0.6469126297577855,0.7328105536332179,0.0723456790123456
llama-3-8b-instruct,sonnet,3,3042,7,last_question_token,7,8,126,32,193,0.673828125,0.5830078125,0.7685791015625,0.6858707616311847,0.6478549759725094,0.7282396842868265,-0.0120426366311846
llama-3-8b-instruct,sonnet,4,4042,7,last_question_token,7,8,131,33,187,0.7337006427915519,0.628099173553719,0.8347107438016529,0.6831479310246218,0.6428458062855672,0.7229589064600076,0.0505527117669301
llama-3-8b-instruct,sonnet,0,42,9,last_question_token,7,8,137,34,180,0.7716262975778546,0.6600346020761246,0.8624567474048442,0.6653395061728395,0.6180362654320988,0.7107831790123456,0.106286791405015
llama-3-8b-instruct,sonnet,1,1042,9,last_question_token,7,8,136,34,181,0.6358131487889274,0.5241349480968858,0.7396410034602076,0.6939653856719881,0.6527754036812063,0.7373111321388236,-0.0581522368830607
llama-3-8b-instruct,sonnet,2,2042,9,last_question_token,7,8,145,36,170,0.808641975308642,0.7106288580246912,0.8881172839506173,0.7109342560553633,0.6663581314878892,0.7544420415224914,0.0977077192532787
llama-3-8b-instruct,sonnet,3,3042,9,last_question_token,7,8,126,32,193,0.6943359375,0.575146484375,0.81640625,0.6834277430266584,0.6422447582485435,0.7266557491476281,0.0109081944733415
llama-3-8b-instruct,sonnet,4,4042,9,last_question_token,7,8,131,33,187,0.7630853994490358,0.6601469237832874,0.8540174471992654,0.6725671308873574,0.631438559867311,0.7155787983642655,0.0905182685616783
llama-3-8b-instruct,sonnet,0,42,11,last_question_token,7,8,137,34,180,0.8313148788927336,0.7378460207612457,0.91784169550173,0.6945370370370371,0.6545532407407408,0.7392438271604939,0.1367778418556965
llama-3-8b-instruct,sonnet,1,1042,11,last_question_token,7,8,136,34,181,0.7309688581314879,0.6306012110726643,0.8270328719723183,0.7077928024175086,0.6659045816672263,0.7487370654131437,0.0231760557139792
llama-3-8b-instruct,sonnet,2,2042,11,last_question_token,7,8,145,36,170,0.7530864197530864,0.6264660493827161,0.8541666666666666,0.7390657439446368,0.7002032871972319,0.7809031141868511,0.0140206758084496
llama-3-8b-instruct,sonnet,3,3042,11,last_question_token,7,8,126,32,193,0.7109375,0.61328125,0.8154541015625,0.7156702193347473,0.6735704314209777,0.7590150071142849,-0.0047327193347472
llama-3-8b-instruct,sonnet,4,4042,11,last_question_token,7,8,131,33,187,0.7988980716253443,0.7107208448117539,0.8778925619834711,0.7070262232262862,0.6652027510080356,0.745578226429123,0.0918718483990581
llama-3-8b-instruct,sonnet,0,42,13,last_question_token,7,8,137,34,180,0.879757785467128,0.800151384083045,0.9403114186851212,0.7600617283950617,0.7151049382716049,0.8040131172839506,0.1196960570720663
llama-3-8b-instruct,sonnet,1,1042,13,last_question_token,7,8,136,34,181,0.7508650519031141,0.6461937716262977,0.8486159169550174,0.7565703122615306,0.71648453954397,0.7971994139373034,-0.0057052603584164
llama-3-8b-instruct,sonnet,2,2042,13,last_question_token,7,8,145,36,170,0.7484567901234568,0.631886574074074,0.8441550925925927,0.7875086505190312,0.7501704152249136,0.822917820069204,-0.0390518603955744
llama-3-8b-instruct,sonnet,3,3042,13,last_question_token,7,8,126,32,193,0.7958984375,0.6982421875,0.8857666015625,0.7796987838599694,0.7361459368036726,0.8243033370023356,0.0161996536400306
llama-3-8b-instruct,sonnet,4,4042,13,last_question_token,7,8,131,33,187,0.874196510560147,0.7860192837465565,0.9467401285583104,0.7700248791787011,0.7269746060796706,0.8087784895192885,0.1041716313814459
llama-3-8b-instruct,sonnet,0,42,15,last_question_token,7,8,137,34,180,0.8693771626297578,0.7629757785467127,0.9463884083044984,0.7902777777777777,0.746067901234568,0.831241512345679,0.07909938485198
llama-3-8b-instruct,sonnet,1,1042,15,last_question_token,7,8,136,34,181,0.755190311418685,0.6504757785467128,0.8486375432525952,0.763010897103263,0.7214630200543328,0.806277280913281,-0.0078205856845779
llama-3-8b-instruct,sonnet,2,2042,15,last_question_token,7,8,145,36,170,0.8070987654320988,0.7067901234567902,0.894309413580247,0.8033217993079586,0.7580207612456749,0.8442223183391004,0.0037769661241402
llama-3-8b-instruct,sonnet,3,3042,15,last_question_token,7,8,126,32,193,0.841796875,0.7509521484375,0.9267822265625,0.7822491878976616,0.7392574297296571,0.826118150822841,0.0595476871023383
llama-3-8b-instruct,sonnet,4,4042,15,last_question_token,7,8,131,33,187,0.842056932966024,0.7318181818181818,0.9302112029384756,0.7654493980382624,0.7258135777402844,0.8030326860933971,0.0766075349277616
llama-3-8b-instruct,sonnet,0,42,17,last_question_token,7,8,137,34,180,0.8624567474048443,0.7646626297577854,0.9377162629757784,0.7928703703703704,0.7491898148148148,0.8341736111111111,0.0695863770344739
llama-3-8b-instruct,sonnet,1,1042,17,last_question_token,7,8,136,34,181,0.7655709342560554,0.6651384083044982,0.856401384083045,0.7612099752754801,0.7203191294527028,0.801718506761088,0.0043609589805753
llama-3-8b-instruct,sonnet,2,2042,17,last_question_token,7,8,145,36,170,0.816358024691358,0.7060185185185185,0.900462962962963,0.8119031141868512,0.7714472318339101,0.8499074394463667,0.0044549105045067
llama-3-8b-instruct,sonnet,3,3042,17,last_question_token,7,8,126,32,193,0.822265625,0.7226318359375,0.9150390625,0.7981422320062284,0.7552786651990658,0.8407507584096217,0.0241233929937716
llama-3-8b-instruct,sonnet,4,4042,17,last_question_token,7,8,131,33,187,0.8071625344352618,0.7089072543617998,0.8980945821854913,0.7723984100203037,0.7315314993279762,0.81180545626126,0.034764124414958
llama-3-8b-instruct,sonnet,0,42,19,last_question_token,7,8,137,34,180,0.8650519031141868,0.7862889273356402,0.9325475778546712,0.8000925925925926,0.7575895061728395,0.8433672839506173,0.0649593105215942
llama-3-8b-instruct,sonnet,1,1042,19,last_question_token,7,8,136,34,181,0.759515570934256,0.6548442906574394,0.8512543252595155,0.7689936204633558,0.727651017978694,0.8066985134763895,-0.0094780495290998
llama-3-8b-instruct,sonnet,2,2042,19,last_question_token,7,8,145,36,170,0.790895061728395,0.6673996913580247,0.882716049382716,0.7907612456747405,0.7508728373702424,0.8330493079584775,0.0001338160536544
llama-3-8b-instruct,sonnet,3,3042,19,last_question_token,7,8,126,32,193,0.8056640625,0.6884765625,0.9013671875,0.8014711804343742,0.7582995516658164,0.8430313565464846,0.0041928820656258
llama-3-8b-instruct,sonnet,4,4042,19,last_question_token,7,8,131,33,187,0.8034894398530763,0.7024563820018366,0.8953168044077136,0.7775172295461694,0.7385298407160629,0.819270639709457,0.0259722103069068
llama-3-8b-instruct,sonnet,0,42,21,last_question_token,7,8,137,34,180,0.8866782006920415,0.8036332179930796,0.9498269896193772,0.7991049382716049,0.7554868827160494,0.8410547839506173,0.0875732624204366
llama-3-8b-instruct,sonnet,1,1042,21,last_question_token,7,8,136,34,181,0.8019031141868513,0.6997837370242214,0.8858131487889274,0.7779066573059431,0.7376751320167272,0.816020573242575,0.0239964568809082
llama-3-8b-instruct,sonnet,2,2042,21,last_question_token,7,8,145,36,170,0.7924382716049382,0.6612654320987654,0.8858024691358024,0.7924913494809689,0.753977508650519,0.8338468858131486,-5.307787603070491e-05
llama-3-8b-instruct,sonnet,3,3042,21,last_question_token,7,8,126,32,193,0.83984375,0.7323974609375,0.924853515625,0.795860291551451,0.7526557759939864,0.8370701226878574,0.043983458448549
llama-3-8b-instruct,sonnet,4,4042,21,last_question_token,7,8,131,33,187,0.8099173553719008,0.7134986225895317,0.8962809917355371,0.7737996511195631,0.7335754525436816,0.8151813034401898,0.0361177042523377
llama-3-8b-instruct,sonnet,0,42,23,last_question_token,7,8,137,34,180,0.9247404844290658,0.8486159169550173,0.9783953287197232,0.8045061728395063,0.7632307098765433,0.8433425925925926,0.1202343115895594
llama-3-8b-instruct,sonnet,1,1042,23,last_question_token,7,8,136,34,181,0.7889273356401384,0.6850994809688581,0.8771626297577855,0.7743353377491529,0.7356895393913495,0.8134695216873722,0.0145919978909855
llama-3-8b-instruct,sonnet,2,2042,23,last_question_token,7,8,145,36,170,0.7924382716049383,0.6635416666666667,0.886593364197531,0.7826297577854672,0.7440432525951557,0.8258581314878892,0.0098085138194711
llama-3-8b-instruct,sonnet,3,3042,23,last_question_token,7,8,126,32,193,0.8359375,0.7392578125,0.9229248046875,0.8021960321082445,0.7593391768906548,0.8446407957260598,0.0337414678917554
llama-3-8b-instruct,sonnet,4,4042,23,last_question_token,7,8,131,33,187,0.8282828282828283,0.7309228650137741,0.9155417814508724,0.7811204209442649,0.7424547456318452,0.8205989590780406,0.0471624073385633
llama-3-8b-instruct,sonnet,0,42,25,last_question_token,7,8,137,34,180,0.908304498269896,0.8347534602076124,0.9645328719723184,0.8058024691358024,0.7630223765432099,0.8448541666666666,0.1025020291340936
llama-3-8b-instruct,sonnet,1,1042,25,last_question_token,7,8,136,34,181,0.7897923875432526,0.6920415224913495,0.875454152249135,0.7795244345410702,0.7403734623485241,0.8206480266170142,0.0102679530021824
llama-3-8b-instruct,sonnet,2,2042,25,last_question_token,7,8,145,36,170,0.7885802469135803,0.6550733024691358,0.8850694444444444,0.7827681660899655,0.7438365051903114,0.82619723183391,0.0058120808236148
llama-3-8b-instruct,sonnet,3,3042,25,last_question_token,7,8,126,32,193,0.837890625,0.7450439453125,0.923828125,0.8046390507127708,0.764221858304921,0.8451092646782463,0.0332515742872292
llama-3-8b-instruct,sonnet,4,4042,25,last_question_token,7,8,131,33,187,0.8420569329660239,0.7501836547291092,0.9302112029384756,0.7886413680688611,0.7501165317852955,0.8272855958134347,0.0534155648971628
llama-3-8b-instruct,sonnet,0,42,27,last_question_token,7,8,137,34,180,0.903114186851211,0.8217344290657439,0.9662629757785468,0.8002469135802469,0.757145061728395,0.840957561728395,0.1028672732709641
llama-3-8b-instruct,sonnet,1,1042,27,last_question_token,7,8,136,34,181,0.7820069204152249,0.6929065743944637,0.8685121107266437,0.7630108971032631,0.7205198254021551,0.8039849210952047,0.0189960233119618
llama-3-8b-instruct,sonnet,2,2042,27,last_question_token,7,8,145,36,170,0.7777777777777778,0.6427469135802469,0.882716049382716,0.7792387543252596,0.7384065743944637,0.8206410034602076,-0.0014609765474817
llama-3-8b-instruct,sonnet,3,3042,27,last_question_token,7,8,126,32,193,0.8427734375,0.7451171875,0.9296875,0.7959139842680341,0.7555605519611266,0.8367479663883595,0.0468594532319659
llama-3-8b-instruct,sonnet,4,4042,27,last_question_token,7,8,131,33,187,0.8264462809917354,0.7300275482093664,0.9118457300275482,0.7774314392747863,0.7362513940919101,0.8181560811004033,0.0490148417169491
llama-3-8b-instruct,sonnet,0,42,29,last_question_token,7,8,137,34,180,0.8814878892733565,0.7880406574394464,0.954152249134948,0.8013580246913581,0.7606342592592593,0.8411736111111111,0.0801298645819984
llama-3-8b-instruct,sonnet,1,1042,29,last_question_token,7,8,136,34,181,0.7577854671280276,0.6695501730103807,0.8486159169550173,0.7688409999694759,0.7274785568206098,0.8105392082048778,-0.0110555328414482
llama-3-8b-instruct,sonnet,2,2042,29,last_question_token,7,8,145,36,170,0.7862654320987655,0.6473765432098766,0.8881365740740742,0.7869896193771625,0.7454282006920415,0.8285519031141869,-0.0007241872783969
llama-3-8b-instruct,sonnet,3,3042,29,last_question_token,7,8,126,32,193,0.8349609375,0.7372314453125,0.9189697265625,0.7995113962790946,0.7601418830035707,0.8380654514215147,0.0354495412209053
llama-3-8b-instruct,sonnet,4,4042,29,last_question_token,7,8,131,33,187,0.8218549127640036,0.7272727272727273,0.9054866850321396,0.780233921473305,0.7385398495810575,0.8221789299093483,0.0416209912906986
llama-3-8b-instruct,sonnet,0,42,31,last_question_token,7,8,137,34,180,0.8927335640138407,0.8079368512110727,0.9576124567474048,0.800895061728395,0.7582345679012346,0.8436612654320987,0.0918385022854457
llama-3-8b-instruct,sonnet,1,1042,31,last_question_token,7,8,136,34,181,0.7707612456747405,0.6738754325259515,0.8633434256055363,0.7755563017001923,0.734576935990965,0.8167821495070358,-0.0047950560254518
llama-3-8b-instruct,sonnet,2,2042,31,last_question_token,7,8,145,36,170,0.7777777777777778,0.6319251543209876,0.8819444444444444,0.7892041522491349,0.7469429065743943,0.8313529411764706,-0.011426374471357
llama-3-8b-instruct,sonnet,3,3042,31,last_question_token,7,8,126,32,193,0.837890625,0.7411376953125,0.9258056640625,0.8045853579961878,0.7666138688286934,0.843919971005933,0.0333052670038122
llama-3-8b-instruct,sonnet,4,4042,31,last_question_token,7,8,131,33,187,0.8282828282828283,0.7344811753902662,0.9109504132231404,0.7892704967256712,0.7486244959821556,0.8283236580971719,0.0390123315571571
llama-3-8b-instruct,sonnet,0,42,1,first_answer_token,7,8,137,34,180,0.823529411764706,0.7153546712802769,0.9117647058823528,0.7095370370370371,0.6614799382716048,0.7571682098765432,0.1139923747276688
llama-3-8b-instruct,sonnet,1,1042,1,first_answer_token,7,8,136,34,181,0.7448096885813148,0.6522491349480969,0.8356617647058824,0.6967736027593785,0.6519901712401941,0.739983516986661,0.0480360858219363
llama-3-8b-instruct,sonnet,2,2042,1,first_answer_token,7,8,145,36,170,0.6612654320987654,0.5439814814814815,0.7654320987654321,0.7544982698961937,0.707817474048443,0.7988330449826989,-0.0932328377974283
llama-3-8b-instruct,sonnet,3,3042,1,first_answer_token,7,8,126,32,193,0.818359375,0.7021240234375,0.91796875,0.7311874144272329,0.6909420387124486,0.7767228650433567,0.0871719605727671
llama-3-8b-instruct,sonnet,4,4042,1,first_answer_token,7,8,131,33,187,0.6483011937557391,0.5490817263544536,0.7456611570247933,0.7237839229031428,0.677194086190626,0.7677671652034659,-0.0754827291474036
llama-3-8b-instruct,sonnet,0,42,3,first_answer_token,7,8,137,34,180,0.819204152249135,0.7144896193771627,0.9014489619377164,0.7619753086419752,0.7181604938271605,0.8076604938271605,0.0572288436071598
llama-3-8b-instruct,sonnet,1,1042,3,first_answer_token,7,8,136,34,181,0.763840830449827,0.6470588235294118,0.8633434256055363,0.7447269619364488,0.6970048228076067,0.7861519794878056,0.0191138685133781
llama-3-8b-instruct,sonnet,2,2042,3,first_answer_token,7,8,145,36,170,0.691358024691358,0.5701774691358025,0.8009452160493826,0.7600692041522492,0.7115363321799307,0.8055025951557094,-0.0687111794608912
llama-3-8b-instruct,sonnet,3,3042,3,first_answer_token,7,8,126,32,193,0.818359375,0.7099365234375,0.908203125,0.7482616983006255,0.7068303847083143,0.7939830599479182,0.0700976766993745
llama-3-8b-instruct,sonnet,4,4042,3,first_answer_token,7,8,131,33,187,0.7245179063360881,0.6225436179981634,0.8209366391184574,0.757099144956962,0.7137049958534704,0.7979689153250021,-0.0325812386208738
llama-3-8b-instruct,sonnet,0,42,5,first_answer_token,7,8,137,34,180,0.8832179930795848,0.7923226643598618,0.9524437716262976,0.7727469135802469,0.7301203703703703,0.8134614197530864,0.1104710794993378
llama-3-8b-instruct,sonnet,1,1042,5,first_answer_token,7,8,136,34,181,0.8044982698961938,0.703265570934256,0.8866782006920415,0.7363023106742774,0.6869936815115533,0.7823097585543787,0.0681959592219163
llama-3-8b-instruct,sonnet,2,2042,5,first_answer_token,7,8,145,36,170,0.7584876543209876,0.6288387345679012,0.8618827160493827,0.7870588235294118,0.7399126297577854,0.826415224913495,-0.0285711692084241
llama-3-8b-instruct,sonnet,3,3042,5,first_answer_token,7,8,126,32,193,0.833984375,0.7372802734375,0.916015625,0.7508121023383179,0.7117996456280705,0.7944810598942252,0.0831722726616821
llama-3-8b-instruct,sonnet,4,4042,5,first_answer_token,7,8,131,33,187,0.7933884297520662,0.7097796143250688,0.8797061524334251,0.7432583145071349,0.6981776716520346,0.7872472761588836,0.0501301152449313
llama-3-8b-instruct,sonnet,0,42,7,first_answer_token,7,8,137,34,180,0.8166089965397924,0.7102076124567474,0.9057093425605536,0.7658024691358025,0.7241041666666667,0.8071003086419755,0.0508065274039898
llama-3-8b-instruct,sonnet,1,1042,7,first_answer_token,7,8,136,34,181,0.7673010380622838,0.6600129757785467,0.8598615916955017,0.738835810872684,0.6934708952718172,0.7828523244101219,0.0284652271895997
llama-3-8b-instruct,sonnet,2,2042,7,first_answer_token,7,8,145,36,170,0.7770061728395062,0.6682098765432098,0.871141975308642,0.7662629757785469,0.7200605536332181,0.805886678200692,0.0107431970609593
llama-3-8b-instruct,sonnet,3,3042,7,first_answer_token,7,8,126,32,193,0.8720703125,0.7890380859375,0.9482421875,0.7346237482885445,0.692960213697012,0.7800820156245806,0.1374465642114555
llama-3-8b-instruct,sonnet,4,4042,7,first_answer_token,7,8,131,33,187,0.768595041322314,0.682277318640955,0.8521808999081727,0.7267007921301724,0.6862749864165404,0.7702400697760875,0.0418942491921416
llama-3-8b-instruct,sonnet,0,42,9,first_answer_token,7,8,137,34,180,0.8252595155709342,0.7153762975778546,0.9108996539792388,0.7822530864197532,0.7430632716049382,0.8255023148148147,0.043006429151181
llama-3-8b-instruct,sonnet,1,1042,9,first_answer_token,7,8,136,34,181,0.745674740484429,0.6254108996539793,0.8460207612456747,0.7540978602606758,0.7126446079179513,0.793816580690455,-0.0084231197762467
llama-3-8b-instruct,sonnet,2,2042,9,first_answer_token,7,8,145,36,170,0.763888888888889,0.6365547839506172,0.8680555555555556,0.786955017301038,0.7418823529411765,0.8262750865051902,-0.023066128412149
llama-3-8b-instruct,sonnet,3,3042,9,first_answer_token,7,8,126,32,193,0.818359375,0.71484375,0.91796875,0.7448522107976053,0.6991811860721093,0.7898950307390802,0.0735071642023946
llama-3-8b-instruct,sonnet,4,4042,9,first_answer_token,7,8,131,33,187,0.7851239669421488,0.6969467401285583,0.8659320477502296,0.7581858217278161,0.7153729017129459,0.7995660442105864,0.0269381452143326
llama-3-8b-instruct,sonnet,0,42,11,first_answer_token,7,8,137,34,180,0.8347750865051903,0.7214316608996539,0.923053633217993,0.7833333333333333,0.7433533950617285,0.827037037037037,0.0514417531718569
llama-3-8b-instruct,sonnet,1,1042,11,first_answer_token,7,8,136,34,181,0.7698961937716262,0.6513624567474048,0.8633217993079585,0.7840114770611397,0.7421598852293886,0.8214088397790056,-0.0141152832895135
llama-3-8b-instruct,sonnet,2,2042,11,first_answer_token,7,8,145,36,170,0.779320987654321,0.6681134259259259,0.8773148148148148,0.7988581314878892,0.7532655709342562,0.837961937716263,-0.0195371438335681
llama-3-8b-instruct,sonnet,3,3042,11,first_answer_token,7,8,126,32,193,0.810546875,0.7099365234375,0.90625,0.759832478724261,0.7142728663856748,0.8027651749040242,0.050714396275739
llama-3-8b-instruct,sonnet,4,4042,11,first_answer_token,7,8,131,33,187,0.8163452708907253,0.7318640955004592,0.8916666666666667,0.7634476250393205,0.7217892990934828,0.8049458091452429,0.0528976458514047
llama-3-8b-instruct,sonnet,0,42,13,first_answer_token,7,8,137,34,180,0.8598615916955018,0.7404628027681661,0.9411764705882352,0.7881172839506174,0.7479490740740741,0.8323518518518518,0.0717443077448843
llama-3-8b-instruct,sonnet,1,1042,13,first_answer_token,7,8,136,34,181,0.7430795847750865,0.6279844290657439,0.8399653979238755,0.7739385244650652,0.7327561734989775,0.8123103690363542,-0.0308589396899786
llama-3-8b-instruct,sonnet,2,2042,13,first_answer_token,7,8,145,36,170,0.7584876543209876,0.6404320987654322,0.853414351851852,0.7691695501730104,0.7274394463667821,0.8117076124567475,-0.0106818958520227
llama-3-8b-instruct,sonnet,3,3042,13,first_answer_token,7,8,126,32,193,0.8193359375,0.7177734375,0.916015625,0.7704099438911112,0.72578928293377,0.8140379607506243,0.0489259936088888
llama-3-8b-instruct,sonnet,4,4042,13,first_answer_token,7,8,131,33,187,0.8016528925619835,0.7042929292929293,0.8925849403122131,0.7863536274986416,0.7455117389688009,0.8276809459807258,0.0152992650633418
llama-3-8b-instruct,sonnet,0,42,15,first_answer_token,7,8,137,34,180,0.8823529411764706,0.7828070934256055,0.9498269896193772,0.8100925925925927,0.769557098765432,0.8495547839506173,0.0722603485838778
llama-3-8b-instruct,sonnet,1,1042,15,first_answer_token,7,8,136,34,181,0.7491349480968859,0.6453287197231834,0.8408520761245675,0.7835536155795002,0.7427520527456427,0.8245574005677483,-0.0344186674826143
llama-3-8b-instruct,sonnet,2,2042,15,first_answer_token,7,8,145,36,170,0.7839506172839507,0.6674382716049383,0.8742283950617283,0.7929411764705881,0.7503053633217993,0.8326375432525951,-0.0089905591866374
llama-3-8b-instruct,sonnet,3,3042,15,first_answer_token,7,8,126,32,193,0.8291015625,0.7275390625,0.9189697265625,0.7889607774705362,0.7453575934924428,0.8314860801632258,0.0401407850294638
llama-3-8b-instruct,sonnet,4,4042,15,first_answer_token,7,8,131,33,187,0.8365472910927457,0.7290863177226814,0.9238062442607896,0.7977923303497383,0.753346535502874,0.8375718493522835,0.0387549607430074
llama-3-8b-instruct,sonnet,0,42,17,first_answer_token,7,8,137,34,180,0.9186851211072664,0.8321799307958478,0.9731833910034602,0.8122530864197531,0.7710046296296297,0.8528101851851853,0.1064320346875132
llama-3-8b-instruct,sonnet,1,1042,17,first_answer_token,7,8,136,34,181,0.7629757785467128,0.642711937716263,0.8589965397923875,0.7697261988339794,0.7268001587253137,0.8109375476939044,-0.0067504202872665
llama-3-8b-instruct,sonnet,2,2042,17,first_answer_token,7,8,145,36,170,0.7739197530864198,0.6566358024691358,0.8626543209876543,0.8084429065743945,0.7661167820069206,0.8472318339100345,-0.0345231534879747
llama-3-8b-instruct,sonnet,3,3042,17,first_answer_token,7,8,126,32,193,0.82421875,0.7206787109375,0.916015625,0.8005852506107547,0.7586445273698623,0.8409091519235415,0.0236334993892453
llama-3-8b-instruct,sonnet,4,4042,17,first_answer_token,7,8,131,33,187,0.7796143250688705,0.6693526170798898,0.8778696051423324,0.7766307300752096,0.734582058394578,0.8177700248791786,0.0029835949936609
llama-3-8b-instruct,sonnet,0,42,19,first_answer_token,7,8,137,34,180,0.9186851211072664,0.8338667820069204,0.9740484429065744,0.8188888888888889,0.7754305555555554,0.8595077160493827,0.0997962322183775
llama-3-8b-instruct,sonnet,1,1042,19,first_answer_token,7,8,136,34,181,0.7647058823529411,0.6479238754325259,0.8607266435986158,0.776136259576936,0.7357139586703703,0.8150583010286621,-0.0114303772239948
llama-3-8b-instruct,sonnet,2,2042,19,first_answer_token,7,8,145,36,170,0.7978395061728395,0.6743634259259259,0.8873456790123456,0.8163667820069204,0.7733460207612457,0.8559636678200693,-0.0185272758340808
llama-3-8b-instruct,sonnet,3,3042,19,first_answer_token,7,8,126,32,193,0.8212890625,0.7177490234375,0.9043212890625,0.7985180810223094,0.755833042497785,0.839889661467422,0.0227709814776906
llama-3-8b-instruct,sonnet,4,4042,19,first_answer_token,7,8,131,33,187,0.7704315886134068,0.661111111111111,0.8677685950413223,0.7812920014870315,0.7417419714604364,0.8199605364751638,-0.0108604128736247
llama-3-8b-instruct,sonnet,0,42,21,first_answer_token,7,8,137,34,180,0.9039792387543252,0.8226427335640137,0.967993079584775,0.8238888888888889,0.7826118827160493,0.8630555555555556,0.0800903498654364
llama-3-8b-instruct,sonnet,1,1042,21,first_answer_token,7,8,136,34,181,0.7664359861591695,0.6573529411764706,0.8581531141868511,0.7677421324135405,0.7265185739141052,0.8076096578248528,-0.0013061462543709
llama-3-8b-instruct,sonnet,2,2042,21,first_answer_token,7,8,145,36,170,0.8047839506172839,0.6882523148148149,0.890451388888889,0.8151557093425607,0.7721764705882352,0.8522949826989619,-0.0103717587252767
llama-3-8b-instruct,sonnet,3,3042,21,first_answer_token,7,8,126,32,193,0.8154296875,0.7119140625,0.9013671875,0.8002630943112568,0.7587854707508928,0.8412615103761174,0.0151665931887432
llama-3-8b-instruct,sonnet,4,4042,21,first_answer_token,7,8,131,33,187,0.7667584940312213,0.6556473829201103,0.8742194674012856,0.7991077811776145,0.7579556178329377,0.8383475363893734,-0.0323492871463931
llama-3-8b-instruct,sonnet,0,42,23,first_answer_token,7,8,137,34,180,0.916089965397924,0.833044982698962,0.9757785467128028,0.8191666666666666,0.778449074074074,0.8600038580246913,0.0969232987312572
llama-3-8b-instruct,sonnet,1,1042,23,first_answer_token,7,8,136,34,181,0.7681660899653979,0.6703719723183391,0.8581747404844291,0.7602332041146486,0.718220597661854,0.8006822136076431,0.0079328858507493
llama-3-8b-instruct,sonnet,2,2042,23,first_answer_token,7,8,145,36,170,0.7908950617283951,0.6727816358024691,0.8796489197530865,0.8067474048442906,0.7652214532871973,0.8461297577854672,-0.0158523431158955
llama-3-8b-instruct,sonnet,3,3042,23,first_answer_token,7,8,126,32,193,0.8291015625,0.7197021484375,0.91796875,0.8007731751187951,0.7592062874171118,0.8431662594968993,0.0283283873812049
llama-3-8b-instruct,sonnet,4,4042,23,first_answer_token,7,8,131,33,187,0.7667584940312213,0.6565656565656566,0.8733011937557392,0.784666418828105,0.7422831650890789,0.8254761360061771,-0.0179079247968836
llama-3-8b-instruct,sonnet,0,42,25,first_answer_token,7,8,137,34,180,0.9022491349480968,0.8192041522491349,0.9654195501730104,0.8202469135802469,0.7796774691358025,0.8598549382716049,0.0820022213678498
llama-3-8b-instruct,sonnet,1,1042,25,first_answer_token,7,8,136,34,181,0.7785467128027682,0.6703935986159169,0.8693771626297577,0.7692683373523398,0.7291405939989621,0.8086451878758281,0.0092783754504284
llama-3-8b-instruct,sonnet,2,2042,25,first_answer_token,7,8,145,36,170,0.7885802469135803,0.6666473765432098,0.8796489197530866,0.8081314878892734,0.7658304498269897,0.845615051903114,-0.019551240975693
llama-3-8b-instruct,sonnet,3,3042,25,first_answer_token,7,8,126,32,193,0.8125,0.7079833984375,0.9052734375,0.8045585116378963,0.7645520685119064,0.8459361325136244,0.0079414883621037
llama-3-8b-instruct,sonnet,4,4042,25,first_answer_token,7,8,131,33,187,0.7970615243342517,0.6877869605142333,0.894398530762167,0.7855815150561927,0.7462009208155794,0.8220438102319196,0.011480009278059
llama-3-8b-instruct,sonnet,0,42,27,first_answer_token,7,8,137,34,180,0.8910034602076125,0.8088235294117647,0.95503892733564,0.817932098765432,0.7762584876543209,0.8576882716049383,0.0730713614421804
llama-3-8b-instruct,sonnet,1,1042,27,first_answer_token,7,8,136,34,181,0.7854671280276817,0.6919982698961937,0.876340830449827,0.7731143737981137,0.7329049784805104,0.810507157901163,0.012352754229568
llama-3-8b-instruct,sonnet,2,2042,27,first_answer_token,7,8,145,36,170,0.7870370370370371,0.6596836419753086,0.8819637345679013,0.8175086505190311,0.7750354671280276,0.8559178200692041,-0.030471613481994
llama-3-8b-instruct,sonnet,3,3042,27,first_answer_token,7,8,126,32,193,0.8291015625,0.71484375,0.9258056640625,0.7988670836800988,0.7553712851351715,0.8394339445354237,0.0302344788199011
llama-3-8b-instruct,sonnet,4,4042,27,first_answer_token,7,8,131,33,187,0.8402203856749312,0.7309228650137741,0.9274563820018366,0.7993651519917642,0.7605872344076182,0.8367990219909062,0.040855233683167
llama-3-8b-instruct,sonnet,0,42,29,first_answer_token,7,8,137,34,180,0.916089965397924,0.833023356401384,0.9749134948096886,0.8127160493827161,0.7679922839506172,0.852346450617284,0.1033739160152077
llama-3-8b-instruct,sonnet,1,1042,29,first_answer_token,7,8,136,34,181,0.7794117647058825,0.6799091695501729,0.8719723183391003,0.7841030493574677,0.7438364213546594,0.8191347944201949,-0.0046912846515851
llama-3-8b-instruct,sonnet,2,2042,29,first_answer_token,7,8,145,36,170,0.7955246913580247,0.6705054012345679,0.8881172839506173,0.8055017301038062,0.7647249134948096,0.8414541522491349,-0.0099770387457814
llama-3-8b-instruct,sonnet,3,3042,29,first_answer_token,7,8,126,32,193,0.84375,0.740234375,0.931689453125,0.7834035813041962,0.7401366479637037,0.8263611103653788,0.0603464186958038
llama-3-8b-instruct,sonnet,4,4042,29,first_answer_token,7,8,131,33,187,0.8530762167125803,0.7437786960514233,0.945821854912764,0.7980782979210157,0.7570398066859219,0.8342167348222712,0.0549979187915645
llama-3-8b-instruct,sonnet,0,42,31,first_answer_token,7,8,137,34,180,0.8901384083044982,0.8079584775086506,0.9558823529411764,0.8056481481481482,0.7625671296296297,0.8474120370370372,0.0844902601563499
llama-3-8b-instruct,sonnet,1,1042,31,first_answer_token,7,8,136,34,181,0.7768166089965398,0.6833693771626297,0.8694204152249134,0.7800738683190378,0.7382482219712462,0.8186654864015139,-0.0032572593224979
llama-3-8b-instruct,sonnet,2,2042,31,first_answer_token,7,8,145,36,170,0.7901234567901233,0.6619791666666667,0.8873456790123457,0.8143252595155709,0.773538062283737,0.8511124567474048,-0.0242018027254475
llama-3-8b-instruct,sonnet,3,3042,31,first_answer_token,7,8,126,32,193,0.861328125,0.7636474609375,0.9424072265625,0.7889607774705363,0.7465072887862761,0.8280396789175547,0.0723673475294637
llama-3-8b-instruct,sonnet,4,4042,31,first_answer_token,7,8,131,33,187,0.8383838383838385,0.7290863177226814,0.929315886134068,0.7999656838914466,0.7566415968429181,0.8398438617060824,0.0384181544923918
